{"title":"本科招生相关信息","grey":true,"author":"Mr.Hope","time":"2022年6月18日","shareable":true,"content":[{"tag":"action","header":"2022 本科招生计划","content":"http://bkzsw.nenu.edu.cn/col_000018_000171.html"},{"tag":"action","header":"本科往年分数线","content":"http://bkzsw.nenu.edu.cn/col_000018_000170.html"},{"tag":"text","type":"tip","text":["目前 2022 年本科招生指南暂未公布。"]},{"tag":"action","header":"2021 本科招生指南","content":"https://m-ebook.eol.cn/ebook/3117"},{"tag":"action","header":"2021 录取通知书查询","content":"http://bkzsw.nenu.edu.cn/col_000018_000169.html"}],"cite":[],"id":"intro/enroll/under/info"}