{"title":"毕业材料及办理相关部门","author":"Mr.Hope","time":"2021年8月15日","shareable":true,"content":[{"tag":"text","type":"info","heading":"就业推荐表","text":["登录东北高师就业联盟网最新公告栏目下载"]},{"tag":"text","type":"info","heading":"就业协议书","text":["学生就业指导中心统一发放到院系(除定向、升学、出国)，毕业生从院系领取。"]},{"tag":"text","type":"info","heading":"推荐信","text":["院系党总支"]},{"tag":"text","type":"info","heading":"成绩单","text":["院系统一办理，本科生到教务处；研究生到研究生院培养处"]},{"tag":"text","type":"info","heading":"出国事宜","text":["本科到教务处，研究生到研究生院管理处，需将相关材料报就业指导中心"]},{"tag":"text","type":"info","heading":"报到证","text":["即派遣证，学校根据就业协议书编制就业计划上报教育部，每年6月中下旬前往吉林省高等学校毕业生就业指导中心(省就业中心)打印报到证，在毕业生离校前统一发放到院系。"]},{"tag":"text","type":"info","heading":"户口迁移证","text":["保卫处户籍科"]},{"tag":"text","type":"info","heading":"毕业体检","text":["校医院"]},{"tag":"text","type":"info","heading":"组织关系","text":["毕业生需到院系办理组织关系转移"]},{"tag":"text","type":"info","heading":"思想鉴定","text":["由院系出具"]},{"tag":"text","type":"info","heading":"档案转寄","text":["毕业两周后档案馆统一由机要转寄"]},{"tag":"text","type":"info","heading":"婚育证明","text":["研究生到研究生院学籍管理处填写相关表格后到校医院计生办办理。"]}],"id":"guide/job/apartment","scopeData":{"@type":"general","uniq_id":"guide/job/apartment","title":"毕业材料及办理相关部门","digest":"就业推荐表 登录东北高师就业联盟网最新公告栏目下载就业协议书 学生就业指导中心统一发放到院系(除定向、升学、出国)，毕业生从院系领取。推荐信 院系党总支成绩单 院系统一办理，本科生到教务处；研究生到研究生院培养处出国事宜 本科到教务处，研究","thumbs":["https://mp.innenu.com/img/inNENU.jpg"],"tags":[]}}