{"title":"供电时间","author":"Mr.Hope","time":"2022 年 7 月 23 日","shareable":true,"content":[{"tag":"title","text":"本部校区供电时间"},{"tag":"ul","heading":"平时供电时间","text":["早: 06:00 — 08:00","中: 12:00 — 13:30","晚: 15:30 — 23:00"]},{"tag":"text","type":"tip","text":["体育公寓早 5:00 供电。"]},{"tag":"ul","heading":"周末供电时间","text":["06:00 — 23:00"]},{"tag":"text","type":"tip","text":["体育公寓早 5:00 供电。"]},{"tag":"title","text":"净月校区供电时间"},{"tag":"ul","heading":"平时供电时间","text":["早: 06:00 — 08:00","中: 12:00 — 13:00","晚: 15:30 — 23:00"]},{"tag":"text","heading":"周末供电时间","text":["6:00 — 23:00"]},{"tag":"title","text":"研究生供电时间"},{"tag":"text","text":["研究生宿舍全天供电。(别气 QAQ)"]}],"cite":[],"id":"guide/dorm/electricity/time"}