{"title":"红烛志愿者协会","desc":"来源: 校团委官网","time":"2021年11月22日","shareable":true,"content":[["account",{"name":"红烛","logo":"https://mp.innenu.com/img/organization/hongZhu.png","desc":"东北师范大学红烛志愿者协会","qq":2256715009,"wxid":"zhiyuandongshi","wxcode":"https://mp.innenu.com/img/media/zhiyuandongshi-qrcode.jpg","account":"zhiyuandongshi","mail":"dongshihongzhu@163.com"}],["p",{"heading":" ","text":["东北师范大学红烛志愿者协会成立于1994年1月，是由志愿从事社会公益、保障事业的东师青年组成的学生群众性志愿服务组织，是校团委指导下的，由各学院(部)红烛组成的全校性学生组织，是中青志协单位会员、吉青志协常务理事单位。目前，协会共有22个分会，年平均注册志愿者8000余人，年平均活动次数约564次，总服务时数约3470万小时。协会先后被授予国家级奖项34项、省级奖项30项、市级奖励近百项。连续6年在中国青年志愿服务项目大赛和中国青年志愿服务公益创业赛上斩获金奖3项、银奖4项、铜奖1项，获得光明网、人民网等多家媒体长期关注，曾被中央电视台《新闻联播》、《吉林新闻联播》等主流媒体连续报道。作为全国首批高校青年志愿者组织之一和全国首个实行商标注册的学生志愿服务团体，东北师范大学红烛志愿者协会在全国志愿服务工作领域中具有良好的口碑与影响力，是我国青年志愿服务组织的优秀典型。"],"style":"text-indent: 1.5em; "}],["title",{"text":"严格管理聚力量"}],["text",{"heading":"“1-2-3”组织内部管理模式","text":["红烛志愿者协会积极加强组织内部建设，形成了“1-2-3”组织内部管理模式。"]}],["ul",{"text":["“1”即打造一支优秀的志愿服务管理队伍，志愿服务管理者纳新制度化、正规化，培训常态化、实效化；","“2”即两级管理体系，协会已形成校、院两级志愿者工作管理体系，志愿者工作资源配置优势互补，高度整合；","“3”即建成完善的“纳新培训、考核评价、激励保障”的协会内部科学运行机制。"]}],["p",{"heading":"五位一体的志愿者管理体系","text":["红烛志愿者协会建立健全了“招募、培训、管理、保障、评价”五位一体的志愿者管理体系，全校下设22个分会，每年完成8000余名志愿者的注册、培训、考核与表彰工作，促进了志愿服务组织化、日常化、科学化发展。"],"style":"text-indent: 1.5em; "}],["p",{"heading":"信息化和扁平化的组织动员模式","text":["红烛志愿者协会先后多次参与暑期社会实践与调研活动，发表志愿服务理论研究论文，建设“志愿东师”网络平台，构建信息化、扁平化志愿服务组织动员模式。"],"style":"text-indent: 1.5em; "}],["title",{"text":"特色项目创品牌"}],["p",{"text":["东北师范大学红烛志愿者协会始终恪守“奉献、友爱、互助、进步”的原则，红烛人探索形成了“支教助学、社区服务、赛会服务、环境保护、帮贫济困、互帮互助”等长期坚持的品牌服务项目。"],"style":"text-indent: 1.5em; "}],["p",{"heading":"互帮互助共建和谐校园，帮贫济困担当社会责任","text":["红烛志愿者立足于大学生的成长需要，长期以来开展丰富多彩的心理疏导、英语互助、捐赠义卖、图书漂流等活动，增进校友情谊，共建和谐校园。校园和谐只是社会和谐的一个缩影，所以红烛人也谨记自己的社会使命，积极投身于帮贫济困、助残扶残的活动中去，担当社会责任。","2014年红烛志愿者协会与长春市18所特殊儿童学校建立了志愿服务关系，为1000余名自闭症儿童提供心灵陪伴、特长教学与课堂辅助，成为了全国此项活动的领军者，受到了教育部和团中央相关领导的高度重视。与吉林大学第一医院发育行为儿科、社会工作部联合共建全国首家特殊儿童幼儿园，建园至今，已有两名儿童顺利进入普幼学习，得到了吉林大学第一医院等社会各界的高度认可。与此同时，积极开拓红小烛学手语、手语点歌台、手语风采大赛等多项手语板块新活动，联动全校甚至周边高校开展手语活动。"],"style":"text-indent: 1.5em; "}],["p",{"heading":"支教助学助力梦想启航，邻里守望共建和谐社区","text":["我们本着“先占领阵地，再做精品牌”的发展战略，持续开展关怀社区、慰问老人、义务家教等日常及专项关爱活动；开展社区招标结对会，为社区提供专业、针对性服务；形成社区文字材料，充分整合社区资源、了解社区需求，把握重点节日对相关社区群体开展服务；开拓新社区，把握社区动向，创新活动形式，致力于社区服务体系化、系统化、成熟化。","协会现已建立8个爱心学校服务基地，每年有200余名志愿者参与到支教助学的活动中去，人平均年服务时数超过100个小时，为留守、学困儿童，农民工子女带去了知识与希望。同时协会与25个社区建立了志愿服务合作关系，积极开展社区环保、科普宣讲、关爱空巢老人等多项活动，年服务时数超过68000小时，成立10个社区学院，开设老年课堂、放学来吧，社区开讲啦等课后辅导站，每年开展24000个小时的社区学院教学活动。"],"style":"text-indent: 1.5em; "}],["p",{"heading":"赛会服务尽展志愿风采，环境保护共建绿色家园","text":["红烛志愿者积极投身于亚洲冬季运动会、东北亚投资贸易博览会、全国冬季特奥会、农博会、汽博会、国际森林徒步节、长春国际马拉松等大型赛会服务之中，为赛会的顺利举办贡献力量。2007年，在第六届亚洲冬季运动会上，红烛人用自己的微笑和热情向世界递上了一枚最美丽的城市名片，并且受到了胡锦涛总书记的亲切接见。","红烛志愿者协会切合时代发展要求，积极投入到环保宣传中去，开展“走进吉林生态”、“走进吉林中小企业”、“节水宣传校园行”、“绿色出行周”、“净月潭环保行”“绿植领养”等活动，为环境保护积极贡献力量。与此同时，顺利举办环保公益项目大赛，并切实跟进实践结果。"],"style":"text-indent: 1.5em; "}],["p",{"heading":"小梦想＋项目开展，助力支教助学联合会建设","text":["东北师范大学支教助学联合会是由在校大学生自发组织的公益支教团汇聚而成。至今，支教助学联合会已走遍江西、甘肃、河南、内蒙古、云南、四川、广西等22个省份，共建立122个支教助学基地，年均受益人数11696人，年均志愿服务时数168000余小时，年均创造社会价值6843万余元，已成为集教学、筑梦、助人、调研于一体，多方位、重持续、创特色的支教助学团队。","26年间，16万东师学子奔赴全国各地进行支教助学活动，小梦想家在全国各地生根发芽。师资力量筑梦乡村，德智美三育并进，打造国学育苗、七彩艺术、心愿帮扶等身心合一的特色课程，在“七彩假期”项目基础上，进一步坚持“一对一”立体帮扶，艺术和运动、素质与实践相契合的理念使得传统文化和课业辅导双向并轨。"],"style":"text-indent: 1.5em; "}],["title",{"text":"二十六载风雨兼程，红烛人志愿永青春"}],["p",{"text":["二十六年来，红烛人不忘初心，砥砺前行。于2002年被团中央授予“中国十大杰出志愿服务集体”称号；先后两次被团中央授予“中国百个优秀志愿服务集体”称号；被中宣部、中央文明办、解放军总政治部、共青团中央授予“全国学习雷锋志愿服务先进集体”，使我校成为全国获此殊荣的两所高校之一；被国务院评为“全国扶残助残先进集体”，更使我校成为全国唯一一所获此殊荣的高校；2015年，我校红烛志愿者协会被全国文明委授予“全国志愿服务示范团队”称号，作为两家高校志愿服务组织获奖单位之一，与华中农业大学本禹志愿服务队齐名。","2014年至今，在中国青年志愿服务项目大赛和中国青年志愿服务公益创业赛中屡获佳绩，“盐治有茶”志愿服务项目、“小梦想+”万名大学生支教助学志愿服务项目、“园丁魔法师”志愿服务项目斩获金奖，“仲夏的希望”关爱农民工子女志愿服务项目，“我们都是笨小孩”关爱自闭症儿童志愿服务项目、“盐中极水”志愿服务项目获银奖，“村长参赞团”志愿服务项目获铜奖。其中“小梦想+”万名大学生支教助学志愿服务项目被评为首批全国青年志愿服务优秀入库项目，“社区子弟兵”邻里守望与为老服务志愿服务项目于2019年入选“全国青年志愿服务优秀项目库”。","岁月缝花，二十六载光阴辗转成诗，山水一程，十六万红烛人奉献无声。每一个东师人都在诠释着一种红烛精神，每一个红烛人都在展示着一张东师名片。那是一种情系家国的信仰，那是一份桃李不言的师德，那是一份守望相助的情怀，那是一份笃定前行的梦想。红烛人，唯有不忘东师初心，方得烛火燎原。红且贯日，我志一梦不改；烛火荧光，愿映三春繁花！"],"style":"text-indent: 1.5em; "}],["title",{"text":"其他联系方式"}],["copy",{"header":"微博","text":"https://weibo.com/RCVAofNENU"}]],"cite":[],"id":"guide/organization/hongzhu"}