{"title":"规章制度","grey":true,"author":"Mr.Hope","time":"2021年11月22日","shareable":true,"content":[{"tag":"list","header":"学校章程","content":[{"text":"东北师范大学章程","icon":"rule","path":"intro/about/public/rule"}]},{"tag":"doc","name":"东北师范大学学生管理规定","url":"https://mp.innenu.com/file/student/manage.pdf","icon":"pdf"},{"tag":"list","header":"校园管理","content":[{"text":"东北师范大学学生违纪惩处办法","icon":"rule","path":"intro/apartment/student/rule"},{"text":"常见犯错以及相关处罚规定","icon":"punish","path":"intro/apartment/student/punish"}]},{"tag":"list","header":"宿舍管理","content":[{"text":"东北师范大学学生公寓管理办法","icon":"rule","path":"intro/apartment/logistics/rule"},{"text":"常见违禁物品","icon":"ban","path":"guide/dorm/ban"}]},{"tag":"list","header":"学籍管理","content":[{"text":"本科学生学籍管理条例","icon":"plan","path":"intro/about/public/school-roll1"},{"text":"研究生学籍管理规定","icon":"plan","path":"intro/about/public/school-roll2"}]},{"tag":"list","header":"学术","content":[{"text":"东北师范大学研究生学术道德规范","icon":"rule","path":"intro/about/public/academic-ethics"}]}],"id":"guide/rule/index","scopeData":{"@type":"general","uniq_id":"guide/rule/index","title":"规章制度","digest":"","thumbs":["https://mp.innenu.com/img/inNENU.jpg"],"tags":["规章制度"]}}