{"title":"美术学师范专业","desc":"来源: 2021 年本科招生指南","time":"2022 年 6 月 27 日","shareable":true,"content":[{"tag":"title","text":"专业简介"},{"tag":"p","text":["本专业旨在培养适应我国基础美术教育发展需要，有理想、有信念，有正确的人生观，高尚的职业道德和依法执教意识，能够秉承东北师范大学“尊重的教育”“创造的教育”理念，系统掌握美术学科的基础知识、技能及相关教育理论；具有较强的美术创作能力、美术教育教学能力及班级管理能力，能够深入理解人类文化，承担美术教育和美术文化传播任务的中学美术卓越教师，并为其成为美术教育家奠定坚实的基础。","美术学(师范)为学院的传统优势专业，有着悠久的办学历史，在美术教育人才培养与理论研究等方面取得了较大的成就，为我国培养了大批知名的美术教育家和优秀的基础美术教育工作者。"],"style":"text-indent: 1.5em; "},{"tag":"title","text":"学费价格"},{"tag":"p","text":["美术学(师范)的学费均为 12000 元/年"],"style":"text-indent: 1.5em; "},{"tag":"title","text":"主干课程"},{"tag":"ul","text":["造型基础","形式语言","中国美术史","外国美术史","中国画语言实践课","油画语言实践课","水彩语言实践课","设计基础","专业教学实践课","艺术考察","美术课程与教学论"]},{"tag":"title","text":"就业方向"},{"tag":"text","text":["基础美术教育工作，或从事与美术学相关的工作。"]}],"cite":[],"id":"intro/school/art/art-normal"}