{"title":"美术学(普通方向)","time":"2021年8月15日","desc":"来源: 2021年本科招生指南","shareable":true,"content":[["title",{"text":"专业简介"}],["p",{"text":["本专业旨在具有求真向善的人文精神，高远的艺术理想，深厚的文化底蕴和开放的国际视野，全面掌握美术学专业的基本知识、理论、技能和方法，具有扎实造型能力、创造性思维能力以及独立开展美术创作和学术研究的能力，兼具思想深度和创新意识的高素质学者型美术创作人才。美术学(普通方向)为学院的传统优势专业方向，多年积累的丰富办学经验，在美术教育人才培养、美术创作与理论研究等方面取得了较大的成就，为我国培养了大批卓越的美术家、知名的专家学者和优秀的美术教育工作者。"],"style":"text-indent: 1.5em; "}],["title",{"text":"主干课程"}],["ul",{"text":["造型基础","形式语言","中国美术史","外国美术史等;油画全身像","素描全身像","写意山水临摹","工笔人物临摹","水彩技法实践","水彩人物写生","黑白木刻","铜版技法","图像经典解读"]}],["title",{"text":"详情"}],["p",{"text":["美术学(普通方向)下设油画、中国画、水彩画、版画、综合材料绘画5个专业方向，在大二开学进行专业的划分，","美术学(非师范)的学费均为 12000 元/年"],"style":"text-indent: 1.5em; "}],["list",{"header":"专业介绍","content":[{"text":"油画","path":"intro/school/art/paint"},{"text":"中国画","path":"intro/school/art/chinese"},{"text":"水彩","path":"intro/school/art/watercolor"},{"text":"版画","path":"intro/school/art/print"},{"text":"综合材料绘画"}]}],["title",{"text":"就业方向"}],["text",{"text":["从事与美术学相关的工作，基础美术教育工作。"]}]],"cite":[],"id":"intro/school/art/art"}