{"title":"中国画系介绍","desc":"来源: 美术学院官网\n内容更新于: 2019年05月22日","time":"2021年11月22日","shareable":true,"content":[["title",{"text":"专业介绍"}],["p",{"text":["东北师范大学美术学院中国画系成立于1974年，本系坚持立足传统、跟随时代的教学方针，抓住从传统到现代、从生活到艺术、从基本功到创造性这三个基本环节，形成了“传统、生活、创作三位一体”和“临摹、写生、创作紧密结合”的教学特色，培养了大批品学兼优的中国画专门人才。"],"style":"text-indent: 1.5em; "}],["title",{"text":"教师队伍"}],["p",{"text":["教授2人，副教授3人，讲师5人，助教1人。"],"style":"text-indent: 1.5em; "}],["title",{"text":"专业基础课程设置"}],["ul",{"text":["艺术概论","美学概论","中国视觉艺术史","外国视觉艺术史","透视","解剖","专业实践","艺术考察","书法","画论","素描","色彩","山水临摹","山水写生","山水创作","人物临摹","人物写生","人物创作","花鸟临摹","花鸟写生","花鸟创作"]}],["title",{"text":"教学理念"}],["p",{"text":["中国画系教学以中国画的基础理论和基础实践为本，传统课程旨在领悟中国意象美学的内涵，写生课程旨在体验中国艺术的创造精神，创作课程旨在传承中国文化的精神。培养学生掌握本学科的基础理论和基本技能，具备较高的鉴赏能力、广博的艺术修养、多元化的思维方式及健康的心理人格。"],"style":"text-indent: 1.5em; "}]],"cite":[],"id":"intro/school/art/chinese"}