{"title":"设计学类介绍","desc":"来源: 2022 年本科招生指南","time":"2022 年 7 月 14 日","id":"intro/school/art/design","cite":["https://book.eol.cn/books/cusm/mobile/index.html"],"content":[{"tag":"title","text":"专业简介"},{"tag":"p","text":["为艺术类专业，本专业旨在培养具有较高人文艺术素养的、具有宽厚艺术设计基础知识的、具有专业领域精深知识与技能的，具有较强创新能力和实践能力的知识型、实践型、创新型艺术设计专业人才。设计学类专业，自 1985 年创办以来，已有三十多年的办学历史，为国家培养了大批从事设计学类专业教学的师资人才与专业设计人才。专业注重课堂教学与社会实践紧密相结合，开放式办学是本专业的教学特色之一。","设计学类专业下设环境设计、视觉传达设计、视觉传达设计 (数字媒介设计) 、服装与服饰设计专业。设计学类专业为全日制四年。","设计学类专业采取大类招生，在大一上学期结束时进行专业分流。"]},{"tag":"list","header":"院系介绍","items":[{"text":"环境艺术设计","path":"intro/school/art/environment"},{"text":"视觉传达设计","path":"intro/school/art/visual"},{"text":"服装设计","path":"intro/school/art/fashion"},{"text":"数字媒体设计","path":"intro/school/art/media"}]},{"tag":"title","text":"学费价格"},{"tag":"text","text":["12000 元/年"]},{"tag":"title","text":"主干课程"},{"tag":"ul","text":["设计概论","外国设计简史","中国设计简史","艺术哲学","空间构成与设计表达","室内设计基础与实践","居住空间设计","景观设计基础与实践","文字与版式设计","传统纹饰研究","视觉识别设计","广告设计","数字媒介插画艺术","数字图像艺术基础","数字交互媒体艺术","服装立体裁剪","女装结构设计","服饰美学"]},{"tag":"title","text":"毕业去向"},{"tag":"text","text":["设计院所、文化出版等企事业单位及设计相关企业。"]}]}