{"title":"美术学院招生","author":"Mr.Hope","time":"2021年11月22日","shareable":true,"content":[["title",{"text":"本科招生情况"}],["p",{"text":["美术学院设有美术学(师范)、美术学(非师范)、设计学类、雕塑等四个专业。"],"style":"text-indent: 1.5em; "}],["text",{"heading":"专业介绍视频"}],["media",{"type":"video","src":"http://zsb.nenu.edu.cn/__local/3/2B/A8/EFAC87FF34B43020087E5E41285_6C2F4F91_DB5B6DE.mp4?e=.mp4"}],["list",{"header":"本科专业介绍","content":[{"text":"美术学(师范)","path":"intro/school/art/art-normal"},{"text":"美术学(非师范)","path":"intro/school/art/art"},{"text":"设计学类","path":"intro/school/art/design"},{"text":"雕塑","path":"intro/school/art/sculptue"}]}],["list",{"header":"其他院系介绍","content":[{"text":"综合实验艺术","path":"intro/school/art/experiment"}]}],["title",{"text":"硕士研究生招生概况"}],["img",{"src":"https://mp.innenu.com/img/enroll/art-master.png","desc":"2021 年招生情况"}],["phone",{"header":"硕士研究生招生咨询电话","fName":"志新","lName":"程","num":"0431-84537613","org":"东北师范大学美术学院","title":"硕士研究生招生负责人","street":"吉林省长春市净月大街 2555 号","postCode":"130117","mail":"chengzx977@nenu.edu.cn"}]],"cite":[],"id":"intro/school/art/enroll","images":["https://mp.innenu.com/img/enroll/art-master.png"]}