{"title":"版画系介绍","desc":"来源: 美术学院官网\n内容更新于: 2019 年 05 月 22 日","time":"2022 年 7 月 14 日","shareable":true,"content":[{"tag":"title","text":"专业介绍"},{"tag":"p","text":["1986 年东北师范大学美术系开设版画专业，师资由于敦厚、陈曦光、曹文汉三位在全国版画专业领域中具有影响力的教师组成。2006 年，东北师范大学美术学院在原版画研究室的基础上正式成立版画系，版画系设有木版实验室、铜版实验室、石版实验室、丝网版实验室及国际版画研究所。课程设置合理，在研究凸版、凹版、平版、孔版的四个传统版种课程同时，还开设了综合版等学科前沿课程。版画系师生的艺术作品多次参加各种重要的国家级展览并获奖。","版画系在教学方面力求科学、系统、完善，重视学生全面素质的培养与提高，重视严格的造型基本功训练与艺术修养知识面的拓宽，同时以培养学生的艺术创造能力和引导学生艺术个性的发展为重心。学生在进行写实基本功训练的同时，较早进入对画面结构的研究，从单纯的习作较早地过渡到创作，在习作阶段引入创造性思维、想象力的培养等教学内容与教学研究，课程内容注重形式分析与拓展版画概念，在教学中长期开设与版画有关的艺术讲座，共同研究艺术创作，鼓励学生参加综合性艺展，近年来学生成绩显著。版画系本着先进的教学理念，培养符合新时期需要的版画专业教育人才、知识型版画专业人才、版画艺术家。教学宗旨培养学生具有传递知识、创造知识、应用知识的能力及健康的心理人格，通过版画专业训练，掌握专业知识及技能，具备科学的思维方式和艺术的创新精神，获得独立艺术创作、艺术实践的科研能力。以适应时代变化需要的复合型专业人才和相关专业领域技术型人才。版画系现有的教师梯队创作经验丰富、在学术科研上保持着旺盛的创作精力。"],"style":";display: inline-block"},{"tag":"title","text":"学费价格"},{"tag":"text","text":["12000 元/年"]},{"tag":"title","text":"教师队伍"},{"tag":"p","text":["现有专业教师 5 名，其中教授 2 名、副教授 1 名、助教 2 名。","现有本科生 66 名、研究生 7 人。"],"style":";display: inline-block"}],"cite":[],"id":"intro/school/art/print"}