{"title":"净月洗衣店","author":"Mr.Hope","time":"2021年9月7日","shareable":true,"content":[{"tag":"text","type":"tip","text":["Mr.Hope 正在整理此信息并欢迎您的协助。","此处需包含洗衣店、干洗店等相关校内外店铺。"]},{"tag":"advanced-list","content":[{"text":"联系 Mr.Hope","icon":"contact","type":"button","openType":"contact","env":["wx"]},{"text":"联系 Mr.Hope","icon":"contact","type":"button","openType":"addFriend","openId":"868D7B2F0C609B4285698EAB77A47BA1","env":["qq"]}]}],"images":[],"id":"guide/life/washing/jingyue","scopeData":{"@type":"general","uniq_id":"guide/life/washing/jingyue","title":"净月洗衣店","digest":"Mr.Hope 正在整理此信息并欢迎您的协助。 此处需包含洗衣店、干洗店等相关校内外店铺。","thumbs":["https://mp.innenu.com/img/inNENU.jpg"],"tags":[]}}