{"title":"本科生缓考","author":"Mr.Hope","time":"2021年11月23日","shareable":true,"cite":["http://my.nenu.edu.cn/hallIndex/showAppDetail?appid=a830e4f1dd744f83b2b65511a42fe2cb"],"content":[{"tag":"title","text":"执行流程"},{"tag":"img","src":"https://mp.innenu.com/img/action/aftertake.jpg"},{"tag":"title","text":"相关内容"},{"tag":"list","header":false,"items":[{"text":"本科缓考申请","desc":"制作中","path":"guide/system/under/index"}]}],"id":"guide/action/under/aftertake"}