{"title":"本科生转专业流程","author":"Mr.Hope","time":"2022 年 6 月 27 日","shareable":true,"cite":["http://my.nenu.edu.cn/hallIndex/showAppDetail?appid=04367bd6f9da487abd916ba58e6c82ce"],"content":[{"tag":"title","text":"执行流程"},{"tag":"img","src":"https://mp.innenu.com/img/action/change-major.jpg"},{"tag":"title","text":"相关内容"},{"tag":"list","header":false,"items":[{"text":"转专业","icon":"degree","path":"guide/change-major/index"}]}],"id":"guide/action/under/change-major"}