{"title":"本科生转专业流程","author":"Mr.Hope","time":"2021年11月23日","shareable":true,"cite":["http://my.nenu.edu.cn/hallIndex/showAppDetail?appid=04367bd6f9da487abd916ba58e6c82ce"],"content":[["title",{"text":"执行流程"}],["img",{"src":"https://mp.innenu.com/img/action/change-major.jpg"}],["title",{"text":"相关内容"}],["list",{"header":false,"content":[{"text":"转专业","icon":"degree","path":"guide/change-major/index"}]}]],"id":"guide/action/under/change-major","images":["https://mp.innenu.com/img/action/change-major.jpg"]}