{"title":"本科补办学生证","author":"Mr.Hope","time":"2021年11月23日","shareable":true,"content":[{"tag":"text","text":["请通过本科教学服务系统进行办理。"]},{"tag":"action","header":"校内","content":"http://dsjx.nenu.edu.cn/ggxx/xj/xs_zjbl_list.jsp"},{"tag":"action","header":"校外","content":"https://dsjx.webvpn.nenu.edu.cn/ggxx/xj/xs_zjbl_list.jsp"},{"tag":"title","text":"收费标准"},{"tag":"text","text":["学生证补办收取工本费15元；学生证更换需持旧证，收取工本费5元。"]},{"tag":"title","text":"执行流程"},{"tag":"img","src":"https://mp.innenu.com/img/action/get-student-id.jpg"}],"cite":[],"id":"guide/action/under/student-id"}