{"title":"传媒科学学院","grey":true,"author":"Mr.Hope","time":"2021年11月22日","shareable":true,"content":[{"tag":"account","name":"传媒科学学院","logo":"https://mp.innenu.com/img/media/media.png","detail":"东师传媒","wxid":"nenu_media","wxcode":"https://mp.innenu.com/img/media/media-wechat.jpg","account":"media","location":{"latitude":43.82637,"longitude":125.42704},"mail":"chuanmei@nenu.edu.cn","site":"http://chuanmei.nenu.edu.cn/"},{"tag":"list","content":[{"text":"学院简介","icon":"about","path":"intro/school/media/intro"},{"text":"专业介绍","icon":"intro","path":"intro/school/media/enroll"}]}],"id":"intro/school/media/index","scopeData":{"@type":"general","uniq_id":"intro/school/media/index","title":"传媒科学学院","digest":"","thumbs":["https://mp.innenu.com/img/inNENU.jpg"],"tags":["传媒科学学院"]}}