{"title":"政法学院","author":"Mr.Hope","time":"2021年11月22日","shareable":true,"content":[{"tag":"account","name":"政法学院","logo":"https://mp.innenu.com/img/media/politics.png","detail":"东北师范大学政法学院","wxid":"lovezhengfa","wxcode":"https://mp.innenu.com/img/media/politics-qrcode.jpg","account":"politics","location":{"latitude":43.82714,"longitude":125.42598},"site":"https://zf.nenu.edu.cn/"},{"tag":"title","text":"简介"},{"tag":"list","header":false,"content":[{"text":"学院简介","icon":"about","path":"intro/school/politics/intro"},{"text":"专业介绍","icon":"intro","path":"intro/school/politics/enroll"}]},{"tag":"title","text":"学科建设"},{"tag":"text","text":["政法学院共有三个一级学科: 政治学、法学和公共管理"]},{"tag":"list","header":"详情","content":[{"text":"学科建设","path":"intro/school/politics/subject"},{"text":"政治学","path":"intro/school/politics/politic-subject"},{"text":"法学","path":"intro/school/politics/law-subject"},{"text":"公共管理","path":"intro/school/politics/manage-subject"}]}],"id":"intro/school/politics/index","scopeData":{"@type":"general","uniq_id":"intro/school/politics/index","title":"政法学院","digest":"政法学院共有三个一级学科: 政治学、法学和公共管理","thumbs":["https://mp.innenu.com/img/inNENU.jpg"],"tags":["简介","学科建设"]}}