{"name":"东北师范大学财务处","desc":"东北师范大学财务处信息化服务平台，为广大师生提供方便快捷的服务。","id":"gh_0a27896cc077","logo":"https://mp.innenu.com/img/media/official.png","qrcode":"https://mp.innenu.com/img/media/caiwuchu-qrcode.jpg","article":[{"cover":"https://mmbiz.qpic.cn/mmbiz_png/QSa0T3s9UDcevCKTlQzmRWWYQwTIGlkByrr5ibia0IeNqheAYfYKd57AnJYUicmKiaJhPxh3awKYkbEXKFWGJkZJtg/0?wx_fmt=png","title":"为您解读经费支出签批办法~欢迎围观！","desc":"签字审批手续简化了！快来看看吧！","url":"https://mp.weixin.qq.com/s/004oKOv_x0wHg4s2Faq3Dw"},{"cover":"https://mmbiz.qpic.cn/mmbiz_png/QSa0T3s9UDcaDPturObcz5KOJY9yGbcVtwaokY7ic3mYWlTVv1zaicFjX21jlDxzlg8wny7Ihp12jgnnVAh583xA/0?wx_fmt=png","title":"关于暑假期间财务处工作安排的通知","url":"https://mp.weixin.qq.com/s/fOxTBBfZR8qkDHoCoKJfmQ"},{"cover":"https://mmbiz.qpic.cn/mmbiz_png/QSa0T3s9UDeWhSzZwZLML05rxmDKNBGJ62LoaTtMakd8OfAC7g1g00txKMJojPZ1NAqndON1UCd9gV5JcEUc1Q/0?wx_fmt=png","title":"财务处庆祝中国共产党成立100周年书画展","url":"https://mp.weixin.qq.com/s/Dd5-m6VJeuE1k5bbdLPjTQ"},{"cover":"https://mmbiz.qpic.cn/mmbiz_png/QSa0T3s9UDd2LIWPc3kw8iaxcc6icTgXGcVgDKNRzsABKaDwTop19sambyTSSibicV6gX6cDaIbeTUWaDRHXu8yvdw/0?wx_fmt=png","title":"关于2020-2021学年生源地信用助学贷款到账后退费工作的说明","url":"https://mp.weixin.qq.com/s/aZWH6opB33Dnc7hMBVQdhg"},{"cover":"https://mmbiz.qpic.cn/mmbiz_png/QSa0T3s9UDe0pBNFDqnxkmY98xlCDwvQjCw2pvRfc6AHaQwIicy9qG9HwBmXYzhdRQRp4FNUicxhyYDW8KQbVrzg/0?wx_fmt=png","title":"校园缴费平台使用指南——学费宿费篇","url":"https://mp.weixin.qq.com/s/ITcowm2GrhmMAA0UGtyekA"}]}