{"name":"东北师范大学马克思主义学部","desc":"发布学部信息动态，关注学部学生学习生活。","id":"gh_32d2742e1204","logo":"https://mp.innenu.com/img/media/marx.png","qrcode":"https://mp.innenu.com/img/media/marx-qrcode.jpg","article":[{"cover":"http://mmbiz.qpic.cn/mmbiz_jpg/8rsfbc9iaDoItItLXNWvicRwCLEl0iaBeeDlRoDa5h73gDWe4YaUFzg85BLIBC224lKWABsRETz26HaKJOMBOwECg/0?wx_fmt=jpeg","title":"马克思主义学部举办“哲学与希望”第六届哲学节系列活动！","url":"https://mp.weixin.qq.com/s/-kScckakJeXqlK_kyN2RfA"},{"cover":"http://mmbiz.qpic.cn/mmbiz_jpg/8rsfbc9iaDoJXAjd1KvaFAw67O0PurAr7cx3A5kF2JuibaOCCHnfuV5qWicVhCyU4ewTMcRiboHlI6xPPiazaaFN9Vg/0?wx_fmt=jpeg","title":"【改革进行时】马克思主义学部学生会组织改革情况公示","url":"https://mp.weixin.qq.com/s/AO1Odpvcb_KdVJtJaX8bdg"},{"cover":"http://mmbiz.qpic.cn/mmbiz_jpg/8rsfbc9iaDoJXAjd1KvaFAw67O0PurAr7tEelnJuSZLucTM1EcIgjFxyMEepRmnvZ8m7w66mMYT5etIKnVL9t7A/0?wx_fmt=jpeg","title":"【改革进行时】马克思主义学部研究生会组织改革情况公示","url":"https://mp.weixin.qq.com/s/9ahG8c3GHxwMmzvJ2QNuJQ"},{"cover":"http://mmbiz.qpic.cn/mmbiz_jpg/8rsfbc9iaDoJcicHtxhRkmg6EzyV33PeBCE8chw5l6IpiaY62rZTcNKcMrHOcX2VLSrLS4BDZfe3VSkW8bTN8iaZ4A/0?wx_fmt=jpeg","title":"【硕博宣讲团】马克思主义学部硕博宣讲团见面会暨第一次集中学习分享会举行","url":"https://mp.weixin.qq.com/s/XyU5g4Oavnf9LvXRd-acHA"},{"cover":"http://mmbiz.qpic.cn/mmbiz_jpg/8rsfbc9iaDoJn3Fib8OT8icNZG5Ss8iaR5nkAZPeQSQNLdPWQdlNt1eCIq1c7nibBTickhPnicrjR1ns3xlha6sDPaibgw/0?wx_fmt=jpeg","title":"【喜讯】我部2019级社会学班荣获东北师范大学标兵班集体","url":"https://mp.weixin.qq.com/s/Zpt89mp4IfUIXizAOtpZbQ"},{"cover":"http://mmbiz.qpic.cn/mmbiz_jpg/8rsfbc9iaDoJXAjd1KvaFAw67O0PurAr7CMUMEdTs4IRWmR28DBZlYOHJrLRricqobzzQW0tiaW3WIhWVuTv1BryA/0?wx_fmt=jpeg","title":"【思想前沿】郗厚军、康秀云：论习近平总书记关于加强师德师风建设重要论述的生成逻辑","url":"https://mp.weixin.qq.com/s/Lz8p1JYuHkH2wGDGLGsJkQ"},{"cover":"http://mmbiz.qpic.cn/mmbiz_jpg/8rsfbc9iaDoJXAjd1KvaFAw67O0PurAr7SXcLhibJ7NaBsdTzTw9MMxOiaRS3JxKCWZZJIe3ibCA4I45dQBDrgPnGg/0?wx_fmt=jpeg","title":"【暖冬计划】第二届冬日温情主题活动","url":"https://mp.weixin.qq.com/s/5cdToiyC_qasZ3Al3md7KA"},{"cover":"http://mmbiz.qpic.cn/mmbiz_jpg/8rsfbc9iaDoKHCauIJggn38zplW0NVE61kk1FXvD8Dp15iaXv3trPNicKLGiaibLB3SBSY30iae51QD1sknylVicN2Btg/0?wx_fmt=jpeg","title":"“哲学与希望”马克思主义学部第六届哲学节系列活动预告","url":"https://mp.weixin.qq.com/s/kqLLm074I0Jk1vrMDO1Lbw"},{"cover":"http://mmbiz.qpic.cn/mmbiz_jpg/8rsfbc9iaDoKHCauIJggn38zplW0NVE61vLRn4YsZSkV0R9ibzDpicvblsgD4WcR3BESAxg3fPxIvNxBKqQz74y9g/0?wx_fmt=jpeg","title":"学“习”进行时 | 坚持可持续发展 共建亚太命运共同体","url":"https://mp.weixin.qq.com/s/SqBC4x79Iv_g92gklVEkCA"},{"cover":"http://mmbiz.qpic.cn/mmbiz_jpg/8rsfbc9iaDoJbfAKU244364BFqXH6k3SgnTiby9cPU14Diaqiciadtp9L6YNb3TKB9G3U7vbntGiajM7BUSZmaFWF0kw/0?wx_fmt=jpeg","title":"仿吾名家论坛预告 |王路：“是”与“不者”——如何理解黑格尔的辩证法","url":"https://mp.weixin.qq.com/s/hNv5uh6zApxMet9rd8Xdug"},{"cover":"http://mmbiz.qpic.cn/mmbiz_jpg/8rsfbc9iaDoLevSyTzaD2JYoFNwCML4AzaoGZjL6CXClr1O4NhqfSDIcuGPJIZCmQIKaKg2jS9pWEOvGNe1kPvg/0?wx_fmt=jpeg","title":"马克思主义学部“敦品励学”研究生学风建设系列讲座（第1讲）“高质量的学位论文是如何炼成的”圆满举行","url":"https://mp.weixin.qq.com/s/LwRaolDeD1NJ7qc-R6zc2w"},{"cover":"http://mmbiz.qpic.cn/mmbiz_jpg/8rsfbc9iaDoLCaneTibc9lgZuxnZ8ibv7DZR83mRyZoPS1cpvfB4a9cthTKqd2GT9QN8Fia14CLTqtzkh72eE0ePibA/0?wx_fmt=jpeg","title":"校媒联动 | 扫雪除冰，劳动成长——致全体东师学子的倡议书","url":"https://mp.weixin.qq.com/s/6NykVnlZhVDPn_b6Xlh3pQ"},{"cover":"http://mmbiz.qpic.cn/mmbiz_jpg/8rsfbc9iaDoLevSyTzaD2JYoFNwCML4AzLFnWtMsL93OibBtyHt7O7rI8V44ytaoeicLTsKcDTbyH0evQ26g9Q24A/0?wx_fmt=jpeg","title":"“研究阐释党的十九届六中全会精神”系列讲座预告","url":"https://mp.weixin.qq.com/s/KJiJjQix-LZuilDJObZUOQ"},{"cover":"http://mmbiz.qpic.cn/mmbiz_jpg/8rsfbc9iaDoLMZxwmZb4tibe5BcqDicZWHaFBhfswOBia9KdTTox3iaDOl8ia0GdlV75vrPCddeyrMm11vTW0MCictX4w/0?wx_fmt=jpeg","title":"喜报 | 我部三舍C区1217学生寝室荣获东北师范大学十佳寝室","url":"https://mp.weixin.qq.com/s/HWDR0s9Ci7deDzi_2gKLwg"},{"cover":"http://mmbiz.qpic.cn/mmbiz_jpg/8rsfbc9iaDoLMZxwmZb4tibe5BcqDicZWHaueZOxLBBdoKFAbVSGtCCXOealiaPcKpeibxuSnm8nicjKeB8e8aPmomibw/0?wx_fmt=jpeg","title":"“敦品励学”学风建设系列讲座（第1讲）预告 | 王庆丰：高质量的学位论文是如何炼成的","url":"https://mp.weixin.qq.com/s/G5EglMWhPS52RqLOddCmtA"}]}