{"name":"东师心理","detail":"东北师范大学心理学院","desc":"东师心理，一直有你！","id":"gh_b8263d1e2906","logo":"https://mp.innenu.com/img/media/psychology.png","qrcode":"https://mp.innenu.com/img/media/psychology-qrcode.jpg","article":[{"cover":"http://mmbiz.qpic.cn/mmbiz_jpg/LExoUob9H0bmLZKATicrQQwVOHgmpiba9KbKoWp10HCXpbLUvBfryJQLKqicXVuFfdQXyNCuLGicaeAu87nSedIFlg/0?wx_fmt=jpeg","title":"心理学院: 第八期“爱，点亮孤独的星”系列志愿活动圆满结束","desc":"心理学院团委学生联合会红烛志愿者协会第八期活动在长春市七色光感觉统合教育基地顺利举行","url":"https://mp.weixin.qq.com/s/yzpAj69R1FAwIlxKbS5N4Q"},{"cover":"http://mmbiz.qpic.cn/mmbiz_jpg/LExoUob9H0bweePKmbaIkv6PmIXcKbia7maNDjTxxQUORIia9yc1Kc56egHyrBsOia5Y5Pic1xDC4iaIITEaGlribf3A/0?wx_fmt=jpeg","title":"心理学院丨研究生宿舍卫生安全月动员会顺利召开","desc":"研究生“宿舍卫生安全月”动员会圆满结束！","url":"https://mp.weixin.qq.com/s/zfmOQUXZJzWRXY7NyUN8pQ"},{"cover":"http://mmbiz.qpic.cn/mmbiz_jpg/LExoUob9H0ZJ6t096GvHxPDYaZ50BHrmB8SDBAaSWwefH9icj3kIF3s3D4ysm142K2qhGsW4dqibwXgYymnSibwkA/0?wx_fmt=jpeg","title":"心理学院|“创造的课堂”本科生教学创新大赛初赛评审会圆满结束","desc":"“创造的课堂”本科生教学创新大赛之学院初赛评审会圆满完成！","url":"https://mp.weixin.qq.com/s/Z_BDr2uu901AXotZNZcFZg"},{"cover":"http://mmbiz.qpic.cn/mmbiz_jpg/LExoUob9H0bCY2RicicaRDTZ4s9cW15JgaAM6fALBjBznJfb4rqBAxSPsa6tdl9tIhKnOHQtBCcanJoMgExjKv9Q/0?wx_fmt=jpeg","title":"心理学院学生会组织改革情况","desc":"心理学院学生会组织改革情况","url":"https://mp.weixin.qq.com/s/ZAie1ff43_it-JNhocYosQ"},{"cover":"http://mmbiz.qpic.cn/mmbiz_jpg/LExoUob9H0bCY2RicicaRDTZ4s9cW15JgaHa4jQpZZibpz5jSBxspQ6uFtIj6wJlPqOdzjoXbvuJlhSgia9BnEF62g/0?wx_fmt=jpeg","title":"心理学院研究生会组织改革情况","desc":"心理学院研究生会组织改革情况","url":"https://mp.weixin.qq.com/s/KJceSfA5zQmvvgEeVT758g"},{"cover":"http://mmbiz.qpic.cn/mmbiz_jpg/LExoUob9H0Yn2FTpWRWEn9gScfx4wtEJD0gWOmPopCrc6eEa8hKriaTWYFibDV1FWvfkcNB6f6fHC07bmiasPib7ag/0?wx_fmt=jpeg","title":"寝室安全卫生月 | “寝室安全卫生月”动员座谈会圆满结束","desc":"“寝室安全卫生月”动员座谈会圆满结束!","url":"https://mp.weixin.qq.com/s/XNPuubhIs9yO3NqkJM4cWA"},{"cover":"http://mmbiz.qpic.cn/mmbiz_jpg/LExoUob9H0YEswaFA7llial4PNsBqBLEhgYXUUy40CwJfCraKfzozHfO70euOUDV6jQHlYK4GxNvicqEvDgd2aUQ/0?wx_fmt=jpeg","title":"心理学院爱心使者团“新心相遇”新生见面会圆满结束","desc":"心理学院第五届爱心使者团迎新大会在心理学院430教室成功展开","url":"https://mp.weixin.qq.com/s/OT0VO4EpwLKXttKx4UQbxA"},{"cover":"http://mmbiz.qpic.cn/mmbiz_jpg/LExoUob9H0ZI9Sib2UNyiaCaEFMEicaJzA6dYC4IguhGlGZ4CYrxWq5dp3cPXteqw8KG9xuzrWQdJKiawArcrT5qMQ/0?wx_fmt=jpeg","title":"第二十九届“精英杯”篮球赛 | 心理学院对战地理科学学院与化学学院","desc":"伴着稍许寒冷的秋风，东北师范大学第二十九届“精英杯”篮球赛在这个晚秋拉开帷幕。由心理学院邵志德老师和支航老师带领的心理学院代表队，满怀激情地参加了本次比赛。","url":"https://mp.weixin.qq.com/s/NWlV6O4Uvdvpqeiqw0Jg6Q"},{"cover":"http://mmbiz.qpic.cn/mmbiz_jpg/LExoUob9H0ZUx3uEa8e01Qia2M3QHfgoLPOkkJGdFicunjnOPfI6fUU0DO2QxkZjlMPkiaEtqKLLsMibAy0zribHN8w/0?wx_fmt=jpeg","title":"心理学院 | “创造的课堂”教学创新大赛选拔赛即将开始","desc":"“创造的课堂”本科生教学创新大赛来啦！！各位同学快来报名参加吧！","url":"https://mp.weixin.qq.com/s/HOKAQHkxWg1EZ-Mobd6bfw"},{"cover":"http://mmbiz.qpic.cn/mmbiz_jpg/LExoUob9H0ba1DGrYBtENGyG28bDRqiamlgaT6KoOvJB3kTJNOyIvuN1Lau4jKTgoqSR5ZtQVvVUEwVM8ED5b4w/0?wx_fmt=jpeg","title":"我为同学做件事 | “妙笔生花”教师技能两笔培训会圆满结束","desc":"由心理学院团委学生联合会举办的“妙笔生花”教师技能两笔培训会活动圆满结束！","url":"https://mp.weixin.qq.com/s/MtWbyT57R3hFT1_U3lgXew"},{"cover":"http://mmbiz.qpic.cn/mmbiz_jpg/LExoUob9H0ag3pvQLoJxqqChUaH5qkCOmQvWVicGHqpKzmXLComwCFibmBpqOHJ7XR7ybhG75fEpX1EQghmOLIhg/0?wx_fmt=jpeg","title":"“我是咨询师”心理教师技能竞赛初赛圆满结束","desc":"“我是咨询师”初赛圆满结束~","url":"https://mp.weixin.qq.com/s/yKekyrDcU-Ggwd9wjiZEhA"},{"cover":"http://mmbiz.qpic.cn/mmbiz_jpg/LExoUob9H0ZLpiaUp9urW0BwBJhIeDjzBaYyZeiaLPOOoXIic2gYDOuEagiaXficamKQy8oyDvJc1rxqMKKC3rO8yEA/0?wx_fmt=jpeg","title":"心理学院|邀您参加比较认知与发展心理学联合学术研讨会","desc":"剑桥大学心理学系与东北师大心理学院联合举办的比较认知与发展心理学联合学术研讨会即将举行，诚邀您来参加~","url":"https://mp.weixin.qq.com/s/pitZ-s_84Wn0caraGy5X7w"},{"cover":"http://mmbiz.qpic.cn/mmbiz_jpg/LExoUob9H0ba1DGrYBtENGyG28bDRqiamlgaT6KoOvJB3kTJNOyIvuN1Lau4jKTgoqSR5ZtQVvVUEwVM8ED5b4w/0?wx_fmt=jpeg","title":"我为同学做件事 | “妙笔生花”教师技能两笔培训会圆满结束","desc":"由心理学院团委学生联合会举办的“妙笔生花”教师技能两笔培训会活动圆满结束！","url":"https://mp.weixin.qq.com/s/MtWbyT57R3hFT1_U3lgXew"},{"cover":"http://mmbiz.qpic.cn/mmbiz_jpg/LExoUob9H0ag3pvQLoJxqqChUaH5qkCOmQvWVicGHqpKzmXLComwCFibmBpqOHJ7XR7ybhG75fEpX1EQghmOLIhg/0?wx_fmt=jpeg","title":"“我是咨询师”心理教师技能竞赛初赛圆满结束","desc":"“我是咨询师”初赛圆满结束~","url":"https://mp.weixin.qq.com/s/yKekyrDcU-Ggwd9wjiZEhA"}]}