[{"name":"学校机构","account":[{"name":"东师信息化办","desc":"精致服务是我们一直的追求","logo":"https://mp.innenu.com/img/media/official.png","id":1309969928}]},{"name":"学生组织","account":[{"name":"东北师范大学学生会","desc":"大家好，这里是校会君！撒娇打滚卖萌求关注～","logo":"https://mp.innenu.com/img/organization/nenuyouth.png","id":1793612094,"openid":"E84B43674E54793277416D189D4780DD","qrcode":"https://mp.innenu.com/img/media/nenuyouth-qq-qrcode.png"},{"name":"东师小窝","desc":"你好，我是暖心的东师小窝~","logo":"https://mp.innenu.com/img/organization/xiaowo.png","id":3544543750,"openid":"56C702746F185FD58ABAE79A280ABF07","qrcode":"https://mp.innenu.com/img/media/xiaowo-qq.jpg"}]},{"name":"学生社团","account":[{"name":"萤火支教团","desc":"用生命感动生命","logo":"https://mp.innenu.com/img/association/yinghuo.png","id":3550392854,"openid":"8507E3EA960DDE8979AE5EB56CB1ED37","qrcode":"https://mp.innenu.com/img/media/yinghuo-qq-qrcode.jpg"},{"name":"绿色动力环保志愿者协会","desc":"天地你我共有，环保大家一起上","logo":"https://mp.innenu.com/img/association/green.png","id":1913856914,"openid":"524B5980588BE76C3D5FA8B2683B9B40"}]}]