{"title":"长春站-到净月-3号线","author":"Mr.Hope","time":"2021年11月22日","shareable":true,"content":[["text",{"type":"danger","text":["由于施工原因，目前 3 号线不能直达净月! 请不要使用此方案!!!"]}],["list",{"header":false,"content":[{"text":"1号线转3号线","icon":"train","path":"guide/arrival/train-jingyue/1-3"}]}],["text",{"type":"warning","heading":"运营时间","text":["请注意轨道交通的运营时间，其他时间请选择打车去宾馆 (别想着报到了)。"]}],["img",{"src":"https://mp.innenu.com/img/traffic/railway-3-time.jpg","desc":"轻轨 3 号线时刻表"}],["title",{"text":"路线描述"}],["ul",{"text":["从长春站南出站口出站","前往轻轨 3 号线“长春站”车站","登上开往长影世纪城的列车","乘坐 8 站到到卫星广场站换乘","通过通道在卫星广场站内移动至 3 号线","登上开放长影世纪城方向的列车","乘坐 8 站到博硕路站下车","下车出站后右转(向西南)直行，即可在右手侧看到 1 号门"]}],["title",{"text":"火车站出站提示"}],["text",{"type":"tip","heading":"火车站出站口选择","text":["由于长春站北侧有比较完备的地下换乘中心，建议大家从长春站北出站口出站。","长春站南出站口对应的地铁站点是长春站，进入 1 号线站台没有北侧方便。","所以请大家进入出站地道后，向北出站口方向行进。"]}],["text",{"type":"info","heading":"疫情相关","text":["由于新冠疫情，从长春站出站时要测量体温、刷身份证、查验吉祥码，请提前做好准备。"]}],["title",{"text":"前往地铁站"}],["text",{"text":["从南出站口出站后来到地面，即可乘坐3号线。"]}],["text",{"type":"info","heading":"疫情相关","text":["出站时要测量体温。","在长春乘坐公共交通工具、出入公共场所，都需要用到吉林省内的吉祥码。","请提前进行相关注册并在地铁安检前自助扫描吉祥码。"]}],["list",{"header":false,"content":[{"text":"吉祥码注册与使用","icon":"register","path":"guide/epidemic/jixiang-code/index"}]}],["title",{"text":"购票相关"}],["text",{"text":["从 长春站 到 博硕路 票价 4 元。"]}],["text",{"type":"tip","text":["长春轨道交通支持微信官方“乘车码”小程序，强烈推荐使用小程序扫码进出站!","只需搜索小程序打开并绑定自动扣费协议即可，十分方便快捷!"]}],["text",{"heading":"其他方式","text":["如果您不方便使用微信，您可以使用人工窗口购票，请自备零钱。"]}],["img",{"src":"https://mp.innenu.com/img/arrival/subway-ticket.jpg","desc":"轨道交通票"}],["title",{"text":"进出站验票"}],["ul",{"text":["刷单程票进站时，出站时需将单程票放入回收口","扫码进站时，出站也需扫相同的码"]}],["text",{"type":"tip","text":["请不要忘记在“博硕路”站下车!"]}],["img",{"src":"https://mp.innenu.com/img/traffic/railway-3.png","desc":"轻轨 3 号线停靠点"}],["title",{"text":"到达校门"}],["text",{"heading":"提示","text":["由于疫情原因，今年报到仅开放学校 1 号门。"]}],["ul",{"text":["请您出站后右转 (向西南)","继续执行即可在右手边 (西南侧) 看到学校 1 号门。"]}]],"cite":[],"id":"guide/arrival/train-jingyue/3","images":["https://mp.innenu.com/img/traffic/railway-3-time.jpg","https://mp.innenu.com/img/arrival/subway-ticket.jpg","https://mp.innenu.com/img/traffic/railway-3.png"]}