{"title":"数学与统计学院招生","author":"Mr.Hope","time":"2021年11月22日","shareable":true,"content":[{"tag":"title","text":"本科招生"},{"tag":"p","text":["学院现有数学与应用数学、统计学两个本科专业，其中数学与应用数学专业被教育部批准为 2007 年度“第一批高等学校师范类特色专业建设点”。数学与应用数学专业分为师范和普通两个方向。"],"style":"text-indent: 1.5em; "},{"tag":"text","heading":"专业介绍视频"},{"tag":"video","src":"http://zsb.nenu.edu.cn/__local/8/9D/F3/2AF2F57278A393CB7E12C5DAF72_60C668FC_EB8477F.mp4?e=.mp4"},{"tag":"list","header":false,"items":[{"text":"数学与应用数学(公费师范)","path":"intro/school/math/math-free"},{"text":"数学类","path":"intro/school/math/class"}]},{"tag":"title","text":"硕士研究生招生概况"},{"tag":"img","src":"https://mp.innenu.com/img/enroll/math-master.png","desc":"2021年招生信息"},{"tag":"phone","header":"硕士研究生招生咨询电话","fName":"悦","lName":"解","num":"0431-85099589","workNum":"0431-85099763","org":"东北师范大学数学与统计学院","title":"硕士研究生招生负责人","street":"吉林省长春市人民大街5268号","postCode":"130024","mail":"jiey524@nenu.edu.cn"}],"cite":[],"id":"intro/school/math/enroll"}