{"title":"统计学专业","desc":"来源: 数学与统计学院官网","time":"2021年8月15日","shareable":true,"content":[["title",{"text":"专业简介"}],["p",{"text":["为普通类专业，旨在培养能在企事业单位和经济、管理、卫生等部门从事经济调查、数据分析工作，或在科研部门从事研究和教学工作的高级专门型人才。"],"style":"text-indent: 1.5em; "}],["title",{"text":"主干课程"}],["ul",{"text":["数学分析","高等代数","解析几何","统计学导论","随机过程","回归分析","实变函数","概率论基础","统计学","统计计算","渐近理论","抽样调查与试验设计","多元统计分析","时间序列分析"]}],["title",{"text":"就业方向"}],["text",{"text":["教育、科研、企事业单位和经济部门相关工作岗位。"]}]],"cite":[],"id":"intro/school/math/statistics"}