{"title":"爱心学校纳新","shareable":true,"content":[{"tag":"img","src":"htttps://mp.innenu.com/img/organization/love-school-poster.png"}],"images":["htttps://mp.innenu.com/img/organization/love-school-poster.png"],"id":"guide/organization/love-school/intake","scopeData":{"@type":"general","uniq_id":"guide/organization/love-school/intake","cover":"htttps://mp.innenu.com/img/organization/love-school-poster.png","title":"爱心学校纳新","digest":"","thumbs":["htttps://mp.innenu.com/img/organization/love-school-poster.png"],"tags":[]}}