{"title":"洗衣店","author":"Mr.Hope","time":"2021年9月7日","shareable":true,"content":[{"tag":"text","type":"info","text":["为方便学生对多种服装的清洁要求，两校区校内均设有洗衣店与干洗店。"]},{"tag":"list","content":[{"text":"本部","path":"guide/life/washing/benbu"},{"text":"净月","path":"guide/life/washing/jingyue"}]}],"id":"guide/life/washing/index","scopeData":{"@type":"general","uniq_id":"guide/life/washing/index","title":"洗衣店","digest":"为方便学生对多种服装的清洁要求，两校区校内均设有洗衣店与干洗店。","thumbs":["https://mp.innenu.com/img/inNENU.jpg"],"tags":[]}}