{"title":"党委学生工作部","grey":true,"author":"Mr.Hope","time":"2022 年 7 月 31 日","shareable":true,"content":[{"tag":"list","items":[{"text":"党委学生工作部介绍","icon":"about","path":"intro/apt/student/intro"}]},{"tag":"list","header":"联系方式","items":[{"text":"学院党委副书记通讯录","icon":"phone","path":"intro/apt/student/league-shuji"},{"text":"学院团委书记通讯录","icon":"phone","path":"intro/apt/student/group-shuji"},{"text":"学院辅导员联系方式","icon":"phone","path":"intro/apt/student/counselor"}]},{"tag":"list","header":"校园管理条例","items":[{"text":"东北师范大学学生违纪惩处办法","icon":"punish","path":"intro/apt/student/rule"},{"text":"常见犯错以及相关处罚规定","icon":"punish","path":"intro/apt/student/punish"}]},{"tag":"doc","name":"东北师范大学学生管理规定","url":"https://mp.innenu.com/file/student/manage.pdf","icon":"pdf"},{"tag":"action","header":"东师智慧学工系统","content":"http://sas.nenu.edu.cn/"}],"cite":[],"id":"intro/apt/student/index"}