{"title":"体育学院招生","author":"Mr.Hope","time":"2021年11月22日","shareable":true,"content":[["title",{"text":"本科招生概况"}],["ul",{"heading":"体育学院","text":["体育教育(公费师范): ￥0/年","体育教育: ￥4620/年","运动训练: ￥9000/年","武术与民族传统体育: ￥9000/年"]}],["text",{"heading":"专业介绍视频"}],["media",{"type":"video","src":"http://zsb.nenu.edu.cn/__local/5/79/AB/6643A47802D586F1FF312990C67_E4CCDFC7_17232DEB.mp4?e=.mp4"}],["list",{"header":"本科各专业介绍","content":[{"text":"体育教育 (含公费师范)","path":"intro/school/pe/education"},{"text":"运动训练","path":"intro/school/pe/sport"},{"text":"武术与民族传统体育","path":"intro/school/pe/martial"}]}],["title",{"text":"硕士招生概况"}],["img",{"src":"https://mp.innenu.com/img/enroll/pe-master.png","desc":"2021年招生信息"}],["phone",{"header":"硕士研究生招生咨询电话","fName":"艳红","lName":"郭","num":"0431-85099879","org":"东北师范大物理学院","title":"硕士研究生招生负责人","street":"吉林省长春市人民大街5268号","postCode":"130024","mail":"guoyh672@nenu.edu.cn"}]],"cite":[],"id":"intro/school/pe/enroll","images":["https://mp.innenu.com/img/enroll/pe-master.png"]}