{"title":"冰雪运动","desc":"来源: 2022 本科招生指南","time":"2022 年 7 月 27 日","cite":["https://book.eol.cn/books/cusm/mobile/index.html"],"shareable":true,"content":[{"tag":"title","text":"专业简介"},{"tag":"p","text":["为师范类专业，旨在立足东北，面向全国，培养服务国家体育发展战略目标，致力于冰雪强国和健康中国建设需要；具有高度的使命担当和坚定的学科自信；具备深厚的冰雪运动理论基础、精湛的冰雪运动技术技能和扎实的教学科研能力；拥有国际化视野、创新意识及本硕博一体化可持续发展的核心素养，能够胜任冰雪运动教学和科学研究的精英化人才。"],"style":";display: inline-block"},{"tag":"title","text":"主干课程"},{"tag":"ul","text":["运动解剖学","运动生理学","体育心理学","运动生物力学","体育学概论","体育科学研究方法","健康教育学","体育社会学","运动训练学","体育保健学","体能训练理论与实践","学校体育学","体育统计学","冬季奥林匹克运动史","运动训练生物学监控","冰球","冰壶","滑雪","滑冰","运动技能学习与控制","冰雪运动社会实践","冰雪运动专项"]},{"tag":"title","text":"学费价格"},{"tag":"text","text":["4620 元/年"]},{"tag":"title","text":"就业方向"},{"tag":"text","text":["为高等教育院校及科研院所培养冰雪运动专门人才，或从事与冰雪运动相关的工作。"]}],"id":"intro/school/pe/ice"}