{"title":"体育学院","grey":true,"author":"Mr.Hope","time":"2021年11月22日","shareable":true,"content":[["account",{"name":"体育学院","logo":"https://mp.innenu.com/img/media/pe.png","detail":"青年力量","wxid":"nenupetw","wxcode":"https://mp.innenu.com/img/media/pe-wechat.jpg","account":"pe","location":{"latitude":43.85841,"longitude":125.32668},"mail":"pe@nenu.edu.cn","site":"https://pe.nenu.edu.cn/"}],["list",{"content":[{"text":"学院简介","icon":"about","path":"intro/school/pe/intro"},{"text":"专业介绍","icon":"intro","path":"intro/school/pe/enroll"},{"text":"学科建设","icon":"degree","path":"intro/school/pe/subject"}]}]],"cite":[],"id":"intro/school/pe/index"}