{"title":"政法学院","author":"Mr.Hope","time":"2020年9月1日","content":[["account",{"name":"政法学院","logo":"https://mp.innenu.com/img/media/politics.png","detail":"东北师范大学政法学院","wxid":"lovezhengfa","wxcode":"https://mp.innenu.com/img/media/politics-qrcode.jpg","account":"politics","location":{"latitude":43.82714,"longitude":125.42598},"site":"https://zf.nenu.edu.cn/"}],["title",{"text":"简介"}],["list",{"header":false,"content":[{"text":"学院简介","icon":"about","path":"intro/school/politics/intro"},{"text":"专业","icon":"intro","path":"intro/school/politics/enroll"}]}],["title",{"text":"学科建设"}],["text",{"text":["政法学院共有三个一级学科: 政治学、法学和公共管理"]}],["list",{"header":"详情","content":[{"text":"学科建设","path":"intro/school/politics/subject"},{"text":"政治学","path":"intro/school/politics/politic-subject"},{"text":"法学","path":"intro/school/politics/law-subject"},{"text":"公共管理","path":"intro/school/politics/manage-subject"}]}]],"cite":[],"id":"map/jingyue/school/politics"}