{"title":"学生组织","author":"Mr.Hope","time":"2021年9月9日","shareable":true,"grey":true,"content":[{"tag":"list","header":"学生组织","content":[{"text":"学生会","icon":"https://mp.innenu.com/img/organization/nenuyouth.png","path":"guide/organization/student-union"},{"text":"研究生会","icon":"https://mp.innenu.com/img/organization/yanHui.png","path":"guide/organization/graduate"},{"text":"学生社团联合会","icon":"https://mp.innenu.com/img/organization/sheLian.png","path":"guide/organization/association-union"},{"text":"红烛志愿者协会","icon":"https://mp.innenu.com/img/organization/hongZhu.png","path":"guide/organization/hongzhu"},{"text":"厚普公益学校","icon":"https://mp.innenu.com/img/organization/houpu.png","path":"guide/organization/hope"},{"text":"团委融媒体中心","icon":"https://mp.innenu.com/img/organization/nenuyouth.png","path":"guide/organization/new-media-center"},{"text":"《东师青年》报社","icon":"https://mp.innenu.com/img/organization/baoShe.png","path":"guide/organization/newspaper/index"},{"text":"“东师之声”校园广播站","icon":"https://mp.innenu.com/img/organization/dongShiZhiSheng.png","path":"guide/organization/radio-station"},{"text":"大学生艺术团","icon":"https://mp.innenu.com/img/organization/daYi.png","path":"guide/organization/art-ensemble"},{"text":"大学生体育俱乐部","icon":"https://mp.innenu.com/img/organization/daTi.png","path":"guide/organization/sport-club"},{"text":"大学生创业中心","icon":"https://mp.innenu.com/img/organization/daChuang.png","path":"guide/organization/career-center"},{"text":"青年马克思主义者学习研究会","icon":"https://mp.innenu.com/img/organization/qingMaXueHui.png","path":"guide/organization/marxism"}]}],"images":[],"id":"guide/organization/index","scopeData":{"@type":"general","uniq_id":"guide/organization/index","title":"学生组织","digest":"","thumbs":["https://mp.innenu.com/img/inNENU.jpg"],"tags":[]}}