{"title":"研究生支教团","desc":"来源: 校团委官网","time":"2021年11月22日","shareable":true,"content":[{"tag":"account","name":"研究生支教团","logo":"https://mp.innenu.com/img/organization/yan-zhi.png","desc":"东北师范大学研究生支教团"},{"tag":"p","heading":" ","text":["东北师范大学是全国首批参与团中央“中国青年志愿者扶贫接力计划研究生支教团项目”的高校之一。1998年以来，已成功组建了22届研究生支教团，累计选派321名志愿者赴青海、宁夏、河南、重庆、云南、吉林等中西部地区开展支教助学工作。二十余年来，东师研支团始终坚持“严格选拔、精心培育、双线联动、助力成长”的志愿者培育模式，志愿者在教学服务、文化建设、扶贫济困等方面，助力当地教育教学质量的提升和学生的全面成长成才。东师研支团先后被团中央授予“中国青年志愿者扶贫接力计划研究生支教团优秀组织奖”，是全国七所获此殊荣的高校之一，两次荣获团中央西部计划优秀项目办荣誉称号。"],"style":"text-indent: 1.5em; "}],"id":"guide/organization/yan-zhi","scopeData":{"@type":"general","uniq_id":"guide/organization/yan-zhi","title":"研究生支教团","digest":"  东北师范大学是全国首批参与团中央“中国青年志愿者扶贫接力计划研究生支教团项目”的高校之一。1998年以来，已成功组建了22届研究生支教团，累计选派321名志愿者赴青海、宁夏、河南、重庆、云南、吉林等中西部地区开展支教助学工作。二十余年来","thumbs":["https://mp.innenu.com/img/inNENU.jpg"],"tags":[]}}