{"title":"课程","author":"Mr.Hope","time":"2021年12月3日","grey":true,"shareable":true,"content":[["list",{"header":"本科课程设置","content":[{"text":"通识教育课程","icon":"content","path":"guide/course/general/index"},{"text":"专业教育课程","icon":"content","path":"guide/course/professional"},{"text":"发展课程课程","icon":"content","path":"guide/course/develop"},{"text":"新生研讨课","icon":"content","path":"guide/course/discuss"},{"text":"本科课程计划","icon":"plan","path":"guide/course/plan"}]}],["list",{"header":"体育课","content":[{"text":"体育课介绍","icon":"basketball","path":"guide/course/pe/intro"},{"text":"校园跑","icon":"run","path":"guide/course/pe/running"}]}],["list",{"header":"网课","content":[{"text":"网课说明","icon":"wifi","path":"guide/course/net-course"}]}],["list",{"header":"英语课程","content":[{"text":"课程简介","icon":"english","path":"guide/course/english/intro"},{"text":"免修评定","icon":"exemption","path":"guide/course/english/exemption"},{"text":"东北师范大学英语水平测试","icon":"english","path":"guide/course/english/DET"}]}],["list",{"content":[{"text":"Mr.Hope の个人建议","icon":"idea","path":"guide/course/advice"}]}],["list",{"header":"硕士研究生课程设置","content":[{"text":"待补充..."}]}]],"cite":[],"id":"guide/course/index"}