{"title":"长春站-到本部","author":"Mr.Hope","time":"2022 年 6 月 30 日","shareable":true,"content":[{"tag":"title","text":"腾讯地图导航","env":["wx"]},{"tag":"functional-list","header":false,"items":[{"type":"navigator","text":"长春站北出口导航到本部","url":"plugin://routePlan/index?key=NLVBZ-PGJRQ-T7K5F-GQ54N-GIXDH-FCBC4&referer=东师青年+&startPoint={\"latitude\":43.91386,\"longitude\":125.323691,\"name\":\"长春站 B1 出口\"}&endPoint={\"latitude\":43.863927,\"longitude\":125.334771,\"name\":\"本部校区\"}&mode=transit&themeColor=#2ecc71","openType":"navigate"}],"env":["wx"]},{"tag":"text","type":"note","text":["导航功能仅在微信小程序上提供"],"env":["qq"]},{"tag":"title","text":"到校方式"},{"tag":"text","text":["同学们主要有三种交通方式到达本部。"]},{"tag":"text","type":"tip","heading":"地铁","text":["地铁是最快最便捷的方式，推荐大家选择地铁。"],"path":"guide/arrival/train-benbu/subway"},{"tag":"text","type":"info","heading":"出租车","text":["如果您有太多的行李很难自行搬运，或您到达火车站已经是晚上，轨道交通已经停运，那么您也许需要打车。"],"path":"guide/arrival/train-benbu/taxi"},{"tag":"text","type":"danger","heading":"公交 (不建议)","text":["乘坐公交比较麻烦，而且很大概率没有座，路途花费的时间也更长。","Mr.Hope 不认为任何人会差这 2 元钱! 不要坐公交!"],"path":"guide/arrival/train-benbu/bus"},{"tag":"title","text":"新生接待处"},{"tag":"text","text":["学校在长春站北出站口设置新生接待处，提供新生咨询服务。"]},{"tag":"text","type":"tip","text":["由于新冠疫情，学校不再安排大巴进行统一接送。新生同学需要自行选择并乘坐交通工具到达学校参与报到。"]}],"cite":[],"id":"guide/arrival/train-benbu/index"}