{"title":"学生心理健康教育中心","grey":true,"author":"Mr.Hope","time":"2022 年 6 月 27 日","shareable":true,"content":[{"tag":"list","items":[{"text":"学生心理健康教育中心简介","icon":"about","path":"intro/apt/psychology/intro"},{"text":"心理咨询","desc":"何时需要","icon":"intro","path":"intro/apt/psychology/consult"},{"text":"心理咨询知情同意书","icon":"rule","path":"intro/apt/psychology/agreement"},{"text":"心理咨询服务","icon":"service","path":"intro/apt/psychology/service"},{"text":"常见问题解答","icon":"faq","path":"intro/apt/psychology/faq"}]}],"cite":[],"id":"intro/apt/psychology/index"}