{"title":"东师e起战疫介绍","author":"Mr.Hope","time":"2021年11月23日","shareable":true,"content":[["title",{"text":"介绍"}],["text",{"text":["“东师 e 起战疫” 是学校的官方微信小程序，用于学生每日的健康情况上报、出入申请、返校申请等。"]}],["text",{"heading":"找到小程序","text":["请使用微信扫描下方的二维码，或直接在微信首页下拉并搜索 “东师 e 起战疫”"],"env":["qq"]}],["img",{"src":"https://mp.innenu.com/img/epidemic/miniprogram.jpg","env":["qq"]}],["card",{"title":"东师e起战疫","options":{"appId":"wxa9de818af2c7f9ab","path":"pages/index/index"}}]],"cite":[],"id":"guide/miniapp/intro","images":["https://mp.innenu.com/img/epidemic/miniprogram.jpg"]}