{"title":"大学生创新创业中心","desc":"来源: 校团委官网","time":"2021年11月9日","shareable":true,"content":[{"tag":"account","name":"大学生创新创业中心","logo":"https://mp.innenu.com/img/organization/daChuang.png","desc":"东北师范大学大学生创新创业中心","wx":"chuangyezhongxin","wxQRCode":"https://mp.innenu.com/img/media/career-center-wechat.jpg","path":"career-center"},{"tag":"title","text":"组织简介及工作理念"},{"tag":"p","heading":" ","text":["东北师范大学大学生创新创业中心成立于2003年，是学校团委直属的校级学生组织，吉林省的重点创业组织，团市委的重点创业基地。中心自成立以来，本着“勤奋创新，坦诚协作”的理念，始终践行着“本部创新，净月创业”的文化定位。大学生创新创业中心致力于“营造创业氛围，点燃创业激情，提升创业能力，孵化创业项目”，不断提升创新创业文化水平。","东北师范大学大学生创新创业中心设两个办公室，本部校区办公室和净月校区办公室。每个办公室内设办公室、创业实践部、公共关系部、科研实践部、网络宣传部、项目部及资管部七个分工明确的部门。"],"style":"text-indent: 1.5em; "},{"tag":"text","type":"info","heading":"中心理念","text":["勤奋创新，坦诚协作"]},{"tag":"text","type":"info","heading":"中心宗旨","text":["营造创业氛围，点燃创业激情，提升创业能力，孵化创业项目。"]},{"tag":"text","type":"info","heading":"中心文化","text":["构建军营严谨作风，营造家庭和谐气氛。"]},{"tag":"text","type":"info","heading":"“一体”","text":["以“全心全意为同学服务”为主体。"]},{"tag":"text","type":"info","heading":"“两翼”","text":["对内提升成员自身素质，对外营造创新创业氛围。"]},{"tag":"text","type":"info","heading":"“四轮”","text":["做深传统文化传承，做精创业计划赛事，做实新媒体宣传活动，做亮品牌服务工作。"]},{"tag":"text","type":"info","heading":"“八字方针”","text":["勤奋创新，坦诚协作。"]},{"tag":"title","text":"部门介绍"},{"tag":"text","type":"info","heading":"办公室","text":["工作定位：办公室是创新创业中心的主轴，负责管理、监督、协调中心各部门日常文秘和人事工作。","特色活动：纳新、例会、中心年会、换届大会、创新创业项目培育"]},{"tag":"text","type":"info","heading":"创业实践部","text":["工作定位：创业实践部主要负责落实创业项目的孵化，提供实践平台、服务创业团队、孵化创业想法。","特色活动：创业计划大赛、巅峰营销大赛、创业项目孵化"]},{"tag":"text","type":"info","heading":"公共关系部","text":["工作定位：公共关系部是中心对外宣传接洽的门户，是中心连接校内校外各组织、企业、媒体报社的纽带，与校外企业沟通协作，扩大组织影响力，提升中心整体形象。","特色活动：素质拓展、企业参观、企业模拟面试"]},{"tag":"text","type":"info","heading":"科研实践部","text":["工作定位：科研实践部主要负责创新项目的培育、孵化，开展“中央高校基本科研业务专项资金”、“国家级大学生创新创业训练计划”项目相关活动。","特色活动：“中央高校基本科研业务专项资金”、“国家级大学生创新创业训练计划”项目宣讲会、评审会"]},{"tag":"text","type":"info","heading":"网络宣传部","text":["工作定位：网络宣传部是中心线上和活动技术方面的核心部门，主要负责中心线上宣传平台运营，线下活动摄影以及海报设计宣传等工作。","特色活动：“新启程”创业文化宣传活动、宣传平台管理、PS培训、PPT培训、微信公众号运营培训"]},{"tag":"text","type":"info","heading":"项目部","text":["工作定位：项目部是中心创新创业项目和活动项目收集的部门，主要负责校内外项目发掘和活动设计，并协调其他部门展开创业活动。","特色活动：项目整合和策划书培训、创业计划大赛"]},{"tag":"text","type":"info","heading":"资管部","text":["工作定位：资管部是中心各项创业资源资料管理的部门，主要负责中心创新创业资料的整理和完善工作，并协调相关部门开展创新创业活动。","特色活动：创业课堂、双百论坛、创业项目库、创业人才库"]}],"images":[],"id":"guide/organization/career-center","scopeData":{"@type":"general","uniq_id":"guide/organization/career-center","title":"大学生创新创业中心","digest":"  东北师范大学大学生创新创业中心成立于2003年，是学校团委直属的校级学生组织，吉林省的重点创业组织，团市委的重点创业基地。中心自成立以来，本着“勤奋创新，坦诚协作”的理念，始终践行着“本部创新，净月创业”的文化定位。大学生创新创业中心致","thumbs":["https://mp.innenu.com/img/inNENU.jpg"],"tags":["组织简介及工作理念","部门介绍"]}}