{"title":"企业微信号","grey":true,"author":"Mr.Hope","time":"2021年9月4日","shareable":true,"content":[{"tag":"img","src":"https://mp.innenu.com/img/account/wechat-follow.png","desc":"企业微信二维码"},{"tag":"list","header":"开始使用","content":[{"text":"企业号介绍","icon":"intro","path":"guide/account/wechat/intro"},{"text":"企业号认证","icon":"account","path":"guide/account/wechat/authorize"},{"text":"手机号更改","icon":"phone","path":"guide/account/wechat/change"}]},{"tag":"list","header":"功能","content":[{"text":"校园卡充值","icon":"card","path":"guide/card/charge/wechat"},{"text":"校园网充值","icon":"card","path":"guide/network/charge/wechat"}]}],"images":["https://mp.innenu.com/img/account/wechat-follow.png"],"id":"guide/account/wechat/index","scopeData":{"@type":"general","uniq_id":"guide/account/wechat/index","cover":"https://mp.innenu.com/img/account/wechat-follow.png","title":"企业微信号","digest":"","thumbs":["https://mp.innenu.com/img/account/wechat-follow.png"],"tags":[]}}