{"title":"定向(委培)解约","author":"Mr.Hope","time":"2021年8月15日","shareable":true,"content":[["text",{"align":"text-align: center;","text":["学生与定向(委培)单位协商解除定向(委培) 事宜，并由定向(委培)单位开具解约函，如涉及违约金还需违约金收据","👇","登录“一站式网上签约服务”平台，点击菜单栏“证明材料申请”，将定向材料、解约函及违约金收据以清晰图片形式上传系统","👇","学校审核通过后，即可按网上签约流程进行签约"]}]],"cite":[],"id":"guide/job/flow/terminate"}