{"title":"缓考","author":"Mr.Hope","time":"2021年11月22日","shareable":true,"content":[{"tag":"title","text":"相关政策"},{"tag":"ol","text":["符合缓考、免修条件并按规定的程序、时间已办理缓考、免修手续者，经学院审核批准后，根据课程形式由教务处或相关学院组织考试工作，该考试与本学期补考同时同卷进行，成绩如实记载。免修不再提供补考机会。"]},{"tag":"title","text":"缓考介绍"},{"tag":"text","text":["当学生因病或因事无法正常参加某门课程考试时，可以申请部分课程的缓考。","申请通过时，会保留考试资格，可参加下学期初的补考考试或者下次开课的课程考试。最终的期末卷面成绩按照参与的考试卷面成绩进行机选"]},{"tag":"ul","type":"info","text":["如果因病申请缓考，需要出示长春市三甲医院出示的不适合考试的证明，包括卧床、静养等无法参加考试的理由。","如果因事申请缓考，原则上理由应为课程考试安排冲突、家里有重大变故(如直系亲属重病或去世等)"]},{"tag":"title","text":"执行流程"},{"tag":"img","src":"https://mp.innenu.com/img/action/aftertake.jpg"},{"tag":"title","text":"执行细则"},{"tag":"ul","text":["缓考的期末成绩，会按照参加的缓考考试成绩计算。","缓考通过的课程，成绩档案上会标记 \"△\" (在最底部注明其为缓考标记)","如果申请缓考后没有通过课程，没有补考机会直接作为最终成绩。"]}],"id":"guide/study/aftertake","images":["https://mp.innenu.com/img/action/aftertake.jpg"],"scopeData":{"@type":"general","uniq_id":"guide/study/aftertake","title":"缓考","cover":"https://mp.innenu.com/img/action/aftertake.jpg","digest":"符合缓考、免修条件并按规定的程序、时间已办理缓考、免修手续者，经学院审核批准后，根据课程形式由教务处或相关学院组织考试工作，该考试与本学期补考同时同卷进行，成绩如实记载。免修不再提供补考机会。当学生因病或因事无法正常参加某门课程考试时，可以","thumbs":["https://mp.innenu.com/img/action/aftertake.jpg"],"tags":["相关政策","缓考介绍","执行流程","执行细则"]}}