{"title":"补考","author":"Mr.Hope","time":"2021年9月11日","shareable":true,"content":[{"tag":"title","text":"相关政策"},{"tag":"ol","text":["学校对符合补考条件的学生给予一次补考机会。","符合缓考、免修条件并按规定的程序、时间已办理缓考、免修手续者，经学院审核批准后，根据课程形式由教务处或相关学院组织考试工作，该考试与本学期补考同时同卷进行，成绩如实记载。免修不再提供补考机会。"]},{"tag":"title","text":"补考介绍"},{"tag":"text","text":["60 分以下算挂科，即没有通过课程，不会获得该门课的学分，也没有绩点。","为了给学生通过这门课程的机会，部分课程会在课程结束后的第二个学期初安排补考。(拥有补考的课程是几乎所有专业必修课与大部分通识必修课程)"]},{"tag":"text","type":"info","text":["由于国家规定补考可根据课程情况合理安排，所以部分考核涉及到实验操作的课程，或者是政治、军训课都是没有补考的。"]},{"tag":"title","text":"执行细则"},{"tag":"ul","text":["补考无论考 60 还是 60 分以上，都只算 60 分，而且成绩档案上会标记 \"*\" (在最底部注明其为补考标记)","补考成绩 60 分以下依旧算挂科，无法获得这门课的学分，并在成绩档案记录真实成绩。"]},{"tag":"title","text":"执行流程"},{"tag":"img","src":"https://mp.innenu.com/img/action/exemption.jpg"}],"images":["https://mp.innenu.com/img/action/exemption.jpg"],"id":"guide/study/retake","scopeData":{"@type":"general","uniq_id":"guide/study/retake","cover":"https://mp.innenu.com/img/action/exemption.jpg","title":"补考","digest":"学校对符合补考条件的学生给予一次补考机会。 符合缓考、免修条件并按规定的程序、时间已办理缓考、免修手续者，经学院审核批准后，根据课程形式由教务处或相关学院组织考试工作，该考试与本学期补考同时同卷进行，成绩如实记载。免修不再提供补考机会。60","thumbs":["https://mp.innenu.com/img/action/exemption.jpg"],"tags":["相关政策","补考介绍","执行细则","执行流程"]}}