{"title":"本科生转专业流程","author":"Mr.Hope","time":"2021年11月22日","shareable":true,"content":[{"tag":"img","src":"https://mp.innenu.com/img/action/change-major.jpg"}],"id":"guide/change-major/flow","images":["https://mp.innenu.com/img/action/change-major.jpg"],"scopeData":{"@type":"general","uniq_id":"guide/change-major/flow","title":"本科生转专业流程","cover":"https://mp.innenu.com/img/action/change-major.jpg","digest":"","thumbs":["https://mp.innenu.com/img/action/change-major.jpg"],"tags":[]}}