{"title":"东师小窝活动简介","shareable":true,"content":[{"tag":"title","text":"毕业季灯光秀"},{"tag":"p","text":["“毕业灯光秀”是由东师小窝发起并组织的一年一度毕业季的活动，是让东师人毕生难忘的校园活动之一。东师小窝精心策划，成员们组织志愿者，用自己的行动表达对毕业生的美好祝愿。作为每年毕业季热搜常客的“东师毕业灯光秀”，受到各大媒体的点名表扬。2018年《央视新闻》官方微博点名东北师范大学，并播放灯光秀全过程视频；2021年《光明日报》毕业季专栏——“毕业季的暖心操作，哪个戳到了你?”展示东师灯光秀成果；2021年《长春新闻》报道今日东师灯光秀全况……","东师小窝在表述情怀的同时，也在为宣传东北师范大学献上绵薄之力。"],"style":"text-indent: 1.5em; "},{"tag":"media","type":"video","src":"https://mp.innenu.com/file/organization/lightshow.mp4"},{"tag":"carousel","url":["https://mp.innenu.com/img/organization/lightshow-1.jpg","https://mp.innenu.com/img/organization/lightshow-2.jpg","https://mp.innenu.com/img/organization/lightshow-3.jpg"],"style":"height:800rpx;"},{"tag":"title","text":"二十一天习惯养成助力计划"},{"tag":"p","text":["习惯的养成需要慢慢培养，不可一蹴而就。行为心理学认为，人的行为暗示经过21天以上的重复会形成习惯。当你行动起来后，你会领悟到，自律才能给你真正的自由。","大学生，作为同龄人中的佼佼者，社会上对他们的普遍评价是有朝气、有知识、充满正能量，是社会未来的希望。为大学生日常生活自律培养，东师小窝特筹划创办以寝室为单位的21天习惯养成助力计划。二十一天习惯养成助力计划活动是一学期一办，每期都设置多种打卡主题，力求创新、与时共进，帮助大学生养成新的良好习惯。活动进行期间，小窝成员实时跟踪，督促同学按时按质完成任务。活动结束后，小窝成员对同学们进行回访，发现反馈良好。大多数同学在活动结束后仍能维持习惯，并感叹习惯养成不仅能改善生活，而且收获良多。"],"style":"text-indent: 1.5em; "},{"tag":"img","src":"https://mp.innenu.com/img/organization/21day-poster.jpg"},{"tag":"carousel","url":["https://mp.innenu.com/img/organization/21day-1.jpg","https://mp.innenu.com/img/organization/21day-2.jpg"],"style":"height:800rpx;"},{"tag":"img","src":"https://mp.innenu.com/img/organization/21day-report.jpg"},{"tag":"title","text":"宿舍安全疏散引导员培训会"},{"tag":"p","text":["为进一步提高我校学生宿舍安全疏散引导员逃生自救及疏散引导能力，东师小窝每年都会与学生处、保卫处、学生宿舍综合管理办公室联合组织引导员安全技能培训。在保卫处负责人的指导下，疏散引导员将会学习报警器、缓降器、灭火器等消防器材以及荧光服、强光手电、扩音器等疏散引导设备的使用方法，练习喊话、自救、扑救初起火灾等基本技巧。同时举办 “119消防安全主题日活动” 有奖问答，传播消防安全知识。实际操作与理论知识相结合，强化学生宿舍安全意识。"],"style":"text-indent: 1.5em; "},{"tag":"img","src":"https://mp.innenu.com/img/organization/xiaowo-fire-1.png"},{"tag":"img","src":"https://mp.innenu.com/img/organization/xiaowo-fire-2.png"},{"tag":"title","text":"党史答题活动"},{"tag":"p","text":["青少年时期正是人生观、世界观和价值观形成的时期，学生是祖国的未来和希望。为响应国家政策，东师小窝开办党史回答活动，吸引学生从党的伟大奋斗历程中汲取前进力量，牢固树立社会主义核心价值观念，自觉做中国特色社会主义事业的建设者和保卫者。"],"style":"text-indent: 1.5em; "},{"tag":"img","src":"https://mp.innenu.com/img/organization/xiaowo-league.png"}],"images":["https://mp.innenu.com/img/organization/21day-poster.jpg","https://mp.innenu.com/img/organization/21day-report.jpg","https://mp.innenu.com/img/organization/xiaowo-fire-1.png","https://mp.innenu.com/img/organization/xiaowo-fire-2.png","https://mp.innenu.com/img/organization/xiaowo-league.png"],"id":"guide/organization/dorm/activity","scopeData":{"@type":"general","uniq_id":"guide/organization/dorm/activity","cover":"https://mp.innenu.com/img/organization/21day-poster.jpg","title":"东师小窝活动简介","digest":"“毕业灯光秀”是由东师小窝发起并组织的一年一度毕业季的活动，是让东师人毕生难忘的校园活动之一。东师小窝精心策划，成员们组织志愿者，用自己的行动表达对毕业生的美好祝愿。作为每年毕业季热搜常客的“东师毕业灯光秀”，受到各大媒体的点名表扬。201","thumbs":["https://mp.innenu.com/img/organization/21day-poster.jpg","https://mp.innenu.com/img/organization/21day-report.jpg","https://mp.innenu.com/img/organization/xiaowo-fire-1.png","https://mp.innenu.com/img/organization/xiaowo-fire-2.png","https://mp.innenu.com/img/organization/xiaowo-league.png"],"tags":["毕业季灯光秀","二十一天习惯养成助力计划","宿舍安全疏散引导员培训会","党史答题活动"]}}