{"title":"东师小窝","shareable":true,"content":[{"tag":"intro","name":"东师小窝","logo":"https://mp.innenu.com/img/organization/xiaowo.png","desc":"东北师范大学学生宿舍自我管理委员会"},{"tag":"list","header":false,"content":[{"text":"我们在纳新","path":"guide/organization/dorm/intake"}]},{"tag":"title","text":"简介"},{"tag":"p","text":["东师小窝的“学名”是东北师范大学学生宿舍自我管理委员会，是在学生处指导下的一个校级组织，负责组织同学们在宿舍中进行自我教育、自我管理、自我服务（不过东师人更喜欢称呼我为“东师小窝” ）。组织于2015年正式成立，跨越本部与净月两个校区，初衷是增强学生的宿舍安全意识、自我管理能力。现如今，通过一届届学长学姐们的接续奋斗，东师小窝不断更新，部门越来越完善。"],"style":"text-indent: 1.5em; "},{"tag":"text","type":"info","heading":"小窝 Logo","text":["东师小窝的 Logo 是一只橙黄色的小“窝”牛，有它出现的地方就有小窝成员在。"]},{"tag":"img","src":"https://mp.innenu.com/img/organization/xiaowo-qq.jpg","desc":"小窝 QQ 号"},{"tag":"img","src":"https://mp.innenu.com/img/organization/xiaowo-wechat.jpg","desc":"小窝微信公众号"},{"tag":"title","text":"小窝结构"},{"tag":"list","header":false,"content":[{"text":"查看小窝部门组成","icon":"apartment","path":"guide/organization/dorm/apartment"}]},{"tag":"title","text":"小窝精彩"},{"tag":"list","header":false,"content":[{"text":"查看小窝活动","icon":"activity","path":"guide/organization/dorm/activity"}]},{"tag":"title","text":"小窝情怀"},{"tag":"list","header":false,"content":[{"text":"查看小窝氛围","icon":"environment","path":"guide/organization/dorm/env"}]}],"images":["https://mp.innenu.com/img/organization/xiaowo-qq.jpg","https://mp.innenu.com/img/organization/xiaowo-wechat.jpg"],"id":"guide/organization/dorm/index","scopeData":{"@type":"general","uniq_id":"guide/organization/dorm/index","cover":"https://mp.innenu.com/img/organization/xiaowo-qq.jpg","title":"东师小窝","digest":"东师小窝的“学名”是东北师范大学学生宿舍自我管理委员会，是在学生处指导下的一个校级组织，负责组织同学们在宿舍中进行自我教育、自我管理、自我服务（不过东师人更喜欢称呼我为“东师小窝” ）。组织于2015年正式成立，跨越本部与净月两个校区，初衷","thumbs":["https://mp.innenu.com/img/organization/xiaowo-qq.jpg","https://mp.innenu.com/img/organization/xiaowo-wechat.jpg"],"tags":["简介","小窝结构","小窝精彩","小窝情怀"]}}