{"title":"历史学专业","desc":"来源: 2022 年本科招生指南","time":"2022 年 7 月 14 日","cite":["https://book.eol.cn/books/cusm/mobile/index.html"],"shareable":true,"content":[{"tag":"title","text":"专业简介"},{"tag":"p","text":["为教育部批准备案的师范专业，学生毕业后可选择从事教师职业，也可选择继续攻读研究生，或选择从事其他职业。旨在培养史学拔尖人才和复合型专业人才，为非公费师范类专业，实行本硕、硕博一体化培养，服务于国家创新型史学人才需要。学品兼优者可在大二学年通过选拔进入历史学基地班学习，由校内导师与校外导师双导师进行指导，实行小班化教学。同时强化基地班学生的外语能力与历史语言训练，单独开设古希腊语、拉丁语，苏美尔语、古埃及语、满语等语言课程，为培养历史学拔尖人才夯实基础。学习优秀者可直接推荐免试攻读学术型硕士、博士学位研究生。"],"style":"text-indent: 1.5em; "},{"tag":"title","text":"学费价格"},{"tag":"text","text":["3850 元/年"]},{"tag":"title","text":"主干课程"},{"tag":"ul","text":["中国史","世界史","史学史","史学导论","哲学通论","逻辑学","中西思想史","中外文化史","国别史","中国历史地理","中国历史文选","考古与文博概论","国际关系史","宗教史","城市史","中外交通史","东北亚国际关系史","港澳台史","计算机应用","古希腊语","拉丁语","苏美尔语","古埃及语","满语"]},{"tag":"title","text":"就业方向"},{"tag":"p","text":["高等教育院校及科研院所、中学教师或其他职业。"],"style":"text-indent: 1.5em; "}],"id":"intro/school/history/history"}