{"title":"坐飞机-到净月","author":"Mr.Hope","time":"2021年9月25日","shareable":true,"content":[["title",{"text":"腾讯地图导航"}],["functional-list",{"header":false,"content":[{"type":"navigator","text":"龙嘉机场导航到净月","url":"plugin://routePlan/index?key=NLVBZ-PGJRQ-T7K5F-GQ54N-GIXDH-FCBC4&referer=in东师&startPoint={\"latitude\":43.997996,\"longitude\":125.701892,\"name\":\"龙嘉机场T2航站楼\"}&endPoint={\"latitude\":43.828525,\"longitude\":125.43107,\"name\":\"净月校区\"}&mode=transit&themeColor=#2ecc71","openType":"navigate"}],"env":["wx"]}],["text",{"type":"warning","env":["qq"],"text":["导航功能仅在微信小程序上提供!"]}],["title",{"text":"动车-轨道交通(推荐)"}],["list",{"header":false,"content":[{"text":"详情","icon":"railway","path":"guide/arrival/plane-jingyue/railway"}]}],["title",{"text":"打车(推荐)"}],["p",{"text":["机场-市内 80 - 90 元(不含高速费)，市内-净月校区 ￥20，讲价完大约 100 多点。可以走机场高速-长平高速，到净月收费站下，40 分钟左右。"],"style":"text-indent: 1.5em; "}],["text",{"type":"tip","text":["请注意，高速过路费需要您自行支付。"]}],["title",{"text":"机场巴士 - 公交"}],["text",{"type":"tip","text":["机场会为所有航班(包括末班)提供机场巴士。","所以如果您到达的时间已经不能乘坐动车前往市内，请考虑乘坐机场巴士。"]}],["list",{"header":false,"content":[{"text":"查看详情","icon":"bus","path":"guide/arrival/plane-jingyue/bus"}]}]],"cite":[],"id":"guide/arrival/plane-jingyue/index"}