{"title":"本科生试卷查阅","author":"Mr.Hope","time":"2021年11月23日","shareable":true,"cite":["http://my.nenu.edu.cn/hallIndex/showAppDetail?appid=fc5b2602ea3a47d98a2737b6a4a593c8"],"content":[{"tag":"title","text":"执行流程"},{"tag":"img","src":"https://mp.innenu.com/img/action/test-recheck.jpg"},{"tag":"title","text":"相关内容"},{"tag":"list","header":false,"items":[{"text":"本科生试卷查阅申请","desc":"制作中","path":"guide/system/under/index"}]}],"id":"guide/action/under/paper-recheck"}