{"title":"校团委规章制度","desc":"信息来源: 校团委官网","time":"2021年8月15日","shareable":true,"content":[{"tag":"title","text":"办事流程"},{"tag":"img","src":"https://mp.innenu.com/img/apartment/huodong.png","desc":"团委学生活动室借用流程"},{"tag":"img","src":"https://mp.innenu.com/img/apartment/tuanweiyin.jpg","desc":"团委验印流程"},{"tag":"img","src":"https://mp.innenu.com/img/apartment/outdoorActivity.jpg","desc":"学生户外文化活动申报流程"},{"tag":"title","text":"相关文件"},{"tag":"doc","name":"校团委用印申请表","url":"https://mp.innenu.com/file/youth-league/seal.docx","icon":"doc"},{"tag":"doc","name":"北苑B16多功能厅借用协议","url":"https://mp.innenu.com/file/youth-league/b16.docx","icon":"doc"},{"tag":"doc","name":"北苑餐厅学生活动场地借用申请表","url":"https://mp.innenu.com/file/youth-league/beiyuan.docx","icon":"doc"}],"images":["https://mp.innenu.com/img/apartment/huodong.png","https://mp.innenu.com/img/apartment/tuanweiyin.jpg","https://mp.innenu.com/img/apartment/outdoorActivity.jpg"],"id":"intro/apartment/youth-league/rule","scopeData":{"@type":"general","uniq_id":"intro/apartment/youth-league/rule","cover":"https://mp.innenu.com/img/apartment/huodong.png","title":"校团委规章制度","digest":"","thumbs":["https://mp.innenu.com/img/apartment/huodong.png","https://mp.innenu.com/img/apartment/tuanweiyin.jpg","https://mp.innenu.com/img/apartment/outdoorActivity.jpg"],"tags":["办事流程","相关文件"]}}