{"title":"in东师咨询群","author":"Mr.Hope","time":"2021年11月22日","shareable":true,"content":[{"tag":"title","text":"in东师咨询群"},{"tag":"img","src":"https://mp.innenu.com/img/about/innenu.jpg","desc":"群内 Mr.Hope 和 Mrs.Hope 会对小程序未涉及到的内容解答"},{"tag":"title","text":"相关说明"},{"tag":"text","text":["欢迎进群"]},{"tag":"ul","text":["对小程序未涉及到的内容进行提问","反馈小程序错误","提交小程序的反馈与建议"]}],"id":"guide/prepare/qq-group/innenu","images":["https://mp.innenu.com/img/about/innenu.jpg"],"scopeData":{"@type":"general","uniq_id":"guide/prepare/qq-group/innenu","title":"in东师咨询群","cover":"https://mp.innenu.com/img/about/innenu.jpg","digest":"欢迎进群对小程序未涉及到的内容进行提问 反馈小程序错误 提交小程序的反馈与建议","thumbs":["https://mp.innenu.com/img/about/innenu.jpg"],"tags":["in东师咨询群","相关说明"]}}