{"title":"公开信息","author":"Mr.Hope","time":"2021年8月15日","grey":true,"shareable":true,"content":[{"tag":"list","items":[{"text":"领导机构","icon":"leader","path":"intro/about/public/leader"},{"text":"校情统计","icon":"data","path":"intro/about/public/basic"},{"text":"东北师范大学章程","icon":"rule","path":"intro/about/public/rule"},{"text":"本科学生学籍管理条例","icon":"plan","path":"intro/about/public/school-roll1"},{"text":"研究生学籍管理规定","icon":"plan","path":"intro/about/public/school-roll2"}]},{"tag":"text","text":["信息公开网地址"]},{"tag":"action","content":"http://publish.nenu.edu.cn"}],"cite":[],"id":"intro/about/public/index"}