{"title":"本科教学服务系统介绍","author":"Mr.Hope","time":"2021年12月1日","shareable":true,"content":[{"tag":"title","text":"系统简介"},{"tag":"text","text":["本科教学服务系统由湖南强智科技发展有限公司开发，版本很老。"]},{"tag":"text","type":"info","heading":"本科教学服务系统功能","text":["系统提供选课、考场查询、成绩查询、学籍管理、教学评价、考试管理、研究生推免、免修申请等功能。"]},{"tag":"title","text":"访问系统"},{"tag":"text","heading":"校内访问","text":["使用 IE 浏览器访问 http://dsjx.nenu.edu.cn (东师教学缩写)"]},{"tag":"action","content":"http://dsjx.nenu.edu.cn"},{"tag":"text","heading":"校外访问","text":["使用 IE 浏览器访问 https://dsjx.webvpn.nenu.edu.cn 并登陆 Web VPN。"]},{"tag":"action","content":"https://dsjx.webvpn.nenu.edu.cn"},{"tag":"list","items":[{"text":"Web VPN 介绍","icon":"vpn","path":"guide/network/vpn"}]},{"tag":"text","type":"warning","heading":"系统兼容性","text":["由于本科教学服务系统研发于 21 世纪初期，本科教学服务系统只能使用 IE(Internet Explorer) 内核浏览器。","具体的限制及注意事项请详见“如何使用 IE 内核浏览器”。"],"path":"guide/tip/ie/index"},{"tag":"title","text":"登陆方式"},{"tag":"text","type":"info","heading":"用户名","text":["用户名为校园邮箱的用户名 (不带后缀)"]},{"tag":"text","type":"info","heading":"密码","text":["所有学生密码均为统一身份认证密码，非校园邮箱密码"]},{"tag":"text","type":"info","heading":"忘记密码","text":["如果忘记用户名或密码，请登录统一身份认证系统，点击忘记密码尝试通过手机号、微信等辅助验证方式找回。","如果仍无法找回密码，请本人持卡到学校信息化管理与规划办公室重置密码。"]},{"tag":"list","header":false,"items":[{"text":"统一身份认证","icon":"authorize","path":"guide/account/authorize"},{"text":"信息化办","icon":"pc","path":"guide/card/office"}]},{"tag":"title","text":"系统页面"},{"tag":"img","src":"https://mp.innenu.com/img/system/UI.png"},{"tag":"text","text":["进入系统后，您会看到一个具有风格十分经典的系统界面。"]},{"tag":"title","text":"Mr.Hope の 吐槽"},{"tag":"p","text":["我知道很多人会抱怨东师的教务系统老，还时常崩溃。但是有一说一，升级换代这个系统真的没您想象的那么简单。","目前高校教务系统、图书系统这些方面基本上是处于一种垄断的情况，报价极其高昂，一套教务系统报价最低也要几十万起步，通常动辄上百万。所以如果旧系统依旧能满足基本的正常使用的话，学校采购新系统就变得异常困难。"],"style":"text-indent: 1.5em; "}],"cite":[],"id":"guide/system/under/intro"}