{"title":"师资队伍","desc":"来源: 东北师范大学官网\n优秀教师图片来源: 东北师范大学招生办公室","time":"2021年8月15日","shareable":true,"content":[{"tag":"p","text":["东北师范大学拥有一支奋发有为、业务精湛的优秀教师队伍，目前全校共有1676名专任教师，其中有教授512人，副教授644人，现有本校在岗博士生导师618人，荣誉教授7人，资深教授96人，兼职教授295人，名誉教授33人，更有大批的国外专家长期在校授课。","作为一所师范学校，东北师范大学在“尊重的教育”理念指引下，始终以教育教学作为立校之本，大力进行教学人事改革，不断优化人才培养过程，加强师德师风建设。学校各类教师都重视教学，学校也定期考核教师的教学水平，把“教育家的摇篮”作为更高目标的追求，不断提高教师教育质量。","近年来，学校根据人才培养目标的定位，积极探索人才培养模式改革。为加快实施“人才强校”战略，稳定、吸引和培育一批具有国内领先水平的战略科学家和青年学术英才。东北师范大学坚持“引育并举、内涵发展”的原则，一方面积极引进高层次人才，公开招聘“东师学者”特聘教授、讲座教授、“仿吾特聘教授”、“仿吾青年学者”、“仿吾青苗人才”等，另一方面着重培养校内教师，促进教师出国交流、国内访学、参与学历进修，国家公派出国人数逐年增加，教师学术水平也日益提高。"],"style":"text-indent: 1.5em; "},{"tag":"title","text":"优秀教师与所获奖项"},{"tag":"img","src":"https://mp.innenu.com/img/about/teacher.jpg"}],"images":["https://mp.innenu.com/img/about/teacher.jpg"],"id":"intro/about/teacher","scopeData":{"@type":"general","uniq_id":"intro/about/teacher","cover":"https://mp.innenu.com/img/about/teacher.jpg","title":"师资队伍","digest":"东北师范大学拥有一支奋发有为、业务精湛的优秀教师队伍，目前全校共有1676名专任教师，其中有教授512人，副教授644人，现有本校在岗博士生导师618人，荣誉教授7人，资深教授96人，兼职教授295人，名誉教授33人，更有大批的国外专家长期","thumbs":["https://mp.innenu.com/img/about/teacher.jpg"],"tags":["优秀教师与所获奖项"]}}