{"title":"大学生水平英语测试常见问题","author":"Mr.Hope","time":"2021年9月6日","shareable":true,"content":[{"tag":"text","type":"info","heading":"四六级都必须要考吗?","text":["四级必须，六级可选。一般认为四级和六级分别对应大学生在第四个学期和第六个学期应有的英语水平，因而大学一般会对毕业生有四级考试通过的要求，六级作为较高水平的测试，仅在保研时有需求。"]},{"tag":"text","type":"info","heading":"口语有必要考吗?","text":["因人而异。如果您需要，可以考一下。"]}],"images":[],"id":"guide/exam/cet/faq","scopeData":{"@type":"general","uniq_id":"guide/exam/cet/faq","title":"大学生水平英语测试常见问题","digest":"四六级都必须要考吗? 四级必须，六级可选。一般认为四级和六级分别对应大学生在第四个学期和第六个学期应有的英语水平，因而大学一般会对毕业生有四级考试通过的要求，六级作为较高水平的测试，仅在保研时有需求。口语有必要考吗? 因人而异。如果您需要，","thumbs":["https://mp.innenu.com/img/inNENU.jpg"],"tags":[]}}