{"title":"需带物品相关问答","author":"Mr.Hope","time":"2021年8月15日","shareable":true,"content":[{"tag":"text","type":"info","heading":"大学生活需要准备什么物品?","text":["Mr.Hope 已经根据东师特点，整理了一份需带物品清单，请点击查看。"],"path":"guide/necessity/index"},{"tag":"text","type":"info","heading":"学校超市的东西全么? 价格如何?","text":["很多物品学校超市都有售，且每年 9 月份学校超市均会批发一批新生用品，课考虑购买。","校内有售卖的物品会使用星号“*”标识。","关于校内超市，请点击查看详情。"],"path":"guide/shop/index"}],"cite":[],"id":"guide/faq/necessity"}