{"title":"优师专项师范生介绍","author":"Mr.Hope","time":"2022 年 6 月 27 日","shareable":true,"content":[{"tag":"title","text":"简介"},{"tag":"p","text":["“国家优师专项计划”，旨在面向中西部欠发达地区定向招生培养一批优秀教师。","该计划面向中西部 22 个省(区、市)优秀高中毕业生，择优招收定向就业师范生，为中西部欠发达地区培养一批立志长期从教、终身从教的优秀教师。"],"style":"text-indent: 1.5em; "},{"tag":"title","text":"报考条件"},{"tag":"p","text":["考生须具有参加 2021 年普通高等学校招生全国统一考试资格。","考生须热爱教育事业，具有立志长期从教、献身基层教育事业的坚定理想信念，具有遵纪守法、诚实守信的优良品质。","考生须具备从事基础教育行业的基本素质，愿意投身脱贫县和中西部陆地边境县(以下统称定向县)基础教育领域，能够接受签订《国家优师专项师范生定向培养协议书》及其规定的权利和义务。定向县范围以生源所在地省级教育行政部门和省级乡村振兴工作部门确定为准。"],"style":"text-indent: 1.5em; "},{"tag":"title","text":"优惠政策"},{"tag":"ol","text":["是由中央财政负责安排免费师范生在校期间的学费、住宿费，并发放生活补贴；","是在相关省级政府统筹下，由省级教育行政部门落实免费师范生的教师岗位，免费师范生四年毕业以后必须到中小学任教，到中小学任教的每一位免费师范生都有编有岗；","是免费师范生在协议规定的服务期内可以在学校之间进行流动，可以有到教育管理岗位工作的机会；","是为免费师范生继续深造提供好的条件保障，免费师范生经考核符合要求的，学校可以录取他们为教育硕士研究生，可以在职学习专业课程。"]},{"tag":"title","text":"政策要求"},{"tag":"text","text":["履约任教服务年限为 6 年。定向到贫困地区就业。"]},{"tag":"p","type":"tip","heading":"Mr.Hope 的一些预测","text":["由于要求到贫困地区定向就业 6 年，分数线应该均低于公费师范生和对应的非公费专业。","6 年合约期到期后，如果想转到其他岗位工作，可能存在一定的就业困难。"],"style":"text-indent: 1.5em; "}],"cite":[],"id":"guide/normal/great-intro"}