{"title":"校园网计费","author":"Mr.Hope","time":"2021年8月22日","shareable":true,"content":[{"tag":"title","text":"认证方式"},{"tag":"text","text":["校园网使用网页认证方式，认证网址为 “10.100.100.67”。"]},{"tag":"copy","text":"10.100.100.67"},{"tag":"text","type":"warning","text":["在认证上网时，请您使用邮箱及密码。邮箱! 不是学号!"]},{"tag":"text","text":["关于更多校园身份账户的详情请点击"]},{"tag":"list","header":false,"content":[{"text":"统一身份认证","icon":"about","path":"guide/account/authorize"}]},{"tag":"title","text":"校园网价格"},{"tag":"text","text":["校园网为 20 元包月预付费制，满足开通条件即会自动开通"]},{"tag":"ul","type":"tip","heading":"Mr.Hope の 解释","text":["预付费制即先交款后使用，需要一次性充值 20 元以上才可以正常使用。","每个周期(30 天)会自动从您的网费账号中扣除 ￥20，如果在下一个计费周期开始时您的余额不足 20 元，则停止计费。","当您充值后金额达到 ￥20 后，立即扣费并开始下一个周期。"]},{"tag":"title","text":"校园网缴费方式"},{"tag":"text","heading":"自助终端机","text":["您可以在在校内自助终端机内通过花费校园卡余额缴费。"]},{"tag":"ol","heading":"自助终端机","text":["请您在校园终端机上点击 “生活服务” —“ 网费服务”","请您使用一卡通并点击“检测一卡通”或手动输入上网账号","终端机自动获取账号相关信息后，输入金额并完成支付"]},{"tag":"text","heading":"企业号","text":["您可以在东北师范大学微信企业号——【校园卡】栏目进行缴费。"]},{"tag":"img","src":"https://mp.innenu.com/img/network/pay1.jpg"},{"tag":"img","src":"https://mp.innenu.com/img/network/pay2.jpg"},{"tag":"img","src":"https://mp.innenu.com/img/network/pay3.jpg","desc":"点击上方的网费充值"},{"tag":"img","src":"https://mp.innenu.com/img/network/pay4.jpg"},{"tag":"p","text":["请您在最上方的输入栏中输入自己的邮箱账号(不带后缀)并点击完成，此时下方的几个输入框会自动填充邮箱对应的姓名、网费产品以及网费余额。之后您可以在最下方的充值金额中输入相应的充值金额，点击支付即可使用微信支付完成网费的支付。"],"style":"text-indent: 1.5em; "}],"images":["https://mp.innenu.com/img/network/pay1.jpg","https://mp.innenu.com/img/network/pay2.jpg","https://mp.innenu.com/img/network/pay3.jpg","https://mp.innenu.com/img/network/pay4.jpg"],"id":"guide/network/fee","scopeData":{"@type":"general","uniq_id":"guide/network/fee","cover":"https://mp.innenu.com/img/network/pay1.jpg","title":"校园网计费","digest":"校园网使用网页认证方式，认证网址为 “10.100.100.67”。在认证上网时，请您使用邮箱及密码。邮箱! 不是学号!关于更多校园身份账户的详情请点击校园网为 20 元包月预付费制，满足开通条件即会自动开通Mr.Hope の 解释 预付费","thumbs":["https://mp.innenu.com/img/network/pay1.jpg","https://mp.innenu.com/img/network/pay2.jpg","https://mp.innenu.com/img/network/pay3.jpg","https://mp.innenu.com/img/network/pay4.jpg"],"tags":["认证方式","校园网价格","校园网缴费方式"]}}