{"title":"蒙你所爱支教团","author":"Mr.Hope","time":"2021年9月9日","shareable":true,"content":[{"tag":"title","text":"简介"},{"tag":"p","text":["是一个以暑期支教为主的杜团，现已经是第七届，现有团长一人，副团长三人，支教团下有五个部门、分别是秘书处，建设部，联络部，宣传部以及教务部、分别负责文书，经费管理工作，团队建设工作、联系支教点工作，宣传工作以及教师培训工作，各部门紧密配合，共同促进支教团的发展。"],"style":"text-indent: 1.5em; "}],"images":[],"id":"guide/association/volunteer/meng","scopeData":{"@type":"general","uniq_id":"guide/association/volunteer/meng","title":"蒙你所爱支教团","digest":"是一个以暑期支教为主的杜团，现已经是第七届，现有团长一人，副团长三人，支教团下有五个部门、分别是秘书处，建设部，联络部，宣传部以及教务部、分别负责文书，经费管理工作，团队建设工作、联系支教点工作，宣传工作以及教师培训工作，各部门紧密配合，共","thumbs":["https://mp.innenu.com/img/inNENU.jpg"],"tags":["简介"]}}