{"title":"博士生申请国际学术会议资助","author":"Mr.Hope","time":"2021年11月23日","shareable":true,"cite":"http://my.nenu.edu.cn/hallIndex/showAppDetail?appid=d2c25e42115f430db0be37a3cfb9cd95","content":[{"tag":"title","text":"执行流程"},{"tag":"ol","text":["申请者下载并提交《博士生参加国际学术会议申请表》","导师推荐、签字","培养单位审核、主管领导签字","提交学术学位培养_工作办公室审批","审批通过后通知申请者按要求参会","申请者参会结束后持相关票据和总结报告(需有会议证明、会议论文或发言证明等)到学术学位培养工作办公室办理报销事宜"]},{"tag":"title","text":"相关文件"},{"tag":"doc","name":"东北师范大学博士生参加国际学术会议申请表","url":"https://mp.innenu.com/file/action/doctor-conference-apply.docx","icon":"doc"},{"tag":"doc","name":"东北师范大学博士生参加学术会议总结报告","url":"https://mp.innenu.com/file/action/doctor-conference-report.docx","icon":"doc"}],"id":"guide/action/doctor-conference","scopeData":{"@type":"general","uniq_id":"guide/action/doctor-conference","title":"博士生申请国际学术会议资助","digest":"申请者下载并提交《博士生参加国际学术会议申请表》 导师推荐、签字 培养单位审核、主管领导签字 提交学术学位培养_工作办公室审批 审批通过后通知申请者按要求参会 申请者参会结束后持相关票据和总结报告(需有会议证明、会议论文或发言证明等)到学术","thumbs":["https://mp.innenu.com/img/inNENU.jpg"],"tags":["执行流程","相关文件"]}}