{"name":"东师传媒","desc":"为您提供学术前沿、产业资讯、校园动态信息","id":"nenu_media","logo":"https://mp.innenu.com/img/media/media.png","qrcode":"https://mp.innenu.com/img/media/media-wechat.jpg","article":[{"cover":"http://mmbiz.qpic.cn/mmbiz_jpg/L1fovk11hQfUphJXoOR5n2KcbSicuqbcfnGUA1Do21tte7X16LJw3H0lb5TDHHWc8sOVHZErVRdITUqym36BiaRg/0?wx_fmt=jpeg","title":"开学典礼｜播种希望，收获未来","url":"https://mp.weixin.qq.com/s/8-dWTt7-FN2SHxQeYQLgzg"},{"cover":"http://mmbiz.qpic.cn/mmbiz_jpg/L1fovk11hQdp32rmLnE5iaxkOwQeKdGxEF3EwV5RersUKIBX0B99h7Hdxic0O0F230hXZh05iaP2agI17iaOoWsTlg/0?wx_fmt=jpeg","title":"直击现场 | 2021级新生今日报道","url":"https://mp.weixin.qq.com/s/u6ppGc-K0SqYI05lUrR7sA"},{"cover":"http://mmbiz.qpic.cn/mmbiz_jpg/L1fovk11hQf641gfUxDAFJr8wBRibxQczfxsFmw17icKvAJ5V6AoJOSQvCs3DMzMViaRb71mct82NrgLzGfibhHs0Q/0?wx_fmt=jpeg","title":"【央视新闻直播间】我的暑期生活 诗和远方的青春故事","url":"https://mp.weixin.qq.com/s/JFA5UdWRYkZ1xefdThi1ig"},{"cover":"http://mmbiz.qpic.cn/mmbiz_jpg/L1fovk11hQcFuiarn1oN6lyVpF8CswNx6nNsqFxCKNXabWMwcoVxr48kSltenEsWekvcndqU7ibuvZxGoj4CWNFA/0?wx_fmt=jpeg","title":"致最可爱的人","url":"https://mp.weixin.qq.com/s/my11G14_X_N75KmGyC-LNA"},{"cover":"http://mmbiz.qpic.cn/mmbiz_jpg/L1fovk11hQeBvLFp0pJvzECRn4ajsLaeRe85aHty3R4xeK1Kv0UTibjDYxqiacN1noGleic2450pCLUGgbcicrkA9w/0?wx_fmt=jpeg","title":"吴文汐副教授受邀为龙井市全媒体舆论引导专题培训班授课","url":"https://mp.weixin.qq.com/s/hjIbcNuPJNTlcCu95dV_fg"},{"cover":"http://mmbiz.qpic.cn/mmbiz_jpg/L1fovk11hQd5RudAIn6pZaAAlmosPSKfLRlAhebYdA7JKrb8tuCJaUW06ZyyPiaI7rtMqpeUsGFIH8ySFSZK3gg/0?wx_fmt=jpeg","title":"暑假小贴士","desc":"暑假快乐！","url":"https://mp.weixin.qq.com/s/j0dqKh5eqNiT1-8PMS--8A"},{"cover":"http://mmbiz.qpic.cn/mmbiz_jpg/L1fovk11hQfia8ronTHllfe1Vq99z6FiaOzicF9Hy3ycwOmg76cZ9COkwg0vN1xfiaLTPlwJ2xmghWkeAlEfvxYImA/0?wx_fmt=jpeg","title":"传媒科学学院（新闻学院）组织“重温红色记忆 砥砺初心使命”党史学习教育主题实践活动","desc":"重温红色记忆，砥砺初心使命。","url":"https://mp.weixin.qq.com/s/Edt9AAsKOr3g-4ZmVoNuww"},{"cover":"http://mmbiz.qpic.cn/mmbiz_jpg/L1fovk11hQfv4n2Hk7zayIQiaem6x42bK8h5JicpAVYJoqFfZsW9opnrJOhicB5Xl41bAhBxVxNjKQsXpqDMkkOZg/0?wx_fmt=jpeg","title":"共庆盛典|传媒科学学院（新闻学院）组织观看“庆祝中国共产党成立100周年大会”","url":"https://mp.weixin.qq.com/s/SRQSu51EpQOeVzd-JwW2Mg"},{"cover":"http://mmbiz.qpic.cn/mmbiz_jpg/L1fovk11hQde8Eqqy2Aia4xZiaiadz6QC9CmPgBkiamXIA4XUWKwxwRw9mDBJXeKMicZREXQvvNdA1WgAiaEibezaibjwQ/0?wx_fmt=jpeg","title":"青春同心，使命同行 | 庆祝中国共产党成立一百周年主题诗会","desc":"青春同心，使命同行。","url":"https://mp.weixin.qq.com/s/BPjF1_Dsop6BRtgSuPkyPg"},{"cover":"http://mmbiz.qpic.cn/mmbiz_jpg/L1fovk11hQde8Eqqy2Aia4xZiaiadz6QC9CVPHJ7x6l9VeOS3Kz65VTOjL6bMS6Hc6lOySibSpJZprz663iaR3DqTQA/0?wx_fmt=jpeg","title":"预备党员入党宣誓大会","url":"https://mp.weixin.qq.com/s/a1Bt07BumTQa575dDp2_sQ"},{"cover":"http://mmbiz.qpic.cn/mmbiz_jpg/L1fovk11hQde8Eqqy2Aia4xZiaiadz6QC9CcUxn6rjoh1gNt6NMCHblrJ1e23xXSfmwnnwibJjL91vw6qzwRgibz12w/0?wx_fmt=jpeg","title":"“学党史 知校史 做新时代美的传媒人”党课","desc":"以史为鉴，以史育人。","url":"https://mp.weixin.qq.com/s/rD8eX2iQI29681Dbt0gUeA"},{"cover":"http://mmbiz.qpic.cn/mmbiz_jpg/L1fovk11hQfByvkuB7iciaMywRicC86OOz1cjtEMymXKttMFDsib2seLInwFczPBklYVmRv4zkibdFDATqXwWJEHGjQ/0?wx_fmt=jpeg","title":"党史学习教育 |《影视剧中学党史 ——电视剧&lt;长征&gt;导演访谈》第二集","url":"https://mp.weixin.qq.com/s/WcGBURquS2cxUQgUzw-I8Q"},{"cover":"http://mmbiz.qpic.cn/mmbiz_jpg/L1fovk11hQflnHM181MyQX02MsId50hGOBgicEg4rUXiaSWaRIicXx4ylrTgxItEibaB6UIcUsibFZ9rX6YW8DnARWQ/0?wx_fmt=jpeg","title":"党史上的今天 | 6月23日","desc":"追寻红色记忆，回顾百年党史；跟随党的脚步，我们继续前行。","url":"https://mp.weixin.qq.com/s/9tx1ZR-YV0cJE2MVTnuxng"},{"cover":"http://mmbiz.qpic.cn/mmbiz_jpg/L1fovk11hQfxKNYUPKlG4icgS8FedfuEuyB90xWPUM9JH81pWFiaP794MXfpF6Xf9FBad744GKgXn8W1lJBkKWPw/0?wx_fmt=jpeg","title":"党史上的今天 | 6月22日","desc":"追寻红色记忆，回顾百年党史；跟随党的脚步，我们继续前行。","url":"https://mp.weixin.qq.com/s/CxgGXSm9rq0toc5pPCmKsw"},{"cover":"http://mmbiz.qpic.cn/mmbiz_jpg/L1fovk11hQfByvkuB7iciaMywRicC86OOz1PZfXBhdlwGkZosOcDFUmsXHpbdmGxlDOqnzE3iaHDQND4EnySY1vhdg/0?wx_fmt=jpeg","title":"党史学习教育 |《影视剧中学党史 ——电视剧&lt;长征&gt;导演访谈》第一集","url":"https://mp.weixin.qq.com/s/_z0YDANKJVFw3rksfV9jxw"},{"cover":"http://mmbiz.qpic.cn/mmbiz_jpg/L1fovk11hQfByvkuB7iciaMywRicC86OOz1PZfXBhdlwGkZosOcDFUmsXHpbdmGxlDOqnzE3iaHDQND4EnySY1vhdg/0?wx_fmt=jpeg","title":"党史学习教育 |《影视剧中学党史 ——电视剧&lt;长征&gt;导演访谈》第一集","url":"https://mp.weixin.qq.com/s/_z0YDANKJVFw3rksfV9jxw"},{"cover":"http://mmbiz.qpic.cn/mmbiz_jpg/L1fovk11hQeKCYEafMrvXC0KiaOlxq7RLJ3ZsCo3LIf6eq3fpibKGvJHqPRPJhiao1v3WlhaG9jV6VS6jB4m9FWew/0?wx_fmt=jpeg","title":"以诗传情、以诗载史、以诗颂党 | 播音与主持艺术系举行现代诗公园党史学习教育实践活动","url":"https://mp.weixin.qq.com/s/Ucgrqb2tj4DKnf98zlrb4g"},{"cover":"http://mmbiz.qpic.cn/mmbiz_jpg/L1fovk11hQccrI1WOfaSX9picO728c4VDePa8aLRiakIKy9DruFC6Cibu5YZNiciaWDRvwlYiceMrTRs3I3XO1zbnfgQ/0?wx_fmt=jpeg","title":"我院荣获“百年追梦，强师报国”教职工合唱比赛一等奖","url":"https://mp.weixin.qq.com/s/QXx7raKwEhdMd6Ui01r6zg"},{"cover":"http://mmbiz.qpic.cn/mmbiz_jpg/L1fovk11hQehVfMlLciaZaLxBmn1sDpEKY1LZDmS0KsN7MNjqruUsmsCFvWrk4spaUFoPsAttiaPMaUMSDxVaQsQ/0?wx_fmt=jpeg","title":"运动会 | 六月骄阳，青春风采","url":"https://mp.weixin.qq.com/s/WdSAGpv9RgY9-EahKxqf4A"},{"cover":"http://mmbiz.qpic.cn/mmbiz_jpg/L1fovk11hQcC2wJ9RUKxOzZVibwfG3u3jy9COY8NFL0aqzqBRILnQZuT3NzpLvlwWsthG4qmDfqLdpKX5iaarmFg/0?wx_fmt=jpeg","title":"起航空间 | 广告学学生优秀作品《藏在通话里的爱情》","url":"https://mp.weixin.qq.com/s/KBVGFyjMyXBDNrmID7VtHA"}]}