{"name":"东北师范大学物理学院","detail":"东北师范大学物理学院","desc":"尊重的教育 创造的教育","id":"nenuphy","logo":"https://mp.innenu.com/img/media/phy.jpg","qrcode":"https://mp.innenu.com/img/media/phy-wechat.jpg","article":[{"cover":"http://mmbiz.qpic.cn/mmbiz_jpg/rA5uqbJCIC4hvaB2eMwYLABE2kweL8SPVd7lDmwO3zCbHCxaBXxLTtuajGS5yYCCk4ZuQ1KIrApz5r9ypDngiaQ/0?wx_fmt=jpeg","title":"教师节夜话 || 老师们，你们辛苦啦！","desc":"学高为师，身正为范。老师们，你们辛苦啦！","url":"https://mp.weixin.qq.com/s/hbUJK5Qirrd7DhsQofXzxQ"},{"cover":"http://mmbiz.qpic.cn/mmbiz_jpg/rA5uqbJCIC6m2RM0u3ibpnDpBYBLheo0huaTseN8icKt60b2tSThGVc3vuEJAdsNqia0FmPQHp4qO2Oa354A3p3hw/0?wx_fmt=jpeg","title":"迎新特辑 | NO. 5物院学生组织（2）——东师物院学生会、爱心使者团、兴趣协会","desc":"欢迎新同学们加入东北师范大学物理学院，我们为大家准备了迎新特辑，希望能帮助大家更快地了解学院的相关内容！","url":"https://mp.weixin.qq.com/s/_I4pZp2LiFziFMOSIWsHUg"},{"cover":"http://mmbiz.qpic.cn/mmbiz_jpg/rA5uqbJCIC6m2RM0u3ibpnDpBYBLheo0hwStyFAibvm3FiaScmp9CWIVfH18X8Vy0t2A67yGbzw1x2ZkCcprWKh1w/0?wx_fmt=jpeg","title":"迎新特辑 | NO. 4物院学生组织（1）——东师物院团委","desc":"欢迎新同学们加入东北师范大学物理学院，我们为大家准备了迎新特辑，希望能帮助大家更快地了解学院的相关内容！","url":"https://mp.weixin.qq.com/s/J12dSmjDOXhyLCKFpeAP7w"},{"cover":"http://mmbiz.qpic.cn/mmbiz_jpg/rA5uqbJCIC6jkHR89RUia7WQSTAxbtMBqVyeo7ibdrs5b3iaDcQUCjToGrqJzh0VA8snKPHBvVUcsCUiaNoaIZRt3Q/0?wx_fmt=jpeg","title":"迎新特辑 | NO.3 课程与考试的科普","desc":"欢迎新同学们加入东北师范大学物理学院，我们为大家准备了迎新特辑，希望能帮助大家更快地了解学院的相关内容！","url":"https://mp.weixin.qq.com/s/rKn2MiJ5FqGuGBJR-jNTyA"},{"cover":"http://mmbiz.qpic.cn/mmbiz_jpg/rA5uqbJCIC6jkHR89RUia7WQSTAxbtMBqcoPW6XJ5SmaVdlUhDkxu0ezNtGrRoJDaicicI20CyzVqr69vsftGT3HQ/0?wx_fmt=jpeg","title":"迎新特辑 | NO.2 基地班+专业介绍","desc":"欢迎新同学们加入东北师范大学物理学院，我们为大家准备了迎新特辑，希望能帮助大家更快地了解学院的相关内容！","url":"https://mp.weixin.qq.com/s/pSFvjrPdHEZaIWSiye5vgA"},{"cover":"http://mmbiz.qpic.cn/mmbiz_jpg/rA5uqbJCIC6jkHR89RUia7WQSTAxbtMBq7VwBV5y38DRkgnVVz2MUWpQUIY0ibYmjsswpsfQgNDgPfYpHAKmGuhQ/0?wx_fmt=jpeg","title":"迎新特辑 | NO. 1学院基本概况","desc":"欢迎新同学们加入东北师范大学物理学院，我们为大家准备了迎新特辑，希望能帮助大家更快地了解学院的相关内容！","url":"https://mp.weixin.qq.com/s/4K9xSvD6-UqM8Sbo6qFutg"},{"cover":"http://mmbiz.qpic.cn/mmbiz_jpg/rA5uqbJCIC5LekToEPTAibBiciaKXTS0PNyhrZaNhPt501ibpRBjQfXXHymIJasqSDtCWJk43qYsvXIUKqXe4rPL7A/0?wx_fmt=jpeg","title":"“人民教育家”于漪： 一辈子做教师，一辈子学做教师","desc":"“人民教育家”于漪： 一辈子做教师，一辈子学做教师","url":"https://mp.weixin.qq.com/s/3_a32uYkn1LbY1BKtTSPEg"},{"cover":"http://mmbiz.qpic.cn/mmbiz_jpg/rA5uqbJCIC5LekToEPTAibBiciaKXTS0PNyHH0G7nMClicbTm7DyBDJgXwPg1J200eX8g9m07I2EvOG6bia3tibSnNNQ/0?wx_fmt=jpeg","title":"教育系统时代楷模——“太行愚公 科技财神”李保国","desc":"教育系统时代楷模——“太行愚公 科技财神”李保国。让我们一起来看看这位“最美奋斗者”的事迹吧！","url":"https://mp.weixin.qq.com/s/CzWlR-7YrDqsZzA87X1WzA"},{"cover":"http://mmbiz.qpic.cn/mmbiz_jpg/rA5uqbJCIC4yfzO9hSSxELFVBtdrRQfdp2KbKqoHtc7ibZTpVyz6bOpibfgE22z5dFflYIXsQicfdmHLyX3Ah6cxg/0?wx_fmt=jpeg","title":"建党百年读书分享会——《中国共产党简章》第八章","desc":"建党百年读书分享会——《中国共产党简章》第八章","url":"https://mp.weixin.qq.com/s/h2FSQOLTZWPaPpVHFmx90g"},{"cover":"http://mmbiz.qpic.cn/mmbiz_jpg/rA5uqbJCIC6cFBWmjB4ps35FsibO3LksVFGHNWlRfUGB53eDhuKIp4FpxnIqLDicToGgBOHDjmicLp8IIw6JPnXxw/0?wx_fmt=jpeg","title":"2021年下半年征兵来啦~","desc":"秋季征兵号角已吹响，来了解一下大学生应征入伍政策吧！","url":"https://mp.weixin.qq.com/s/f8CqIOiYRJnRmf0tXe43JQ"},{"cover":"http://mmbiz.qpic.cn/mmbiz_jpg/rA5uqbJCIC6aUBPwAmIeyTFs0EibToUeLakvVM6BKlSVl990JGA8EsQaicZMIrAbCMicz0BGfP4pvkVMkZboRlRsw/0?wx_fmt=jpeg","title":"青览天下——第一期","desc":"第一期的青览天下来啦，一起来了解时政并且认识咱们学院的学霸吧~","url":"https://mp.weixin.qq.com/s/2tX0H0x50olm9asuaqmhWA"},{"cover":"http://mmbiz.qpic.cn/mmbiz_jpg/rA5uqbJCIC6aUBPwAmIeyTFs0EibToUeLxqVZ53z8XgLRbYXgeToSibR9HV2wmKJiaKbM5YdNhNcIobTicG4F5UvJg/0?wx_fmt=jpeg","title":"青览天下——第二期","desc":"青览天下第二期来啦~快来看看时事新闻和了解我们身边优秀的学长吧~","url":"https://mp.weixin.qq.com/s/eQoXzme7FIhqLA26xdKnsg"},{"cover":"http://mmbiz.qpic.cn/mmbiz_jpg/rA5uqbJCIC6aUBPwAmIeyTFs0EibToUeLX63Ws4gSIuovEbUh38ltauOctibroLicwy3pXXLnHP7rRgb2wRiaPHiaicA/0?wx_fmt=jpeg","title":"青览天下——第三期","desc":"青览天下第三期来啦！一起来了解时政并且认识咱们学院的学霸吧~","url":"https://mp.weixin.qq.com/s/4FmOTN_-ZElG5ZokIxR9Bw"},{"cover":"http://mmbiz.qpic.cn/mmbiz_jpg/rA5uqbJCIC6kuU9P6zYpu4wZeMhQAI9TiaB0yUrvjvVVcIMjCO2zNwozRss1QAML02ehEpza7rRvia0j7D8n5ObA/0?wx_fmt=jpeg","title":"建党百年读书分享会——《中国共产党简章》第六章","desc":"建党百年读书分享会《中国共产党简章》第六章\\x0a值此建党一百周年之际，让我们一起来重温前人对中国发展道路的探索吧。","url":"https://mp.weixin.qq.com/s/bXWyKvMGccw3ASmJERPKEg"},{"cover":"http://mmbiz.qpic.cn/mmbiz_jpg/rA5uqbJCIC5ibqE0ia2WC32pxaLbvHx1kLJ5piamo0oNOlxSPIVnoeN4sDqOPPr03zju5dUox1FUyreCO4KtIID4g/0?wx_fmt=jpeg","title":"建党百年读书分享会——《中国共产党简章》第五章","url":"https://mp.weixin.qq.com/s/6zyI0kpVO-heNNNa5SLYrw"},{"cover":"http://mmbiz.qpic.cn/mmbiz_jpg/rA5uqbJCIC6kuU9P6zYpu4wZeMhQAI9TiaB0yUrvjvVVcIMjCO2zNwozRss1QAML02ehEpza7rRvia0j7D8n5ObA/0?wx_fmt=jpeg","title":"建党百年读书分享会——《中国共产党简章》第六章","desc":"建党百年读书分享会《中国共产党简章》第六章\\x0a值此建党一百周年之际，让我们一起来重温前人对中国发展道路的探索吧。","url":"https://mp.weixin.qq.com/s/bXWyKvMGccw3ASmJERPKEg"},{"cover":"http://mmbiz.qpic.cn/mmbiz_jpg/rA5uqbJCIC53KI4ElicGJFk9UQqd3zjW1Kta1TVjkDjiahibbxGDj5MvDpTBK1zibx75wj0jLtA3QicH1xOt97Mq0Gg/0?wx_fmt=jpeg","title":"建党百年读书分享会——《中国共产党简章》第三章","desc":"党的十八大以来，无论是视察革命纪念地，还是出席重大活动、重要会议，习近平总书记多次强调，“历史是最好的教科书”，不仅要学，而且必须学好，力求做到明理、增信、崇德、力行。","url":"https://mp.weixin.qq.com/s/GW7-hsmIiR8G77jBRSVVVA"},{"cover":"http://mmbiz.qpic.cn/mmbiz_jpg/rA5uqbJCIC5oMG2aicib2Hiap6KFGicIhFUdhicfBzeqFx2jyem4kWBuRsh3J83V7zfRTRAOf2al65WcE5zaeerhBsg/0?wx_fmt=jpeg","title":"建党百年读书分享会——《中国共产党简章》第二章","desc":"信仰如旗，凝聚磅礴的力量；\\x0a理想如炬，照亮前行的征程.","url":"https://mp.weixin.qq.com/s/aggOYye8PS4v-c6n4eLFeg"},{"cover":"http://mmbiz.qpic.cn/mmbiz_jpg/rA5uqbJCIC6tWuvI70e1ibcAsrmM2KmrX14sMU3Y6z2gsHu1joRNnyGgBqYIH3OtKnC7uKZu7qibEDLT0gmRJhHA/0?wx_fmt=jpeg","title":"建党百年读书分享——《中国共产党简史》第一章","desc":"热烈庆祝建党100周年1921—2021党建100周年1921—20212021年，在建党100周年来临之际2021年，在建党100周年来临之际，我们应重温《中国共产党简史》","url":"https://mp.weixin.qq.com/s/T08Wf1omk9YKZQ0PUnXs2g"},{"cover":"http://mmbiz.qpic.cn/mmbiz_jpg/rA5uqbJCIC7baT1qtKXK9zsIWuIEeKfYZwIlDsJKx2PP6libdNwibrBnv9dWOqCkzy4eoXCEhFpwpbLTRdV5kL0Q/0?wx_fmt=jpeg","title":"“不忘初心，牢记使命”主题微党课","desc":"“不忘初心，牢记使命”主题微党课它从长春的轨道交通变化、“三农”问题和生态文明建设三个方面讲述了党领导下长春的蓬勃发展。","url":"https://mp.weixin.qq.com/s/iUfGI7fU1qIeQcnJ0bHodA"}]}