{"name":"东师小窝","detail":"东北师范大学学生宿舍自我管理委员会","desc":"东师小蜗牛们的温暖家园","id":"Nenuxiaowo","logo":"https://mp.innenu.com/img/organization/xiaowo.png","qrcode":"https://mp.innenu.com/img/media/xiaowo-wechat.jpg","article":[{"cover":"https://mmbiz.qpic.cn/mmbiz_jpg/jj175bf7cTYrTkxy42PZx9xusUyibqQfblNr1v1HPNyRqgk3HKYia862SknF5qz0zM9IZVfic6eCFPxkqzevP6xiaQ/0?wx_fmt=jpeg","title":"新生攻略之本部篇","desc":"新生攻略计划启动，看完之后瞬间对东师本部了如指掌!","url":"https://mp.weixin.qq.com/s/9yz0EyosqhQgPqZc5tRENg"},{"cover":"https://mmbiz.qpic.cn/mmbiz_jpg/jj175bf7cTYEVez5Jwic1WbZc9dzdIniaIA1oEUlibvXX7P99ywzGHbKicHwAyTKOSUEBPyVmD96HS90BGVZDzDHjQ/0?wx_fmt=jpeg","title":"新生攻略之净月篇","desc":"这是关于净月校区的一篇攻略，带你走进东北师范大学!","url":"https://mp.weixin.qq.com/s/iJJmjH1ZbX4aPXt8oLNdZA"},{"cover":"https://mmbiz.qpic.cn/mmbiz_jpg/jj175bf7cTYjSqMAC0lvsQwwpGsUN8ibeGk0DUia32eqt0x8btAjw7Y7D03snaQrGCjX1fU3ZRKw46IVCOrE6ZmQ/0?wx_fmt=jpeg","title":"毕业灯光秀|迎建党百年·启人生新章","desc":"迎建党百年·忆青春岁月","url":"https://mp.weixin.qq.com/s/iab6Z2AmcfBIOJfUBl5dTg"},{"cover":"https://mmbiz.qpic.cn/mmbiz_jpg/jj175bf7cTbE88A85DtbmwvcRGHdKMngBXPERCRUPIib6ics7NUwgZHsBeabmZ4x52p2GTTIOk4540ShxfdW3Ubw/0?wx_fmt=jpeg","title":"21天，从小窝开始收获自律!","desc":"相信吗，只要21天，你将收获自控力，摆脱拖延症!","url":"https://mp.weixin.qq.com/s/5-wgKb08zDDZH_Nzt2zd8A"},{"cover":"https://mmbiz.qpic.cn/mmbiz_jpg/jj175bf7cTbgt8Iy2REZoIqhA23nfEJIXngUdZ0rrtsGboHEvTxeGxayFOEzVvE7wlBicENdcT6KRZpX9nW8xZg/0?wx_fmt=jpeg","title":"无烟  是一种健康的生活方式","desc":"无烟  是一种健康的生活方式!","url":"https://mp.weixin.qq.com/s/VNCQjaL-J3fppnz6aP_XJQ"}]}