{"name":"东师青马","detail":"东北师范大学青年马克思主义者学习研究会","desc":"学马列，品人生；以马列知识为本，弘扬社会主义核心价值观，传递正能量，奔着“培养中国特色社会主义事业的建设者”的目标，fighting！！！","id":"dsqmxh","logo":"https://mp.innenu.com/img/organization/marx.png","qrcode":"https://mp.innenu.com/img/media/youth-marx-wechat.jpg","article":[{"cover":"http://mmbiz.qpic.cn/mmbiz_jpg/TuutYtsMAagDjqA9k3vDpRMkpAhibQZN1NPmOLH2juCZZ9WZJyTDx4as4HXRvcJdJicMibAFd2qutnpRWXuiaEP7Qw/0?wx_fmt=jpeg","title":"青马学会|召开2021年春季学期工作研讨会","desc":"征途漫漫，惟有奋斗。2021年3月28日，东北师范大学青年马克思主义者学习研究会(简称“青马学会”)在本部校区北苑三楼b17召开2021年春季学期工作研讨会。","url":"https://mp.weixin.qq.com/s/cM1FLKsze7iY1cfmU0kHLA"},{"cover":"http://mmbiz.qpic.cn/mmbiz_jpg/TuutYtsMAaglQGOPUex1TR5IhGqibfib2JNXl6rNBXibNmDltgyjtolmv389Cia5tWgq1PAXe1tNBWWXK8uStr59oQ/0?wx_fmt=jpeg","title":"征途漫漫，惟有奋斗|东北师范大学青马学会召开期末总结会","url":"https://mp.weixin.qq.com/s/7LpTTRrGQm7HG8rbOkeffw"},{"cover":"http://mmbiz.qpic.cn/mmbiz_jpg/TuutYtsMAagyEGod2KcK0YaNB4tNdzUxTwnjujpC5uvyUV95UkNRhoyGxrbpUic88P9G9IF0PeOUMyPyMOl4hrQ/0?wx_fmt=jpeg","title":"东北师范大学青马学会举办《习近平与大学生朋友们》学习研讨会","url":"https://mp.weixin.qq.com/s/9gELFUJAmrkUgP79GVz-xw"},{"cover":"http://mmbiz.qpic.cn/mmbiz_jpg/TuutYtsMAagdar4u4lmFZO5cOffNahf0EbZoCUMX4Y156JzCMbSiaTLI1iaeaDJgWqAKGrmZicOb5oDRfjOX1qaMg/0?wx_fmt=jpeg","title":"青马读书周|东北师范大学青马学员研读《共产主义原理》","url":"https://mp.weixin.qq.com/s/CLaELtUymWuzqOzI25zFeA"},{"cover":"http://mmbiz.qpic.cn/mmbiz_jpg/TuutYtsMAaiaS3lfSe6zkAes1vUw2gNYGsefjPUZnz5Jl753gMndbic9jyib7fVAicY3thTokO8mDK2wtfyZjyHZxw/0?wx_fmt=jpeg","title":"青马读书周|第一学习小组召开第二次理论学习成果汇报会","url":"https://mp.weixin.qq.com/s/aw6v7t4UMcOovshWBxVM_g"},{"cover":"http://mmbiz.qpic.cn/mmbiz_jpg/TuutYtsMAajHmFT8zPjugQZqibs1KuP5LuvXz5h8gvqKRzt0jI3IzXxmhHTRxNLjnlGTbIpSxEoDmltAsF7cwzQ/0?wx_fmt=jpeg","title":"青马读书周｜第二学习小组召开第二次理论学习成果汇报会","desc":"青马读书周｜第二学习小组召开第二次理论学习成果汇报会","url":"https://mp.weixin.qq.com/s/Y8Q22wOsw9T75c_sgTlP-A"}]}