{"title":"本部洗衣店","author":"Mr.Hope","time":"2021年11月22日","shareable":true,"content":[{"tag":"title","text":"校内位置"},{"tag":"ul","text":["北苑地下一楼","浴池一楼"]},{"tag":"text","heading":"糖果洗衣","text":["位于浴池一楼。"]},{"tag":"img","src":"https://mp.innenu.com/img/bath/benbu-shop4.jpg","desc":"糖果洗衣"},{"tag":"text","heading":"衣栈洗衣","text":["位于北苑地下一楼。"]},{"tag":"img","src":"https://mp.innenu.com/img/life/benbu/yizhan.jpg","desc":"北苑洗衣价格"},{"tag":"img","src":"https://mp.innenu.com/img/life/benbu/yizhan-price.jpg","desc":"北苑洗衣价格"},{"tag":"title","text":"校外店铺"},{"tag":"text","text":["暂无信息"]}],"id":"guide/life/washing/benbu","images":["https://mp.innenu.com/img/bath/benbu-shop4.jpg","https://mp.innenu.com/img/life/benbu/yizhan.jpg","https://mp.innenu.com/img/life/benbu/yizhan-price.jpg"],"scopeData":{"@type":"general","uniq_id":"guide/life/washing/benbu","title":"本部洗衣店","cover":"https://mp.innenu.com/img/bath/benbu-shop4.jpg","digest":"北苑地下一楼 浴池一楼糖果洗衣 位于浴池一楼。衣栈洗衣 位于北苑地下一楼。暂无信息","thumbs":["https://mp.innenu.com/img/bath/benbu-shop4.jpg","https://mp.innenu.com/img/life/benbu/yizhan.jpg","https://mp.innenu.com/img/life/benbu/yizhan-price.jpg"],"tags":["校内位置","校外店铺"]}}