{"title":"就医","author":"Mr.Hope","time":"2022 年 8 月 2 日","shareable":true,"content":[{"tag":"title","text":"校医院"},{"tag":"p","text":["本部校医院位于西大门北侧、行政楼背后、地铁出站口旁。","医院设有内科(呼吸、消化、神经、心血管、肾病、内分泌)、外科(普通外科、骨科、泌尿外)、儿科(小儿呼吸、小儿消化)、急诊科、中医科、妇产科、口腔科(口腔内科、口腔修复)、眼科、耳鼻喉科、皮肤美容科、肛肠外科、康复科、检验科(体液、血液、微生物、生化、免疫血清专业)、放射线科(X 线、心电、B 超)、电诊科、药剂科、针灸科、传染科、保健科、心理咨询门诊等科室。"],"style":";display: inline-block"},{"tag":"list","header":false,"items":[{"text":"校医院详情","icon":"hospital","path":"intro/apt/hospital/index"}]},{"tag":"p","type":"tip","text":["建议同学们有什么小病，比如感冒、发烧、拉肚子等就直接去校医院就诊就可以了。如果遇到什么重大疾病，可以到校医院进行初步诊断后让其转诊至校外医院。这样可以享受校内医保报销。"],"style":";display: inline-block"},{"tag":"title","text":"校外医院"},{"tag":"text","text":["本部校区附近比较好的医院有吉林大学白求恩第一医院、中心医院与中日联谊医院。"]},{"tag":"text","type":"info","heading":"吉林大学白求恩第一医院","path":"guide/life/hostpital/zhongri/index","text":["是吉林省内非常出名的医院，患者很多。除了夜间急诊之外，白天就诊需要在线使用微信公众号提前挂号。","从本部出发，先乘坐地铁一号线向北环城路方向乘坐一站至解放大路站，之后上楼换乘 2 号线乘坐创丰方向的地铁坐到文化广场站，从 C 口出去即是。"]},{"tag":"p","type":"info","heading":"中心医院","path":"guide/life/hostpital/center/index","text":["长春市三甲，患者相对比较少，医生会更加耐心一些。","乘坐地铁一号线可直达，去北环城路方向，在人民广场站下车，从 A 口出。"],"style":";display: inline-block"},{"tag":"p","type":"info","heading":"中日联谊医院","path":"guide/life/hostpital/zhongri/index","text":["长春市三甲，离学校比较近"],"style":";display: inline-block"}],"cite":[],"id":"guide/life/hostpital/benbu"}