{"title":"一食堂基本餐","desc":"特别鸣谢苏凛提供相关照片和信息","author":"Mr.Hope","time":"2021年8月15日","shareable":true,"content":[{"tag":"text","text":["二楼进门前侧有基本餐"]},{"tag":"ul","heading":"基本餐供应时间","text":["早: 6:30 - 8:30","午: 11:00 - 12:30","晚: 16:30 - 18:00"]},{"tag":"img","src":"https://mp.innenu.com/img/dining/dining44.png"}],"images":["https://mp.innenu.com/img/dining/dining44.png"],"id":"guide/dining/dining1/basic","scopeData":{"@type":"general","uniq_id":"guide/dining/dining1/basic","cover":"https://mp.innenu.com/img/dining/dining44.png","title":"一食堂基本餐","digest":"二楼进门前侧有基本餐基本餐供应时间 早: 6:30 - 8:30 午: 11:00 - 12:30 晚: 16:30 - 18:00","thumbs":["https://mp.innenu.com/img/dining/dining44.png"],"tags":[]}}