{"title":"军训情况说明","author":"Mr.Hope、战俊华","time":"2022 年 7 月 29 日","shareable":true,"outdated":true,"content":[{"tag":"text","type":"warning","text":["学校尚未公布 2022 年军训时间与具体安排。会在公布后进行更新。","以下内容为 2021 年情况。"]},{"tag":"title","text":"简介"},{"tag":"text","type":"info","text":["军训全称军事训练，是国家要求的大学生必修课程。所有人均需要在毕业前完成军事训练课程。"]},{"tag":"p","type":"tip","heading":"军训是否重要","text":["当然重要! 军训是一门课程，1 学分，结业时由教官打分。它是必修课，所以挂科只能重修(也就是再来一遍)，否则不能毕业! 而且大一评奖评优很多学院都会计算这门课程。","考核方式通常为分组考核队列，其他连队的教官打分。"],"style":";display: inline-block"},{"tag":"title","text":"军训强度"},{"tag":"p","text":["因为东师女生比例较大，军训不会有特别强的体能消耗，无需太担心坚持不下来。","而且因为疫情原因，2021 年的军训教官甚至主要由本校体院学生组成。教官自然不会对教员特别严格。"],"style":";display: inline-block"},{"tag":"title","text":"评优方式"},{"tag":"p","text":["全校所有军训的连队组成的大队伍称为一个团。在军训结束后，每个连会评选出“连优秀队员”，每个团会评选出“团优秀队员”。也就是“团嘉奖”和“连嘉奖”。还会评选优秀连队。本部和净月是分开的。"],"style":";display: inline-block"}],"cite":[],"id":"guide/activity/military/intro"}