{"title":"图书馆开门时间","author":"Mr.Hope","time":"2021年11月22日","shareable":true,"content":[{"tag":"title","text":"本部校区"},{"tag":"img","src":"https://mp.innenu.com/img/library/benbuOpenTime.png"},{"tag":"title","text":"田家炳楼"},{"tag":"img","src":"https://mp.innenu.com/img/library/TianjiabingOpenTime.png"},{"tag":"title","text":"净月校区"},{"tag":"img","src":"https://mp.innenu.com/img/library/jingyueOpenTIme.png"}],"id":"intro/apartment/library/door","images":["https://mp.innenu.com/img/library/benbuOpenTime.png","https://mp.innenu.com/img/library/TianjiabingOpenTime.png","https://mp.innenu.com/img/library/jingyueOpenTIme.png"],"scopeData":{"@type":"general","uniq_id":"intro/apartment/library/door","title":"图书馆开门时间","cover":"https://mp.innenu.com/img/library/benbuOpenTime.png","digest":"","thumbs":["https://mp.innenu.com/img/library/benbuOpenTime.png","https://mp.innenu.com/img/library/TianjiabingOpenTime.png","https://mp.innenu.com/img/library/jingyueOpenTIme.png"],"tags":["本部校区","田家炳楼","净月校区"]}}