{"title":"返校/报到常见问题","time":"2022 年 8 月 11 日","shareable":true,"outdated":true,"id":"guide/epidemic/faq","author":"Mr.Hope","cite":[],"content":[{"tag":"text","type":"info","heading":"为什么学校到校要求有些“苛刻”?","text":["在当前形势下，学校需要听从上级安排的上级有“长春市疾控中心”，“吉林省疾控中心”、“吉林省教育厅”、“国家教育部”。","比如学校要求全员 48 小时阴性核酸报告就来自于国家教育部的指示，由吉林教育厅落实。","对于长春、吉林省疾控中心标记的管控地区，学校均无法安排返校。","对于所有的要求，学校只能取最高的那一个。"]},{"tag":"text","type":"info","heading":"为什么学校频繁改变到校要求?","text":["疫情形式具有多变性，当疫情形势发生变化时，学校就要随之调整。","在当前形势下，学校需要听从上级安排的上级有“长春市疾控中心”，“吉林省疾控中心”、“吉林省教育厅”、“国家教育部”。任何部门新增或者修改的要求学校都要予以落实。"]},{"tag":"text","type":"info","heading":"我是不是只要保证不到访国家卫健委列出的中高风险及重点地区就行了?","text":["不是!!! 学校在长春，您要服从长春本地疾控中心的要求。","长春疾控中心可能会对一些疫情集中发生地或可能发生本土传播风险的地区额外进行管控和限制。如果您身处这些的确，由于到访长春后需要居家检测、居家隔离或集中隔离，学校会暂缓此类学生的到校时间。","对于此类学生，学校会在开学一周后单独安排到校，到校后在学校安排的指定地点完成规定的隔离，之后正常入校活动。"]},{"tag":"text","type":"info","heading":"小程序某一天忘记打卡了能否返校?","text":["不能，无特殊情况请重新打卡打满 14 天。"]},{"tag":"text","type":"info","heading":"如果持续打卡，所在地区移出中高风险地区后是否可以立即申请返校?","text":["打卡是否正常是按照对应日期所在地的状态判定，也就是只要您到访或停留当天为管控地区，即会产生黄码。","只有连续 14 天当天所在地区都并非管控地区，才会显示绿码，所以在这种情况下需要继续打卡 14 天才能申请返校。"]}]}