{"title":"2022 年秋季学期返校/报到条件","time":"2022 年 8 月 14 日","shareable":true,"id":"guide/epidemic/requirement","author":"Mr.Hope","cite":[],"content":[{"tag":"text","text":["为了在新冠疫情下保证同学们的安全，学校会对学生返校/报到进行要求。"]},{"tag":"text","type":"tip","heading":"提示","text":["所需条件按照教育部和属地管理要求制定，将视疫情发展和属地管理要求随时进行调整。","如果想顺利按时报到，请同学们务必逐一核对，及时跟进需求变更，努力克服困难。"]},{"tag":"ol","type":"danger","heading":"需要特别注意的要点","text":["返(入)校前 7 天实际居住地并非以及通行途中并未到访长春市疫情管控地区。该项通过通信行程卡以及大数据查验。","实际居住小区(村屯)、乡镇(街道)为中高风险地区或实际居住地为长春市疫情管控地区的暂缓返校。该项通过小程序打卡位置数据查验。","学生返(入)校前 7 天“东师 e 起战疫”App 信息采集不连续、不完整，或信息出现异常的暂缓返校。也就是是否可以在小程序内生成绿色的返校码。","所有学生除接种禁忌症外，应于开学前在属地接种疫苗。","国家健康码、吉祥码应为绿码。","返校途中应合理规划返校路线，避免途经(停留)疫情中高风险地区。该项在报到时通过通信行程卡查验，不得出现中高风险地区到访记录。"]},{"tag":"list","header":"相关信息","items":[{"text":"吉祥码","path":"guide/epidemic/jixiang-code/index"},{"text":"通信行程卡","path":"guide/epidemic/history-visit/index"}]},{"tag":"title","text":"报到条件"},{"tag":"ol","text":["所有返校人员须持 48 小时内核酸检测阴性报告入校，并在入校当日由校医院统一进行核酸检测。","存在以下情况之一的暂缓返校 (期间学校将统一组织线上教学，返校时间另行通知):\n(1) 来校前 7 天内，有中高风险区旅居史的人员。\n(2) 来校前被判定为密切接触者、密接的密接且尚未解除医学观察或健康监测的人员；来校前被判定为涉疫场所暴露人员，且未按《新型冠状病毒肺炎防控方案 (第九版) 》要求完成核酸检测的人员。\n(3) 来校前 7 天内出现发热、干咳、乏力、咽痛、嗅 (味) 觉减退、腹泻等相关症状的人员。","如在返校 (来校) 途中出现发热、干咳、乏力、咽痛、嗅 (味) 觉减退、腹泻等症状，学生需及时与辅导员联系。校医院会同学生处、研究生院做好信息汇总，学生到校后由校医院医护人员转送至定点发热门诊，经诊断无异常学生可正常返校。","来校尽量乘坐直达交通工具。避免在中高风险地区的火车站、客车站、机场等地始发、住宿及跨站中转 (不同的机场或火车站) 。旅途期间须全程佩戴口罩，注意个人防护。","人事处牵头，会同各学院 (部) 、各单位精准掌握教职工开学前 7 天的活动轨迹及每日体温监测结果 (保卫处、后勤保障部负责本单位聘用人员相关信息的审核管理) ；学生处、研究生院牵头，会同各学院 (部) 精准掌握学生开学前7天的活动轨迹及每日体温监测结果，确保各类师生符合返校要求。学生处、研究生院会同各学院 (部) 提前建立新生联络机制，确保学校各项防疫要求及时准确传达。各单位严格落实信息报送制度，不得瞒报、漏报和误报。","开学报到期间，自由校区开放东北门 (动植物公园对面) ，净月校区开放雕塑门，报到学生从固定通道入校，学生家长原则上不入校。"]},{"tag":"ul","heading":"其他事项","text":["所有师生除接种禁忌症外，应于开学前在属地接种疫苗。不能接种疫苗的应开具“新冠病毒疫苗接种禁忌症证明”。","学生返(入)校前 3 天通过“东师 e 起战疫”线上程序完成入校信息备案，并提交入校申请。备案包括吉祥码、行程卡及返校健康码信息。返校申请经学院(部)审核通过，报研究生院/学生处审批后，方可入校。","入校时需持本人身份证和校园一卡通(新生除外，一卡通丢失的，可返校时现场办理)，经查验吉祥码、行程卡和 48 小时内核酸检测报告。","8 月 20 日起，校园快递服务中心开放收寄件服务。","开学报到各项要求将根据疫情形势和属地要求进行动态调整。"]},{"tag":"ol","type":"info","heading":"国际学生管理","text":["目前在国外的国际学生返华返校时间根据相关部门防控要求确定，返校时间学校将另行通知，新生暂时不报到。","国内出行的国际学生，开学后方可返校，并按上述防控要求和措施管控。"]},{"tag":"ol","type":"info","heading":"其他情况和要求","text":["确有重要科研任务、特殊情况的全日制在籍研究生，经学生本人申请、导师同意、学院(部)审核同意、研究生院审批后可提前返校。","国(境)外返回的师生员工须按吉林省属地要求完成 7 天(第一入境点集中隔离) + 7 天(第二入境点集中隔离) + 7 天(居家隔离)的管控要求。自我健康观察 7 天后，持核酸检测阴性报告申请返校。"]}]}