{"title":"信息科学与技术学院","author":"Mr.Hope","time":"2020年9月1日","content":[{"tag":"account","name":"信息科学与技术学院","logo":"https://mp.innenu.com/img/media/ist.png","detail":"东北师范大学信息科学与技术学院","wxid":"dsxk2017","wxcode":"https://mp.innenu.com/img/media/ist-qrcode.jpg","account":"ist","location":{"latitude":43.82572,"longitude":125.42695},"site":"http://www.ist.nenu.edu.cn/"},{"tag":"list","content":[{"text":"学院简介","icon":"about","path":"intro/school/ist/intro"},{"text":"专业","icon":"intro","path":"intro/school/ist/enroll"}]}],"id":"map/jingyue/school/ist","scopeData":{"@type":"general","uniq_id":"map/jingyue/school/ist","title":"信息科学与技术学院","digest":"","thumbs":["https://mp.innenu.com/img/inNENU.jpg"],"tags":[]}}