{"title":"东北师范大学企业号介绍","author":"Mr.Hope","time":"2021年9月3日","shareable":true,"content":[{"tag":"title","text":"企业号功能"},{"tag":"text","text":["企业号具有非常丰富的功能。请开学后大家自行认证."]},{"tag":"text","type":"warning","text":["2021级新生请于9月1日之后再进行认证。"]},{"tag":"ul","heading":"功能","text":["通过“教务助理中心”进行课表、考场、成绩的查询。","通过校园卡查询流水、充值、挂失、网费充值等","通过档案馆进行毕业生档案追踪等"]}],"images":[],"id":"guide/account/wechat/intro","scopeData":{"@type":"general","uniq_id":"guide/account/wechat/intro","title":"东北师范大学企业号介绍","digest":"企业号具有非常丰富的功能。请开学后大家自行认证.2021级新生请于9月1日之后再进行认证。功能 通过“教务助理中心”进行课表、考场、成绩的查询。 通过校园卡查询流水、充值、挂失、网费充值等 通过档案馆进行毕业生档案追踪等","thumbs":["https://mp.innenu.com/img/inNENU.jpg"],"tags":["企业号功能"]}}