{"title":"2021 秋季学期","content":[{"title":"8 月","icon":"./icon/study.svg","text":"非新生年级8月28日(星期六)、29日(星期日)返校报到\n教学检查时间: 2021年8月26日(星期四)上午对各学院(部)的开学准备工作进行检查。\n8月30日(星期一) :正式上课、2018 级公费师范生应用实践开始"},{"title":"9 月","icon":"./icon/study.svg","text":"研究生新生9月1日(星期三)报到\n本科生新生9月3日(星期五)报到\n本科英语分班考试: 9月4日、9月5日\n新生体检: 待通知\n净月新生体测: 9月11日\n本部新生体测: 9月12日\n新生体测补测: 9月19日\n中秋节放假: 9月19日(星期日)至21日(星期二)，共三天\n9月18日(星期六)上9月20日(星期一)的课\n本科新生军训: 9月23日至9月30日\n考研预报名: 9月24日至9月27日 9:00-22:00"},{"title":"10 月","icon":"./icon/study.svg","text":"国庆节: 10月1日至7日\n考研网报: 10月5日至10月25日 9:00-22:00\n本部2019级体测: 10月10日\n净月2019级体测: 10月16日\n本部2020级体测: 10月17日\n净月2020级体测: 10月24日\n老生补测: 10月30日\n10 月 31 日: 2018 级公费师范生应用实践结束"},{"title":"11 月","icon":"./icon/study.svg","text":"无"},{"title":"12 月","icon":"./icon/study.svg","text":"12 月 25、26 日: 研究生考试"},{"title":"1 月","icon":"./icon/study.svg","text":"1 月 3 日至 1 月 14 日: 考试周\n放假日期: 1 月 15 日"}]}