{"title":"报到","grey":true,"author":"Mr.Hope","time":"2021年8月15日","shareable":true,"content":[{"tag":"list","header":"报道要求","content":[{"text":"新生报到需要满足的条件","icon":"alert","path":"guide/epidemic/requirement"}]},{"tag":"list","header":"到校路线","content":[{"text":"专业所在校区","icon":"gate","path":"guide/check/locate"},{"text":"坐火车到校","icon":"train","path":"guide/check/arrival/train/index"},{"text":"坐飞机到校","icon":"plane","path":"guide/check/arrival/plane/index"},{"text":"关于打车","icon":"taxi","path":"guide/check/arrival/taxi"},{"text":"关于接站","icon":"pickup","path":"guide/check/arrival/pickup"},{"text":"提示: 请妥善保管好出行车票，以备学校后期追踪调查。"}]},{"tag":"list","header":"报到流程","content":[{"text":"报到时间地点","icon":"time","path":"guide/check/location-and-time"},{"text":"报到流程","icon":"flow","path":"guide/check/flow"},{"text":"缴费相关","icon":"money","path":"guide/check/pay/index"},{"text":"绿色通道","icon":"green-tunnel","path":"guide/check/green-tunnel"}]},{"tag":"list","header":"相关事务","content":[{"text":"使用校园卡","icon":"card","path":"guide/card/prepare"},{"text":"防盗防骗攻略","icon":"safe","path":"guide/check/guard"},{"text":"入学体检","icon":"medical-exam","path":"guide/check/medical-examination"},{"text":"党团组织关系迁移","icon":"league","path":"guide/check/league"},{"text":"户口迁移","icon":"more","path":"guide/check/hukou"},{"text":"保险与其他","icon":"more","path":"guide/check/others"}]},{"tag":"list","header":"防盗防骗攻略","content":[{"text":"防盗防骗攻略","icon":"safe","path":"guide/check/guard"}]}],"images":[],"id":"guide/check/index","scopeData":{"@type":"general","uniq_id":"guide/check/index","title":"报到","digest":"","thumbs":["https://mp.innenu.com/img/inNENU.jpg"],"tags":[]}}