{"title":"保险费","author":"Mr.Hope","time":"2021年9月13日","shareable":true,"content":[{"tag":"title","text":"保险费"},{"tag":"text","text":["我校学生统一参加“城镇居民基本医疗保险”和“大学生补充医疗保险”。新生入学后由学校统一组织办理。"]},{"tag":"text","type":"info","heading":"缴费标准","text":["城镇居民基本医疗保险 200 元/人/年","大学生补充医疗保险 40 元/人/年"]}],"id":"guide/check/insurance","scopeData":{"@type":"general","uniq_id":"guide/check/insurance","title":"保险费","digest":"我校学生统一参加“城镇居民基本医疗保险”和“大学生补充医疗保险”。新生入学后由学校统一组织办理。缴费标准 城镇居民基本医疗保险 200 元/人/年 大学生补充医疗保险 40 元/人/年","thumbs":["https://mp.innenu.com/img/inNENU.jpg"],"tags":["保险费"]}}