{"title":"校团委","grey":true,"author":"Mr.Hope","time":"2021年11月8日","shareable":true,"content":[{"tag":"list","content":[{"text":"校团委介绍","icon":"about","path":"intro/apartment/youth-league/intro"},{"text":"规章制度","icon":"rule","path":"intro/apartment/youth-league/manage"}]},{"tag":"list","header":"团务知识","content":[{"text":"中国共产主义青年团章程","icon":"rule","path":"intro/apartment/youth-league/rule"},{"text":"标识","icon":"activity","path":"intro/apartment/youth-league/sign"},{"text":"共青团热词","icon":"intro","path":"intro/apartment/youth-league/group"},{"text":"党政热词","icon":"intro","path":"intro/apartment/youth-league/league"}]},{"tag":"copy","header":"官网","text":"http://youth.nenu.edu.cn/index.htm"}],"id":"intro/apartment/youth-league/index","scopeData":{"@type":"general","uniq_id":"intro/apartment/youth-league/index","title":"校团委","digest":"","thumbs":["https://mp.innenu.com/img/inNENU.jpg"],"tags":[]}}