{"title":"五舍","author":"Mr.Hope","time":"2020年9月1日","content":[{"tag":"title","text":"五舍"},{"tag":"text","text":["东北师范大学五舍主要接纳数学与统计学院、生命科学学院、化学学院、外国语学院、日本研究所、历史文化学院、国际汉学院、教育学部、马克思主义学部的研究生入住。"]}],"images":[],"id":"map/benbu/dorm/dorm5","scopeData":{"@type":"general","uniq_id":"map/benbu/dorm/dorm5","title":"五舍","digest":"东北师范大学五舍主要接纳数学与统计学院、生命科学学院、化学学院、外国语学院、日本研究所、历史文化学院、国际汉学院、教育学部、马克思主义学部的研究生入住。","thumbs":["https://mp.innenu.com/img/inNENU.jpg"],"tags":["五舍"]}}