{"title":"化学(公费师范)","author":"Mr.Hope","time":"2021年8月15日","desc":"来源: 2021本科招生指南","shareable":true,"content":[{"tag":"title","text":"专业简介"},{"tag":"p","text":["为公费师范方向，旨在培育适应国家基础化学教育发展需求，德智体美劳全面发展，具有高尚的师德修养，宽厚的化学及相关专业的理论素养，先进的教育理念及较强的教育教学实践能力的卓越的中学化学教师。毕业学生能够成为服务国家化学基础教育教学改革和发展的卓越中学化学教师。"],"style":"text-indent: 1.5em; "},{"tag":"title","text":"主干课程"},{"tag":"ul","text":["无机化学","分析化学","有机化学","物理化学","结构化学","高分子科学","普通化学实验","合成化学实验","物理化学实验","综合化学实验","化学课程与教学","中学化学专题教学法","中学化学教学实验研究","化学教学设计"]},{"tag":"title","text":"就业方向"},{"tag":"text","text":["按国家师范生公费教育政策，本科毕业后从事基础教育工作。"]}],"id":"intro/school/chemistry/normal","scopeData":{"@type":"general","uniq_id":"intro/school/chemistry/normal","title":"化学(公费师范)","digest":"为公费师范方向，旨在培育适应国家基础化学教育发展需求，德智体美劳全面发展，具有高尚的师德修养，宽厚的化学及相关专业的理论素养，先进的教育理念及较强的教育教学实践能力的卓越的中学化学教师。毕业学生能够成为服务国家化学基础教育教学改革和发展的卓","thumbs":["https://mp.innenu.com/img/inNENU.jpg"],"tags":["专业简介","主干课程","就业方向"]}}