{"title":"报到","grey":true,"time":"2022 年 8 月 14 日","shareable":true,"id":"guide/check/index","author":"Mr.Hope","cite":[],"content":[{"tag":"list","header":"报到要求","items":[{"text":"新生报到需要满足的条件","icon":"alert","path":"guide/epidemic/requirement"},{"text":"专业所在校区","icon":"gate","path":"guide/check/locate"}]},{"tag":"list","header":"报到流程","items":[{"text":"报到时间地点","icon":"time","path":"guide/check/location-and-time"},{"text":"报到流程","icon":"flow","path":"guide/check/flow"},{"text":"缴费相关","icon":"money","path":"guide/check/pay"},{"text":"入学绿色通道","icon":"green-tunnel","path":"intro/subsidize/green-tunnel"}]},{"tag":"list","header":"相关事务","items":[{"text":"使用校园卡","icon":"card","path":"guide/card/prepare"},{"text":"入学体检","icon":"medical-exam","path":"guide/check/medical-examination"},{"text":"党员组织关系接转","icon":"league","path":"guide/prepare/league"},{"text":"团员组织关系接转","icon":"league","path":"guide/prepare/group"},{"text":"户口迁移","icon":"change","path":"guide/prepare/hukou"}]},{"tag":"list","header":"防盗防骗攻略","items":[{"text":"防盗防骗攻略","icon":"safe","path":"guide/safety/index"}]}]}