{"title":"电梯","author":"Mr.Hope","time":"2022 年 6 月 27 日","shareable":true,"content":[{"tag":"title","text":"电梯"},{"tag":"p","heading":"仅二舍、三舍","text":["三舍作为高层建筑，A 座、C 座拥有四台电梯，B 拥有三台电梯。","电梯分为客梯和货梯。客梯是分为单层客梯和双层客梯的，且客梯不停低楼层。货梯每层都停(入住时可以使用货梯)。楼下一楼电梯入口处有明确的指示牌。","其他寝室没有电梯。"],"style":"text-indent: 1.5em; "},{"tag":"img","src":"https://mp.innenu.com/img/dorm/lift.jpg","desc":"三舍电梯"},{"tag":"p","type":"tip","heading":"Mr.Hope の 解释","text":["和男寝少爷们低楼层下楼(在少爷们眼中 9 楼也不高 hhh)自发走楼梯不同，女寝的不少小姐门五楼都懒得自己走到下去。而早上和下午上课前等待电梯的人会有很多，电梯常常会到 9、10 楼就会满载。Mr.Hope 真诚的建议 10 楼以下的大家的溜达下去。而不是在那按一个上，电梯上行的时候停到您的楼层您就上去了。下楼没那么累的，而且这样也不会让高楼层的同学不得不等很久甚至在老爷们的课上迟到才能坐到电梯，还会进一步提高电梯的效率。同时，也提醒一下高楼层的大家，早上尽量早点起早点走，中午也稍微早点出发吧。","净月寝室搬行李找学姐帮忙之后务必要答谢对方。另外送孩子们一句: 加油! 奥里给!"],"style":"text-indent: 1.5em; "}],"cite":[],"id":"guide/dorm/detail/lift"}