{"title":"篮球场","author":"fy","time":"2020年9月1日","photo":["https://mp.innenu.com/img/scenery/benbu/sports/basketball.jpg"],"content":[{"tag":"title","text":"简介"},{"tag":"p","text":["篮球场位于北苑超市后门，与逸夫科技馆相对。篮球场是篮球课的授课场所，下课后可以免费使用，篮球爱好者可以去篮球场打篮球。"],"style":"text-indent: 1.5em; "}],"id":"map/benbu/sports/basketball","scopeData":{"@type":"general","uniq_id":"map/benbu/sports/basketball","title":"篮球场","digest":"篮球场位于北苑超市后门，与逸夫科技馆相对。篮球场是篮球课的授课场所，下课后可以免费使用，篮球爱好者可以去篮球场打篮球。","thumbs":["https://mp.innenu.com/img/inNENU.jpg"],"tags":["简介"]}}