{"title":"大学英语水平测试考试内容与评分标准","author":"Mr.Hope","time":"2021年11月22日","shareable":true,"content":[["title",{"text":"分值"}],["img",{"src":"https://mp.innenu.com/img/exam/cet4-write.jpg","desc":"CET4 笔试"}],["img",{"src":"https://mp.innenu.com/img/exam/cet4-speak.jpg","desc":"CET4 口试"}],["img",{"src":"https://mp.innenu.com/img/exam/cet6-write.jpg","desc":"CET6 笔试"}],["img",{"src":"https://mp.innenu.com/img/exam/cet6-speak.jpg","desc":"CET6 口试"}],["title",{"text":"考试大纲"}],["doc",{"name":"全国大学生英语四、六级考试大纲","url":"https://mp.innenu.com/file/exam/cet.pdf","icon":"pdf"}],["title",{"text":"评分标准"}],["text",{"text":["CET-SET主考在评分时使用以下标准:"," a. 准确性: 指考生的语音、语调以及所使用的语法和词汇的准确程度"," b. 语言范围: 指考生使用的词汇和语法结构的复杂程度和范围"," c. 话语的长短: 指考生对整个考试中的交际所作的贡献、讲话的多少"," d. 连贯性: 指考生有能力进行较长时间的、语言连贯的发言"," e. 灵活性: 指考生应付不同情景和话题的能力"," f. 适切性: 指考生根据不同场合选用适当确切的语言的能力"]}]],"cite":[],"id":"guide/exam/cet/content","images":["https://mp.innenu.com/img/exam/cet4-write.jpg","https://mp.innenu.com/img/exam/cet4-speak.jpg","https://mp.innenu.com/img/exam/cet6-write.jpg","https://mp.innenu.com/img/exam/cet6-speak.jpg"]}