{"title":"物理学术竞赛协会","author":"Mr.Hope","time":"2021年9月9日","shareable":true,"content":[{"tag":"title","text":"简介"},{"tag":"p","text":["物理学术竞赛协会是组织物院学子参与物理学术竞赛的基地，是鼓励物院学子探索创新的摇盆。欢迎有兴趣的同学加入!"],"style":"text-indent: 1.5em; "}],"images":[],"id":"guide/association/study/phy-contest","scopeData":{"@type":"general","uniq_id":"guide/association/study/phy-contest","title":"物理学术竞赛协会","digest":"物理学术竞赛协会是组织物院学子参与物理学术竞赛的基地，是鼓励物院学子探索创新的摇盆。欢迎有兴趣的同学加入!","thumbs":["https://mp.innenu.com/img/inNENU.jpg"],"tags":["简介"]}}