{"title":"本部文化体育类社团","desc":"社团名录来自学生社团发展管理中心","author":"Mr.Hope","time":"2021年9月15日","grey":true,"shareable":true,"content":[{"tag":"list","content":[{"text":"卓音网络工作室","icon":"https://mp.innenu.com/img/association/joinin.png","path":"guide/association/culture/joinin"},{"text":"师说曲艺社","icon":"https://mp.innenu.com/img/association/quyi.png","path":"guide/association/culture/quyi"},{"text":"青音吉他社","icon":"https://mp.innenu.com/img/association/guitar.jpg","path":"guide/association/culture/guitar"},{"text":"英语协会","icon":"https://mp.innenu.com/img/association/ea.jpg","path":"guide/association/culture/ea"},{"text":"中华古诗词吟诵团","icon":"https://mp.innenu.com/img/association/gushici.png","path":"guide/association/culture/gushici"},{"text":"爱创影视协会","icon":"https://mp.innenu.com/img/association/aichuang.png","path":"guide/association/culture/aichuang"},{"text":"安仁国风社","path":"guide/association/culture/anren"},{"text":"饮风文学社","path":"guide/association/culture/yinfeng"},{"text":"爱踏足旅游协会","path":"guide/association/culture/travel"},{"text":"翩鸿汉服社","path":"guide/association/culture/hanfu"},{"text":"史学协会","path":"guide/association/culture/history"},{"text":"锅庄舞协会","path":"guide/association/culture/zang"},{"text":"珣玉书法社","path":"guide/association/culture/shufa"},{"text":"全英辩论俱乐部","path":"guide/association/culture/en-debate"},{"text":"辩论与演说协会","path":"guide/association/culture/debate"},{"text":"清雨坊书画协会","path":"guide/association/culture/shuhua"},{"text":"心理协会","path":"guide/association/culture/psychology"},{"text":"千格刀笔油画协会","path":"guide/association/culture/paint"}]},{"tag":"advanced-list","header":"欢迎社团入驻本页面","content":[{"text":"联系 Mr.Hope","icon":"contact","type":"button","openType":"contact","env":["wx"]},{"text":"联系 Mr.Hope","icon":"contact","type":"button","openType":"addFriend","openId":"868D7B2F0C609B4285698EAB77A47BA1","env":["qq"]}]}],"images":[],"id":"guide/association/culture/benbu","scopeData":{"@type":"general","uniq_id":"guide/association/culture/benbu","title":"本部文化体育类社团","digest":"","thumbs":["https://mp.innenu.com/img/inNENU.jpg"],"tags":[]}}