{"title":"翩鸿汉服社","shareable":true,"content":[{"tag":"title","text":"简介"},{"tag":"p","text":["东北师范大学翩鸿汉服社旨在弘扬以汉文化为代表的中国优秀传统文化，并以此来丰富同学们的课余文化生活，翩鸿会与你一起共赏汉仪华裳。"],"style":"text-indent: 1.5em; "}],"images":[],"id":"guide/association/culture/hanfu","scopeData":{"@type":"general","uniq_id":"guide/association/culture/hanfu","title":"翩鸿汉服社","digest":"东北师范大学翩鸿汉服社旨在弘扬以汉文化为代表的中国优秀传统文化，并以此来丰富同学们的课余文化生活，翩鸿会与你一起共赏汉仪华裳。","thumbs":["https://mp.innenu.com/img/inNENU.jpg"],"tags":["简介"]}}