{"title":"殉玉书法社","author":"Mr.Hope","time":"2021年9月9日","shareable":true,"content":[{"tag":"title","text":"简介"},{"tag":"p","text":["殉玉书法社让爱好书画的同学们找到了共在的精神家园，大家自觉自发自由地营造了家一般的空间，诚挚欢迎各位!"],"style":"text-indent: 1.5em; "}],"images":[],"id":"guide/association/culture/shufa","scopeData":{"@type":"general","uniq_id":"guide/association/culture/shufa","title":"殉玉书法社","digest":"殉玉书法社让爱好书画的同学们找到了共在的精神家园，大家自觉自发自由地营造了家一般的空间，诚挚欢迎各位!","thumbs":["https://mp.innenu.com/img/inNENU.jpg"],"tags":["简介"]}}