{"title":"本科生选课","author":"Mr.Hope","time":"2021年11月23日","shareable":true,"cite":["http://my.nenu.edu.cn/hallIndex/showAppDetail?appid=9d28701efc164f0986d4a635fd8ea93a"],"content":[["title",{"text":"执行流程"}],["img",{"src":"https://mp.innenu.com/img/action/select.jpg"}],["title",{"text":"相关内容"}],["list",{"header":false,"content":[{"text":"选课介绍","icon":"select","path":"guide/select/index"}]}]],"id":"guide/action/under/select","images":["https://mp.innenu.com/img/action/select.jpg"]}