{"title":"教育学部","grey":true,"author":"Mr.Hope","time":"2021年11月22日","shareable":true,"content":[{"tag":"account","name":"教育学部","logo":"https://mp.innenu.com/img/media/education-wechat.png","detail":"东北师范大学教育学部","wxid":"edunenu","wxcode":"https://mp.innenu.com/img/media/education-qrcode.jpg","account":"education","location":{"latitude":43.8617,"longitude":125.32983},"mail":"fed@nenu.edu.cn","site":"https://edu.nenu.edu.cn/"},{"tag":"list","content":[{"text":"学院简介","icon":"about","path":"intro/school/education/intro"},{"text":"专业介绍","icon":"intro","path":"intro/school/education/enroll"},{"text":"优秀毕业生建议","icon":"idea","path":"intro/school/education/advice"}]}],"id":"intro/school/education/index","scopeData":{"@type":"general","uniq_id":"intro/school/education/index","title":"教育学部","digest":"","thumbs":["https://mp.innenu.com/img/inNENU.jpg"],"tags":["教育学部"]}}