{"title":"教育学部介绍","desc":"来源: 2021年本科招生指南","time":"2021年11月19日","shareable":true,"content":[{"tag":"account","name":"教育学部","logo":"https://mp.innenu.com/img/media/education-wechat.png","detail":"东北师范大学教育学部","wxid":"edunenu","wxcode":"https://mp.innenu.com/img/media/education-qrcode.jpg","account":"education","location":{"latitude":43.8617,"longitude":125.32983},"mail":"fed@nenu.edu.cn","site":"https://edu.nenu.edu.cn/","path":"education","wx":"edunenu","wxQRCode":"https://mp.innenu.com/img/media/education-qrcode.jpg"},{"tag":"carousel","images":["https://mp.innenu.com/img/school/education.jpg"],"url":["https://mp.innenu.com/img/school/education.jpg"]},{"tag":"title","text":"学院简介"},{"tag":"p","text":["东北师范大学1951年始创教育系，1994 年撤系建院，成立教育科学学院，2012 年教育科学学院整合校内其他教育培养及研究机构创建成立教育学部。办学70年以来，学部为我国各级各类教育机构培养了一大批优秀教师、专家学者和领导干部，是我国教育学科人才培养和学术研究重镇之一。","学部办学资源丰富，现设有教育学院、教育管理学院、学前教育学院、初等教育学院以及国际与比较教育研究所、国家基础教育实验中心、教育部人文社会科学重点研究基地东北师范大学中国农村教育发展研究院、教育部东北师范大学基础教育课程研究中心、教育部幼儿园园长培训中心、教育部东北高师师资培训中心等教学、科研和培训机构，并与国内外20多所知名大学同类院系建立了密切的学术合作交流关系。现有教职工132人，其中专任教师85人、教授33人、副教授42人、博士生导师45人，国家级人才称号18人次，在国务院学位委员会教育学学科评议组、中国教育学会、教育部高等学校教学指导委员会等学术组织和决策咨询机构兼任重要职务者近30人，另聘有40余位海内外著名学者为客座教授。","学部学科实力雄厚，现有教育学博士后科研流动站，教育学一级学科博士、硕士学位授予权，教育博士、硕士专业学位授予权和4个本科专业。其中，拥有国家重点学科1个，国家级特色专业1个，教育部“卓越教师培养计划”入选专业1个，国家级一流本科专业建设点2个，博士学位授权点9个，硕士学位授权点15个。根据教育部2016年全国高校学科评估结果，教育学一级学科位列全国 A档。","学部办学水平较高，现有在校本科生498人，硕士研究生612人，博士研究生528人。近年来，获批国家级教学成果奖6项、国家级教学团队1个、国家精品课程、国家精品开放课程和国家级一流课程7门，毕业生就业率一直高达100%；获批国家社会科学基金、国家自然科学基金、教育部哲学社会科学重大课题攻关项目等各级各类课题200余项，向国家提交决策咨询报告60余份并有多份直接转化为国家教育政策，并获国家领导人批示。年均发表重要刊物论文150余篇、出版著作教材20余部，在基础教育、农村教育、教师教育等领域形成了较鲜明的优势特色。","目前，学部正在深化教学改革，加强国际交流，积极拓宽办学领域和渠道，扩大社会服务范围，争取更大成绩。"],"style":"text-indent: 1.5em; "},{"tag":"title","text":"联系方式"},{"tag":"ul","text":["地址: 吉林省长春市人民大街5268号 ","邮编: 130024","电话: 0431-85099557","电邮: fed@nenu.edu.cn"]},{"tag":"phone","fName":"教育学部","num":"0431-85099557","org":"东北师范大学","street":"吉林省长春市人民大街5268号","hostNum":"0431-85099557","postCode":"130024","mail":"fed@nenu.edu.cn","site":"https://edu.nenu.edu.cn/"}],"images":[],"id":"intro/school/education/intro","scopeData":{"@type":"general","uniq_id":"intro/school/education/intro","title":"教育学部介绍","digest":"东北师范大学1951年始创教育系，1994 年撤系建院，成立教育科学学院，2012 年教育科学学院整合校内其他教育培养及研究机构创建成立教育学部。办学70年以来，学部为我国各级各类教育机构培养了一大批优秀教师、专家学者和领导干部，是我国教育","thumbs":["https://mp.innenu.com/img/inNENU.jpg"],"tags":["学院简介","联系方式"]}}