{"title":"学科学术","desc":"来源: 教育学部官网","time":"2021年11月26日","shareable":true,"cite":"http://edu.nenu.edu.cn/xkxs/xkbj1/sjzdxk.htm","content":[{"tag":"title","text":"吉林省“十三五”特色高水平学科"},{"tag":"ul","text":["教育学（0401）：一流学科A类（2018）"]},{"tag":"title","text":"吉林省“十二五”优势特色重点学科"},{"tag":"ul","text":["教育学（0401）：“重中之重”一级学科（2014）","教育学（0401）：优势特色重点学科（2011）","公共管理（1204）：优势特色重点学科（2011）"]},{"tag":"title","text":"吉林省“十一五”及之前省级重点学科"},{"tag":"ul","text":["教育学原理（040101）","课程与教学论（040102）"]}],"id":"intro/school/education/province","scopeData":{"@type":"general","uniq_id":"intro/school/education/province","title":"学科学术","digest":"教育学（0401）：一流学科A类（2018）教育学（0401）：“重中之重”一级学科（2014） 教育学（0401）：优势特色重点学科（2011） 公共管理（1204）：优势特色重点学科（2011）教育学原理（040101） 课程与教学论（","thumbs":["https://mp.innenu.com/img/inNENU.jpg"],"tags":["吉林省“十三五”特色高水平学科","吉林省“十二五”优势特色重点学科","吉林省“十一五”及之前省级重点学科"]}}