{"title":"行政管理专业","desc":"来源: 2021年本科招生指南","time":"2021年8月15日","shareable":true,"content":[["title",{"text":"专业简介"}],["p",{"text":["为普通类专业，省一流本科专业，旨在培养能够在地方党政机关、企事业单位、人民团体和社会组织从事社会公共事务和组织内部综合事务管理的具有较高理论素养和实践技能的专门人才。"],"style":"text-indent: 1.5em; "}],["title",{"text":"专业介绍"}],["p",{"text":["行政管理专业是我校适应社会发展需要与学校办学的总体部署而创办的本科专业之一，依托思想政治教育专业发展而来。1992年招收工商行政管理专业专科生,2002年独立设置行政管理系并开始招收本科生。经过近15年的建设和发展，目前已经形成独具特色的专业建设基础平台和综合型人才培养体系，具有深厚的办学基础和良好的发展势头。","行政管理专业探索和确立专门性与复合型相结合的人才培养模式，面向基层和地方开辟多元化就业途径。毕业生去向之一是去往国内外高校继续学习深造，每年有一定比例成绩优异学生获得国内名校和本校保送研究生资格，有学生远赴日本、瑞典等国家留学，有学生考取中国人民大学、厦门大学、吉林大学等名校读研究生；毕业生去向之二是分布在高校、党政机关、企业、基础教育等行业，有学生以优异成绩考取国家安全部、海关、税务、省市政府部门等相关公务员岗位，并在工作中表现出基础理论素养扎实、工作能力强、发展潜力突出的优势。"],"style":"text-indent: 1.5em; "}],["title",{"text":"主干课程"}],["ul",{"text":["管理学原理","公共行政学","行政学说史","比较政府体制","公共政策导论","公共管理方法研究","社会保障制度","公共部门人力资源管理","公共财政学","行政伦理学","部门行政管理专题","中国政府与政治","行政法与行政诉讼法","社会调查研究方法"]}],["title",{"text":"就业方向"}],["p",{"text":["各级各类党政机关、人民团体、企事业单位、社会组织的综合管理、政策法规研究、人事与教育培训等岗位。"],"style":"text-indent: 1.5em; "}]],"cite":[],"id":"intro/school/politics/manage"}