{"title":"规章制度","grey":true,"author":"Mr.Hope","time":"2022 年 6 月 27 日","shareable":true,"content":[{"tag":"list","header":"学校章程","items":[{"text":"东北师范大学章程","icon":"rule","path":"intro/about/public/rule"}]},{"tag":"doc","name":"东北师范大学学生管理规定","url":"https://mp.innenu.com/file/student/manage.pdf","icon":"pdf"},{"tag":"list","header":"校园管理","items":[{"text":"东北师范大学学生违纪惩处办法","icon":"rule","path":"intro/apt/student/rule"},{"text":"常见犯错以及相关处罚规定","icon":"punish","path":"intro/apt/student/punish"}]},{"tag":"list","header":"宿舍管理","items":[{"text":"东北师范大学学生公寓管理办法","icon":"rule","path":"intro/apt/logistics/rule"},{"text":"常见违禁物品","icon":"ban","path":"guide/dorm/ban"}]},{"tag":"list","header":"学籍管理","items":[{"text":"本科学生学籍管理条例","icon":"plan","path":"intro/about/public/school-roll1"},{"text":"研究生学籍管理规定","icon":"plan","path":"intro/about/public/school-roll2"}]},{"tag":"list","header":"学术","items":[{"text":"东北师范大学研究生学术道德规范","icon":"rule","path":"intro/about/public/academic-ethics"}]}],"cite":[],"id":"guide/rule/index"}