{"title":"社团","desc":"社团名录来自学生社团发展管理中心","author":"Mr.Hope","time":"2021年11月23日","shareable":true,"content":[["text",{"type":"tip","text":["全校社团均由校团委学生社团发展管理中心管理，分为思想政治类、学术科技类、创新创业类、文化体育类、志愿公益类、自律互助类。"]}],["list",{"header":false,"content":[{"text":"学生社团发展管理中心","icon":"https://mp.innenu.com/img/organization/sheguan.png","path":"guide/organization/association-union"}]}],["title",{"text":"本部校区"}],["list",{"header":false,"content":[{"text":"创新创业类","path":"guide/association/job/benbu"},{"text":"文化体育类","path":"guide/association/culture/benbu"},{"text":"学术科技类","path":"guide/association/study/benbu"},{"text":"志愿服务类","path":"guide/association/volunteer/benbu"}]}],["title",{"text":"净月校区"}],["list",{"header":false,"content":[{"text":"创新创业类","path":"guide/association/job/jingyue"},{"text":"文化体育类","path":"guide/association/culture/jingyue"},{"text":"学术科技类","path":"guide/association/study/jingyue"}]}],["functional-list",{"header":"欢迎社团入驻本页面","content":[{"text":"联系 Mr.Hope","icon":"contact","type":"button","openType":"contact","env":["wx"]},{"text":"联系 Mr.Hope","icon":"contact","type":"button","openType":"addFriend","openId":"868D7B2F0C609B4285698EAB77A47BA1","env":["qq"]}]}]],"cite":[],"id":"guide/association/index"}