{"title":"物理学类介绍","author":"Mr.Hope","time":"2021年8月15日","shareable":true,"content":[["title",{"text":"专业简介"}],["p",{"text":["物理学进行大类招生。学生在大一学年结束，根据个人意愿和学院专业设置情况可向物理学、电子信息科学与技术和材料物理三个专业分流。","物理学类学费均为 3850 元/年。"],"style":"text-indent: 1.5em; "}],["p",{"type":"info","text":["2017级之前有电气自动化专业。"],"style":"text-indent: 1.5em; "}],["list",{"header":"各专业介绍","content":[{"text":"物理学","path":"intro/school/physics/physics"},{"text":"电子信息技术","path":"intro/school/physics/electronic"},{"text":"材料物理","path":"intro/school/physics/material"}]}]],"cite":[],"id":"intro/school/physics/class"}