{"title":"物理学院介绍","desc":"来源: 2021年本科招生指南","shareable":true,"content":[{"tag":"account","name":"物理学院","logo":"https://mp.innenu.com/img/media/phy.jpg","detail":"东北师范大学物理学院","wxid":"nenuphy","wxcode":"https://mp.innenu.com/img/media/phy-wechat.jpg","account":"phy","location":{"latitude":43.86133,"longitude":125.33095},"site":"http://www.phy.nenu.edu.cn/"},{"tag":"carousel","images":["https://mp.innenu.com/img/school/physic.jpg","https://mp.innenu.com/img/school/physic1.jpg"]},{"tag":"title","text":"学院简介"},{"tag":"p","text":["物理学院始建于1948年，拥有物理学和材料科学与工程2个一级博士学位授权点、控制科学与工程一级硕士学位授权点，井设有物理学博士后科研流动站。2017年，材料科学与工程入选国家“双- -流\"建设学科；物理学在全国第四轮学科评估中获B +，位列全国高校前20%。2019年物理学专业被认定为国家级- -流本科专业建设点，2020 年通过教育部师范类专业认证。","学院现有物理学(公费师范、非公费师范)、电子信息科学与技术和材料物理3个本科专业，在读本科生800余人。2020 年起，大学一年级以物理学(公费师范)和物理学类进行招生、培养，物理学类在大学二年级开始分流。学院重视学生创新意识和实践能力培养，学生多次在CUPT、“挑战杯” 、“飞思卡尔\" 智能车竞赛等大赛中取得佳绩。设立了“拔尖创新人才培养基地班\"，建立了本-硕-博连读的人才培养模式，并细化为“陆家羲班\"(同数学与统计学院联合)、“严济慈班\" (同中科院物理所联合) 和“黄昆班”(同中科院半导体所联合)。","学院有 12 个二级学科具有硕士学位授予权【理论物理、粒子物理与原子核物理、凝聚态物理、光学、应用物理、材料物理与化学、电路与系统、核技术及应用、课程与教学论、控制科学与工程、学科教学(物理)、电子与通信工程(专业学位)】，6 个二级学科具有博士学位授予权(理论物理、粒子物理与原子核物理、凝聚态物理、材料物理与化学、应用物理、光学)。其中，物理学专业是国家高等学校特色专业，"],"style":"text-indent: 1.5em; "},{"tag":"title","text":"师资力量"},{"tag":"p","text":["学院师资力量雄厚，现有博士生导师41人，教授35人，副教授36人；其中包括国家级人才称号获得者5人，中科院人才称号获得者1人，省部级人才称号获得者16人，全国模范教师1人等。","学院拥有国家级物理实验教学示范中心、紫外光发射材料与技术教育部重点实验室等机构，以及国家基金委“理论物理学术交流平台\"和教育部“中学物理示范性集中培训基地(国培基地)”，受教育部高等学校物理学与天文学教学指导委员会委托长期承办《物理实验》杂志。","学院教学科研成果丰硕。近5年来，承担了包括国家重大科学研究计划、国家863计划、国家重大科学仪器设备开发专项、国家自然科学基金重大研究计划和重点项目等100余项。发表SCI论文数量和质量逐年攀升；出版多部国家级规划教材，获得国家教学成果奖一等 奖、国家自然科学奖二等奖多项重要奖励。"],"style":"text-indent: 1.5em; "},{"tag":"title","text":"人才培养"},{"tag":"p","text":["七十年来，学院培养了大批理论功底扎实、实验动手能力突出的优秀毕业生，1人当选中国科学院院士、1人入选国务院学位委员会学科评议组成员、8人获国家级人才称号，另有多人成为国家级骨干教师、国际奥賽金牌教练。61届毕业生陆家羲、84届毕业生孙昌璞、85届毕业生刘益春分别在组合数学、量子物理、宽禁带半导体领域作出杰出贡献，获得国家自然科学奖。在基础教育领域，95届毕业生史艺作为神舟十号太空授课地面教师，成功配合航天员完成了四大太空物理实验授课任务； 99届毕业生龚鹏在激发中学生创造性学习方面贡献突出，荣获“发展中国家科学院区域奖\"，全球仅四名；近五年本科生平均就业率为98%。"],"style":"text-indent: 1.5em; "},{"tag":"title","text":"联系方式"},{"tag":"ul","text":["地址: 吉林省长春市人民大街 5268 号","邮政编码: 130024","电话: 0431-85099666"]},{"tag":"phone","fName":"物理学院","num":"0431-85099666","org":"东北师范大学","street":"吉林省长春市人民大街 5268 号","postCode":"130024","site":"http://www.phy.nenu.edu.cn/"}],"cite":[],"id":"intro/school/physics/intro"}