{"title":"电子阅览室","author":"Mr.Hope","time":"2021年9月15日","shareable":true,"content":[{"tag":"title","text":"位置"},{"tag":"text","heading":"本部","text":["本部图书馆电子阅览室位于213室（二楼南侧B区），共有128个“自习阅览/电子阅览”两用阅览席。"]},{"tag":"text","heading":"净月","text":["净月图书馆电子阅览室位于318室（三楼C区），共有123个机位。"]},{"tag":"title","text":"上机方式"},{"tag":"ol","text":["进门处刷卡上机","选定座位","统一认证登录","开始使用","退出统一认证","进门处刷卡下机"]},{"tag":"title","text":"计费"},{"tag":"text","heading":"免费上机时长","text":["每个人每学年有 60 学时的免费上机时间，一学时为 45 分钟。"]},{"tag":"ul","heading":"充值","text":["在圈存机处充值。","东北师范大学企业公众号——东师图书馆——我的圕——费用结算"]},{"tag":"title","text":"其他服务"},{"tag":"text","heading":"打印","text":["电子阅览室可以打印黑白的文档，打印十分便宜。"]},{"tag":"text","type":"info","text":["请注意打印费用只能在自费机时中扣除。"]},{"tag":"text","type":"tip","heading":"Mr.Hope の提示","text":["电子阅览室的使用时间是完全由刷卡上下机时间决定的，而不是您实际电脑的使用时间，所以使用完电子阅览室后请务必不要忘记刷卡下机。","电子阅览室的免费机时是按照学年计算的，也就是每年免费 45 小时。"]}],"images":[],"id":"intro/apartment/library/digit-room","scopeData":{"@type":"general","uniq_id":"intro/apartment/library/digit-room","title":"电子阅览室","digest":"本部 本部图书馆电子阅览室位于213室（二楼南侧B区），共有128个“自习阅览/电子阅览”两用阅览席。净月 净月图书馆电子阅览室位于318室（三楼C区），共有123个机位。进门处刷卡上机 选定座位 统一认证登录 开始使用 退出统一认证 进门","thumbs":["https://mp.innenu.com/img/inNENU.jpg"],"tags":["位置","上机方式","计费","其他服务"]}}