{"title":"研究生院","grey":true,"author":"Mr.Hope","time":"2021年12月3日","shareable":true,"content":[{"tag":"account","name":"研究生院","logo":"https://mp.innenu.com/img/media/official.png","detail":"东北师范大学研究生院","wxid":"gh_1d4eec902259","wxcode":"https://mp.innenu.com/img/media/graduate-qrcode.jpg","account":"graduate","location":{"latitude":43.862163,"longitude":125.327024},"site":"https://yjsy.nenu.edu.cn/"},{"tag":"list","items":[{"text":"研究生院介绍","icon":"about","path":"intro/apt/grad/intro"},{"text":"研究生院联系方式","icon":"phone","path":"intro/apt/grad/contact"},{"text":"人员信息","icon":"student-org","path":"intro/apt/grad/person"}]}],"cite":[],"id":"intro/apt/grad/index"}