{"title":"体育教育","author":"Mr.Hope","time":"2022 年 6 月 27 日","desc":"来源: 2021 本科招生指南","shareable":true,"content":[{"tag":"title","text":"专业简介"},{"tag":"p","text":["分为公费师范方向和非公费师范方向，旨在面向基础教育，培养适应国家改革发展要求，致力于健康中国和体育强国建设需求，具有高尚的师德修养，深厚的教育情怀和坚定的体育学科自信；具备规范的运动技术、扎实的教学技能和深厚的理论基础；具备促进体育与健康的学科素养，具有可持续发展的人文知识底蕴、创新精神和实践智慧，胜任体育教学、课外体育锻炼、课余训练竞赛工作的卓越中学体育教师。"],"style":"text-indent: 1.5em; "},{"tag":"title","text":"主干课程"},{"tag":"ul","text":["运动解剖学","运动生理学","体育心理学","运动生物力学","体育学概论","体育科学研究方法","学校体育学","运动训练学","体育保健学","田径","体操","篮球","排球","足球","武术","速度滑冰","专项训练与理论"]},{"tag":"title","text":"就业方向"},{"tag":"text","heading":"体育教育","text":["为高等教育院校及科研院所培养体育教育专门人才，或从事与体育教育相关的工作。"]},{"tag":"text","heading":"体育教育(公费师范)","text":["按国家师范生公费教育政策，从事基础教育学校体育工作。"]}],"cite":[],"id":"intro/school/pe/education"}