{"title":"供电时间","author":"Mr.Hope","time":"2021年8月15日","shareable":true,"content":[["title",{"text":"本部校区供电时间"}],["text",{"heading":"平时供电时间","text":["三舍 ABC 区:","· 早: 06:00 — 08:00","· 中: 12:00 — 13:30","· 晚: 15:30 — 23:00","体育公寓:","· 早: 06:00 — 08:00","· 中: 11:00 — 13:30","· 晚: 16:30 — 22:10"]}],["ul",{"heading":"周末供电时间","text":["本部三舍 ABC 为 06:00 — 23:00","体育公寓同平时供电时间"]}],["title",{"text":"净月校区供电时间"}],["ul",{"heading":"平时供电时间","text":["早: 06:00 — 08:00","中: 12:00 — 13:00","晚: 15:30 — 23:00"]}],["text",{"heading":"周末供电时间","text":["6:00 — 23:00"]}],["title",{"text":"研究生供电时间"}],["text",{"text":["研究生宿舍全天供电。(别气 QAQ)"]}]],"cite":[],"id":"guide/dorm/electricity/time"}