{"title":"文化体育类社团","author":"Mr.Hope","time":"2021年9月9日","grey":true,"shareable":true,"content":[{"tag":"title","text":"本部校区"},{"tag":"list","header":false,"content":[{"text":"安仁国风社","path":"guide/association/culture/anren"},{"text":"饮风文学社","path":"guide/association/culture/yinfeng"},{"text":"中华古诗词吟诵团","path":"guide/association/culture/gushici"},{"text":"爱踏足旅游协会","path":"guide/association/culture/travel"},{"text":"翩鸿汉服社","path":"guide/association/culture/hanfu"},{"text":"史学协会","path":"guide/association/culture/history"},{"text":"锅庄舞协会","path":"guide/association/culture/zang"},{"text":"英语协会","icon":"https://mp.innenu.com/img/corporation/ea.jpg","path":"guide/association/culture/english"},{"text":"爱创影视协会","path":"guide/association/culture/aichuang"},{"text":"殉玉书法社","path":"guide/association/culture/shufa"},{"text":"师说曲艺社","icon":"https://mp.innenu.com/img/corporation/quyi.png","path":"guide/association/culture/shishuoquyi"},{"text":"青音吉他社","icon":"https://mp.innenu.com/img/corporation/guitar.jpg","path":"guide/association/culture/guitar"},{"text":"全英辩论俱乐部","path":"guide/association/culture/en-debate"},{"text":"辩论与演说协会","path":"guide/association/culture/debate"},{"text":"清雨坊书画协会","path":"guide/association/culture/shuhua"},{"text":"心理协会","path":"guide/association/culture/psychology"},{"text":"千格刀笔油画协会","path":"guide/association/culture/paint"}]},{"tag":"list","header":"净月校区","content":[{"text":"待更新"}]},{"tag":"text","type":"info","heading":"入驻说明","text":["欢迎社团入驻本页面，请联系 QQ 1178522294"]}],"images":[],"id":"guide/association/culture/index","scopeData":{"@type":"general","uniq_id":"guide/association/culture/index","title":"文化体育类社团","digest":"入驻说明 欢迎社团入驻本页面，请联系 QQ 1178522294","thumbs":["https://mp.innenu.com/img/inNENU.jpg"],"tags":["本部校区"]}}