{"title":"净月文化体育类社团","desc":"社团名录来自学生社团发展管理中心","author":"Mr.Hope","time":"2021年9月10日","grey":true,"shareable":true,"content":[{"tag":"title","text":"净月校区"},{"tag":"list","header":false,"content":[{"text":"师说曲艺社","icon":"https://mp.innenu.com/img/association/quyi.png","path":"guide/association/culture/quyi"}]},{"tag":"advanced-list","header":"欢迎社团入驻本页面","content":[{"text":"联系 Mr.Hope","icon":"contact","type":"button","openType":"contact","env":["wx"]},{"text":"联系 Mr.Hope","icon":"contact","type":"button","openType":"addFriend","openId":"868D7B2F0C609B4285698EAB77A47BA1","env":["qq"]}]}],"images":[],"id":"guide/association/culture/jingyue","scopeData":{"@type":"general","uniq_id":"guide/association/culture/jingyue","title":"净月文化体育类社团","digest":"","thumbs":["https://mp.innenu.com/img/inNENU.jpg"],"tags":["净月校区"]}}