{"title":"千格刀笔油画协会","author":"Mr.Hope","time":"2021年9月16日","shareable":true,"content":[{"tag":"title","text":"简介"},{"tag":"p","text":["零基础教学，基础刀笔油画，丙烯画，各种手绘手工!每次杜团活动都有成晶带回去!","欢迎每一个敢于尝试给生活增添色彩的你!"],"style":"text-indent: 1.5em; "}],"id":"guide/association/culture/paint","scopeData":{"@type":"general","uniq_id":"guide/association/culture/paint","title":"千格刀笔油画协会","digest":"零基础教学，基础刀笔油画，丙烯画，各种手绘手工!每次杜团活动都有成晶带回去! 欢迎每一个敢于尝试给生活增添色彩的你!","thumbs":["https://mp.innenu.com/img/inNENU.jpg"],"tags":["简介"]}}