{"title":"大学英语水平测试","grey":true,"author":"Mr.Hope","time":"2021年11月21日","shareable":true,"content":[{"tag":"text","type":"info","heading":"2021年下半年四六级考试时间","text":["英语四级口语考试考试时间为11月21日","英语六级口语考试考试时间为11月22日","英语四级笔试考试考试时间为12月18日 9:00 - 11:20","英语六级笔试考试考试时间为12月18日 15:00 - 17:25"]},{"tag":"list","items":[{"text":"测试介绍","icon":"intro","path":"guide/exam/cet/intro"},{"text":"测试报名","icon":"apply","path":"guide/exam/cet/apply"},{"text":"考试内容与评分标准","icon":"contract","path":"guide/exam/cet/content"},{"text":"考试流程","icon":"flow","path":"guide/exam/cet/flow"},{"text":"分数查询与解释","icon":"score","path":"guide/exam/cet/score"},{"text":"常见问题","icon":"faq","path":"guide/exam/cet/faq"}]},{"tag":"list","items":[{"text":"2021年下半年考试时间","icon":"time","path":"guide/exam/cet/time"}]}],"cite":[],"id":"guide/exam/cet/index"}