{"title":"大学英语水平测试介绍","author":"Mr.Hope","time":"2021年11月21日","shareable":true,"content":[["p",{"text":["全国大学英语四、六级考试(CET)是由教育部主办，教育部考试中心主持和实施的大规模标准化考试，是全国性的教学考试，其目的是促进我国大学英语教学工作，对大学生的英语能力进行客观、准确的测量，为提高我国大学英语课程的教学质量提供服务。CET始于1987年，已走过了三十多年的历程，对我国大学英语教学的发展和改革产生了积极的影响。","CET笔试的考试时间为每年6月和12月；CET口试的考试时间为每年5月和11月，报考口试的考生必须先报考当次相应级别的笔试。"],"style":"text-indent: 1.5em; "}],["text",{"type":"info","text":["CET 同时设有非英语考试科目，包括: 日语四级(CJT4)、日语六级(CJT6)、俄语四级(CRT4)、俄语六级(CRT6)、德语四级(CGT4)、德语六级(CGT6)和法语四级(CFT4)，以上考试科目每年6月开考一次，均为笔试考核，无口试考核。"]}],["title",{"text":"CET 笔试"}],["text",{"text":["CET 笔试每年开考两次，分别于6月和12月举行，具体考试时间我中心将会在每年年初另行通知。6月份开考科目为英语四级、六级，日语四级、六级，德语四级、六级、俄语四级、六级以及法语四级，12月份仅开考英语四级和六级。"]}],["title",{"text":"CET 口试"}],["text",{"text":["CET 口试每年开考两次，分别于5月和11月举行，具体考试时间我中心将会在每年年初另行通知。目前仅有英语开考对应级别的口试科目，即英语四级口语考试(CET-SET4)和英语六级口语考试(CET-SET6)。口语考试采用机考形式，凡已经报考笔试科目的考生均可报考对应级别的口试科目。"]}]],"cite":[],"id":"guide/exam/cet/intro"}