{"title":"“东师之声”广播站纳新","shareable":true,"content":[{"tag":"text","text":["“你听，这是什么?”","“这是’东师之声’校园广播站。”"],"align":"center","style":"font-size:18px;"},{"tag":"p","text":["用心吐字，用爱归音，“东师之声”校园广播站不断为广大师生呈现优质广播内容，朝向更具品质的节目质量、更为专业的水平、更加完备的节目录制播放体系不断努力，以其独特的方式为校园文化发展不断注入新鲜血液，推动校园文化稳步发展。","现如今，一代代广播人不断进步创新发展，只为打造出更加优质的播音媒体平台“传播时代强音，凝聚青年力量”已经成为“东师之声”校园广播站的新型特色。为增进学生与校园广播站的联系，我们开设“小声点歌”、以及节目征稿等平台，举办东师之声校园星主播大赛、青年大学习知识竞赛等大型比赛，丰富在校学生的校园生活。","“东师之声”校园广播站在广大师生在校生活中扮演着重要角色，时新的新闻热点、贯穿古今中外的知识科普、令人身心放松愉悦的文娱话题、或是别有韵味的英文播音，又或者你向往发挥创造力设计新颖的海报美图、制作精美的图文推送、成为一个音视频剪辑高手、又或是提升办公软件的使用，你想到的，我们都有哦! 来这里，成为众多“东小声”的一员，让更多人听到你的声音吧!"]},{"tag":"img","src":"https://mp.innenu.com/img/organization/voice-intro.jpg"}],"cite":[],"id":"guide/organization/voice/intake"}