{"title":"洗浴","grey":true,"author":"Mr.Hope","time":"2021年9月3日","shareable":true,"content":[["text",{"heading":"简介","text":["由于寝室没有独立卫浴，学校两校区均设有公共浴池。","新学生浴池采用单间洗浴，环境更加舒适性，便利性，私密性，安全性。","同时新浴池均配备了免费健身房与休息厅，以及便民商家服务。"]}],["list",{"header":"浴池介绍","content":[{"text":"本部","path":"guide/bath/benbu"},{"text":"净月","path":"guide/bath/jingyue"}]}],["list",{"header":"浴池账户","content":[{"text":"提供商与计费","icon":"account","path":"guide/bath/account"},{"text":"浴池充值","icon":"charge","path":"guide/bath/charge"},{"text":"浴池金额查看","icon":"money","path":"guide/bath/charge"},{"text":"浴池提现","icon":"change","path":"guide/bath/cash"}]}],["list",{"content":[{"text":"如何洗浴","icon":"bath","path":"guide/bath/usage"}]}]],"cite":[],"id":"guide/bath/index"}