{"title":"软件工程","author":"Mr.Hope","time":"2021年8月15日","desc":"","shareable":true,"content":[{"tag":"p","text":["软件工程系现有1个本科专业和软件工程专业型，软件工程学术型2个硕士学位授予点。软件工程系创设于2002年6月并同时成立软件学院，后发展为信息与软件工程学院，2017年并入为信息科学与技术学院。软件工程系现有教师17人，其中教授8人，包括“百千万人才”国家级人选1人，吉林省“长白山学者”特聘教授1人。与全国多所学校，软件名企联合建立了学研产用一体化协同创新的教育部数字化学习支撑技术工程研究中心，吉林省教育软件重点实验室，吉林省互联网+科技创新平台，吉林省软件工程教学示范中心等省级部级创新平台。近5年，软件工程系的教师承担了国家科技支撑计划，教育部人文社会基金项目，吉林省科技发展计划重大招标项目等科研项目20余项，发表高水平论文150余篇，形成了基于大数据的个性化自适应在线学习分析模型，能力导向的个性化学习路径生成及评测方法，基于决策理论的计算机自适应分类测试方法，项目选择方法，面向教育动漫制作的卡通自动建模技术，虚拟互动操作智能诊断技术，基于大数据的教育运行状态监测与决策支持技术等成果。","成果转化为支持个性化 学习的网络学习空间构建平台，电子书包教学平台，中小学和职业教育学科教学工具，虚拟仿真实验室与教学资源，区域教学质量评价与监测支撑系统等10多个品种的教育软件产品，应用到全国各国近5万多所中小学校和职业教育院校，对在我国教育信息化建设进程中发挥了重要作用。软件工程系本科专业的就业方向主要包括软件工程开发，软件关键技术研究，IT企业管理。行业信息化规划设计等。毕业生综合能力在就业，升学等方面有较强的竞争优势，每届约35%攻读国内外硕士研究生，约65%直接就业。毕业五年以上的学生中有8.5%在微软，百度，腾讯，阿里等高端企业就职。"],"style":"text-indent: 1.5em; "}],"id":"intro/school/ist/software","scopeData":{"@type":"general","uniq_id":"intro/school/ist/software","title":"软件工程","digest":"软件工程系现有1个本科专业和软件工程专业型，软件工程学术型2个硕士学位授予点。软件工程系创设于2002年6月并同时成立软件学院，后发展为信息与软件工程学院，2017年并入为信息科学与技术学院。软件工程系现有教师17人，其中教授8人，包括“百","thumbs":["https://mp.innenu.com/img/inNENU.jpg"],"tags":[]}}