{"title":"校园卡支付宝充值","author":"Mr.Hope","time":"2021年11月14日","shareable":true,"content":[{"tag":"text","text":["可以通过支付宝内的“校园一卡通”功能对校园卡进行重置。"]},{"tag":"title","text":"详细流程"},{"tag":"img","src":"https://mp.innenu.com/img/card/Alipay1.jpg","desc":"进入支付宝，在首页搜索框搜索“校园一卡通”，并点击进入。"},{"tag":"img","src":"https://mp.innenu.com/img/card/Alipay2.jpg","desc":"点击进入，并点击“立即充值”"},{"tag":"img","src":"https://mp.innenu.com/img/card/Alipay3.jpg","desc":"选择“长春 —— 东北师范大学”"},{"tag":"img","src":"https://mp.innenu.com/img/card/Alipay4.jpg","desc":"输入您的姓名、学号，确认转账金额点击转账并支付。"},{"tag":"text","type":"tip","text":["第一次绑定并转账后，再次打开就会显示校园卡并可以直接转账。点击卡片可以查看卡余额。"]}],"images":["https://mp.innenu.com/img/card/Alipay1.jpg","https://mp.innenu.com/img/card/Alipay2.jpg","https://mp.innenu.com/img/card/Alipay3.jpg","https://mp.innenu.com/img/card/Alipay4.jpg"],"id":"guide/card/charge/alipay","scopeData":{"@type":"general","uniq_id":"guide/card/charge/alipay","cover":"https://mp.innenu.com/img/card/Alipay1.jpg","title":"校园卡支付宝充值","digest":"可以通过支付宝内的“校园一卡通”功能对校园卡进行重置。第一次绑定并转账后，再次打开就会显示校园卡并可以直接转账。点击卡片可以查看卡余额。","thumbs":["https://mp.innenu.com/img/card/Alipay1.jpg","https://mp.innenu.com/img/card/Alipay2.jpg","https://mp.innenu.com/img/card/Alipay3.jpg","https://mp.innenu.com/img/card/Alipay4.jpg"],"tags":["详细流程"]}}