{"title":"《东师青年》报社纳新","shareable":true,"content":[{"tag":"p","text":["立足校园，观察天下。《东师青年》报社目前是东北师范大学影响力最大的校园媒体组织之一。我们是校团委直接指导下的共青团东北师范大学委员会团报，也是协助校团委宣传部开展平面媒体创作的校级学生组织。","二十二年流金岁月，报社在发展中不断壮大，也取得了累累硕果: 全国首届高校社团精英赛中荣获优秀奖、东北地区唯一一家四星级校园媒体……","《东师青年》报社以编委会为中心，下设社务中心、报务中心、视觉中心、新媒体中心四大板块，每个板块下分设部门进行运作。","二十二年来我们聚焦时事、关注热点，共报道过社会新闻事件100余件，如马航失踪、莆田系医院、性教育、网贷、电竞等。同时，专访校园内外人物超200人，从老师到学生，从知名人士到维修员工都曾对我们吐露心声。","除了报纸的编写发行，作为东北师范大学十大校级组织之一，我们还会不定期举办活动，如东北师范大学美食节、微小说大赛、校园新闻大赛等活动，颇受校内外的好评。","春秋廿二载，来时恰逢君。时值2021级新生入校，这个秋天，我们在等风，也在等你。关注《东师青年》报社微信公众号“NENU东小青”回复“纳新”，即可获得报名表一份。或着使用下方链接。"],"style":"text-indent: 1.5em; "},{"tag":"copy","header":"本部校区","text":"https://www.wjx.cn/vm/YFw5gzv.aspx"},{"tag":"copy","header":"净月校区","text":"https://www.wjx.cn/vj/wlQbI1K.aspx"}],"id":"guide/organization/newspaper/enroll","scopeData":{"@type":"general","uniq_id":"guide/organization/newspaper/enroll","title":"《东师青年》报社纳新","digest":"立足校园，观察天下。《东师青年》报社目前是东北师范大学影响力最大的校园媒体组织之一。我们是校团委直接指导下的共青团东北师范大学委员会团报，也是协助校团委宣传部开展平面媒体创作的校级学生组织。 二十二年流金岁月，报社在发展中不断壮大，也取得了","thumbs":["https://mp.innenu.com/img/inNENU.jpg"],"tags":[]}}