{"title":"马克思主义学部本科课程计划","author":"Mr.Hope","time":"2021年11月22日","shareable":true,"content":[{"tag":"doc","name":"思想政治教育专业人才培养方案 (2021)","url":"https://mp.innenu.com/file/courseplan/marx/2021-ideological-and-political.docx","icon":"doc"},{"tag":"doc","name":"哲学专业人才培养方案 (2021)","url":"https://mp.innenu.com/file/courseplan/marx/2021-philosophy.docx","icon":"doc"},{"tag":"doc","name":"社会学专业人才培养方案 (2021)","url":"https://mp.innenu.com/file/courseplan/marx/2021-sociology.docx","icon":"doc"},{"tag":"title","text":"历史版本"},{"tag":"doc","name":"马克思主义学部本科人才培养方案 (2015)","url":"https://mp.innenu.com/file/courseplan/marx/2015.pdf","icon":"pdf"},{"tag":"doc","name":"马克思主义学部本科课程计划 (2015)","url":"https://mp.innenu.com/file/courseplan/marx/2015.pdf","icon":"pdf"}],"cite":[],"id":"guide/course/plan/marx"}