{"title":"寝室","grey":true,"author":"Mr.Hope","time":"2021年11月20日","shareable":true,"content":[{"tag":"list","header":"寝室分布","content":[{"text":"寝室分配","desc":"是否可以选择寝室","icon":"faq","path":"guide/dorm/choose"},{"text":"本部校区本科寝室","path":"guide/dorm/locate/benbu"},{"text":"本部校区研究生寝室","path":"guide/dorm/locate/benbu-master"},{"text":"净月校区本科寝室","path":"guide/dorm/locate/jingyue"},{"text":"净月校区研究生寝室","path":"guide/dorm/locate/jingyue-master"}]},{"tag":"list","header":"寝室详细介绍","content":[{"text":"室内环境介绍","icon":"environment","path":"guide/dorm/detail/env"},{"text":"个人区域介绍","icon":"environment","path":"guide/dorm/detail/person"}]},{"tag":"list","header":"配套设置","content":[{"text":"热水房","icon":"hot-water","path":"guide/dorm/detail/hot-water"},{"text":"洗漱间","icon":"washing","path":"guide/dorm/detail/washing"},{"text":"电梯","icon":"lift","path":"guide/dorm/detail/lift"},{"text":"自习室","icon":"study","path":"guide/dorm/detail/self-study"},{"text":"卫生间","icon":"toilet","path":"guide/dorm/detail/toilet"},{"text":"洗衣机","icon":"washer","path":"guide/dorm/detail/washer"}]},{"tag":"list","header":"供电供网","content":[{"text":"供电时间","icon":"time","path":"guide/dorm/electricity/time"},{"text":"功率限制","icon":"power","path":"guide/dorm/electricity/power"},{"text":"缴纳电费","icon":"money","path":"guide/dorm/electricity/pay"},{"text":"寝室供网","icon":"network","path":"guide/dorm/network"}]},{"tag":"list","header":"规章制度","content":[{"text":"寝室门禁","icon":"door-guard","path":"guide/dorm/door"},{"text":"走读与调宿","icon":"info","path":"guide/dorm/day-reading"},{"text":"违禁物品","icon":"ban","path":"guide/dorm/ban"}]},{"tag":"copy","header":"故障报修","text":"http://gyglxt.nenu.edu.cn/?typeName=repair"},{"tag":"list","content":[{"text":"Mr.Hope の建议","icon":"idea","path":"guide/dorm/advice"}]}],"id":"guide/dorm/index","scopeData":{"@type":"general","uniq_id":"guide/dorm/index","title":"寝室","digest":"","thumbs":["https://mp.innenu.com/img/inNENU.jpg"],"tags":["寝室"]}}