{"title":"化学学院本科课程计划","author":"Mr.Hope","time":"2021年12月20日","shareable":true,"content":[{"tag":"doc","name":"化学专业本科人才培养方案 (2021)","url":"https://mp.innenu.com/file/courseplan/chemistry/chemistry-2021.docx","icon":"doc"},{"tag":"doc","name":"化学专业（公费师范）本科人才培养方案 (2021)","url":"https://mp.innenu.com/file/courseplan/chemistry/normal-2021.docx","icon":"doc"},{"tag":"doc","name":"化学专业（优师计划)人才培养方案 (2021)","url":"https://mp.innenu.com/file/courseplan/chemistry/great-2021.docx","icon":"doc"},{"tag":"title","text":"历史版本"},{"tag":"doc","name":"化学学院本科人才培养方案 (2019)","url":"https://mp.innenu.com/file/courseplan/chemistry/2019.pdf","icon":"pdf"},{"tag":"doc","name":"化学学院本科课程计划 (2015)","url":"https://mp.innenu.com/file/courseplan/chemistry/2015.pdf","icon":"pdf"}],"cite":[],"id":"guide/course/plan/chemistry"}