{"title":"转专业公示名单","desc":"注: “公开公示信息”不涉及到个人隐私，","author":"Mr.Hope","time":"2022 年 6 月 27 日","shareable":true,"content":[{"tag":"text","type":"note","text":["以下仅供热门专业、人数的参考。"]},{"tag":"doc","name":"2021 年转专业公示名单","url":"https://mp.innenu.com/file/study/switch-major-2021.xlsx","icon":"xls"},{"tag":"doc","name":"2020 年转专业公示名单","url":"https://mp.innenu.com/file/study/switch-major-2020.xlsx","icon":"xls"}],"cite":[],"id":"guide/change-major/list"}