{"title":"信息化办","author":"Mr.Hope","time":"2022 年 8 月 1 日","shareable":true,"content":[{"tag":"account","name":"信息化办","logo":"https://mp.innenu.com/img/media/official.png","detail":"东北师范大学信息化办公室","mail":"xxhb@nenu.edu.cn","site":"https://xxhb.nenu.edu.cn/"},{"tag":"p","text":["如果要办理校园卡开户、销户、基本信息变更、补卡、换卡等相关业务，可以到信息化办办理。"],"style":";display: inline-block"},{"tag":"title","text":"本部校区"},{"tag":"text","heading":"地址","text":["田家炳楼 213(二楼右手边)"]},{"tag":"location","title":"本部信息化办","points":[{"latitude":43.8617,"longitude":125.32983,"detail":"田家炳楼 213(二楼右手边)"}]},{"tag":"ul","heading":"工作时间","text":["周一到周五: 8:00 - 18:00","周六到周日: 8:30 - 11:30, 13:30 - 16:30"]},{"tag":"text","type":"tip","text":["平时工作日中午去信息化办办理业务的时候建议小声一些，尽量不要打扰部分工作人员的午休。"]},{"tag":"title","text":"净月校区"},{"tag":"text","heading":"地址","text":["冬华公寓 2 楼，入口在冬华公寓正门左侧"]},{"tag":"location","title":"净月信息化办","points":[{"latitude":43.824566,"longitude":125.425725,"detail":"冬华公寓 2 楼，入口在冬华公寓正门左侧"}]},{"tag":"ul","heading":"工作时间","text":["周一到周五: 8:00 - 16:30"]},{"tag":"img","src":"https://mp.innenu.com/img/card/jingyue-xxhb.jpg","desc":"净月信息化办"},{"tag":"title","text":"联系电话"},{"tag":"phone","header":"人工服务电话","num":"0431-85099005","fName":"信息化办人工服务电话","org":"东北师范大学","site":"https://xxhb.nenu.edu.cn/"},{"tag":"text","type":"tip","text":["上述为本部电话，可用时间同本部工作时间。"]},{"tag":"phone","header":"24 小时自助服务电话","num":"0431-85099119","fName":"信息化办 24 小时自助服务电话","org":"东北师范大学","site":"https://xxhb.nenu.edu.cn/"},{"tag":"ul","heading":"其他联系方式","text":["微信公众平台: 东师信息化办","官方 QQ: 1309969928","电子邮件: xxhb@nenu.edu.cn"]}],"cite":[],"id":"guide/card/office"}