{"title":"缴费相关","author":"Mr.Hope","time":"2021年9月13日","shareable":true,"content":[{"tag":"text","type":"danger","text":["报到时不需交学费和住宿费。请大家警惕谨防被骗!!!!"]},{"tag":"text","type":"warning","text":["如果有人要求您现场缴纳学费，请稳住他记住他的相貌并第一时间反馈给保卫科。"]},{"tag":"list","header":false,"content":[{"text":"保卫科","icon":"safe","path":"intro/apartment/defend"}]},{"tag":"text","type":"tip","text":["如果您缴纳学费有困难，请通过绿色通道进行入学。"]},{"tag":"list","header":false,"content":[{"text":"绿色通道","icon":"green-tunnel","path":"guide/check/green-tunnel"}]},{"tag":"title","text":"缴费方式"},{"tag":"text","text":["学生需要通过缴费系统自行缴费。"]},{"tag":"list","header":false,"content":[{"text":"PC 缴费","desc":"推荐","icon":"office","path":"guide/pay/pc"},{"text":"手机缴费","desc":"只支持微信","icon":"cellphone","path":"guide/pay/mobile"}]},{"tag":"p","type":"tip","heading":"Mr.Hope の 提示","text":["虽然说办理报到时不要求缴纳学费和住宿费，但是大部分学院会在报到时要求的大家缴纳几百元的年级费，用于日后的年级活动和统一杂费的扣取。","如果报到处(有学院牌子的摆台处)的辅导员或学生工作人员公开要求您缴纳并登记，且周围其他人未产生异议，那就说明这是收取的年级费，请安心缴纳。","年级费会在日后办活动、购买军训服、购买学院院服、运动会购买服装耗材、毕业晚会等情况使用。"],"style":"text-indent: 1.5em; "}],"images":[],"id":"guide/pay/index","scopeData":{"@type":"general","uniq_id":"guide/pay/index","title":"缴费相关","digest":"报到时不需交学费和住宿费。请大家警惕谨防被骗!!!!如果有人要求您现场缴纳学费，请稳住他记住他的相貌并第一时间反馈给保卫科。如果您缴纳学费有困难，请通过绿色通道进行入学。学生需要通过缴费系统自行缴费。Mr.Hope の 提示 虽然说办理报到","thumbs":["https://mp.innenu.com/img/inNENU.jpg"],"tags":["缴费方式"]}}