{"title":"手机使用缴费系统缴费","author":"Mr.Hope","time":"2021年11月19日","shareable":true,"content":[{"tag":"text","type":"warning","text":["请注意，目前手机缴费暂仅支持微信。","如果您需要使用银行卡或支付宝，请使用 PC 进行缴费。如果您尚未购买笔记本电脑，可以前往图书馆的电子阅览室进行缴费。"]},{"tag":"text","text":["新生可通过校园缴费平台自行线上缴费。请在微信中打开下列网址。"]},{"tag":"text","type":"tip","text":["可以把网址发送到文件传输助手、自己的小号或家庭群里，就可以点击打开了。"]},{"tag":"copy","text":"http://pay.nenu.edu.cn"},{"tag":"title","text":"登陆方式"},{"tag":"img","src":"https://mp.innenu.com/img/check/pay-mobile-login.jpg"},{"tag":"ul","heading":"校内用户登录","text":["请选择“本校师生”","默认账号为学号，初始密码为学号。"]},{"tag":"text","type":"tip","text":["首次登陆时会要求填写接收发票的邮箱和手机，请准确填写自己正在使用的号码，并输入收到的短信验证码。"]},{"tag":"text","heading":"校外用户登录","text":["学校会给校外用户发送 “缴费支付码”，校外用户通过收到的“缴费支付码”登录平台。"]},{"tag":"text","type":"info","heading":"Mr.Hope の 提示","text":["校外用户是指需要向学校缴纳其他费用的其他人员。并不是校内访问和校外访问的区分。您在校外也可以访问该系统。"]},{"tag":"title","text":"缴费方式"},{"tag":"img","src":"https://mp.innenu.com/img/check/pay-mobile-interface.jpg"},{"tag":"ul","text":["选择需要缴费的项目并进行缴费。"]},{"tag":"text","type":"tip","heading":"Mr.Hope の 提示","text":["每笔缴费最高为 1 万元，如果您的学费超过了 1 万元，请您分批缴费(选择部分缴费)。"]},{"tag":"ul","text":["之后选择合适的支付方式进行支付"]},{"tag":"img","src":"https://mp.innenu.com/img/check/pay-mobile-select.jpg"},{"tag":"phone","header":"咨询电话","fName":"财务处管理科","num":"0431-85099359","org":"东北师范大学","street":"吉林省长春市人民大街5268号","postCode":"130024"}],"images":["https://mp.innenu.com/img/check/pay-mobile-login.jpg","https://mp.innenu.com/img/check/pay-mobile-interface.jpg","https://mp.innenu.com/img/check/pay-mobile-select.jpg"],"id":"guide/pay/mobile","scopeData":{"@type":"general","uniq_id":"guide/pay/mobile","cover":"https://mp.innenu.com/img/check/pay-mobile-login.jpg","title":"手机使用缴费系统缴费","digest":"请注意，目前手机缴费暂仅支持微信。 如果您需要使用银行卡或支付宝，请使用 PC 进行缴费。如果您尚未购买笔记本电脑，可以前往图书馆的电子阅览室进行缴费。新生可通过校园缴费平台自行线上缴费。请在微信中打开下列网址。可以把网址发送到文件传输助手","thumbs":["https://mp.innenu.com/img/check/pay-mobile-login.jpg","https://mp.innenu.com/img/check/pay-mobile-interface.jpg","https://mp.innenu.com/img/check/pay-mobile-select.jpg"],"tags":["登陆方式","缴费方式"]}}