{"title":"选课介绍","author":"Mr.Hope","time":"2021年8月15日","shareable":true,"content":[{"tag":"title","text":"选/注课原则"},{"tag":"ol","text":["学校实行每学年三学期制，即“两长一短”三个学期。长学期为 19 - 21 周，考试2周；短学期一般为3—4周。长学期修读的学分数不得低于 10 学分、不得超过 32 学分。","学校实行学分制学费。学生实际修读的学分不超过课程计划要求总学分的所交费用与学年学费相同。学校另外免收 15 学分的学分学费，超过 15 学分的修读学分需要缴纳学分学费。计算公式为: (实际所修学分 - 专业毕业学分 - 15) * 80。","未办理注课或选课手续的学生，不能参加该课程的学习和考核，不能取得学分。","注课或选课后未在规定时间内办理退选手续而无故不参加课程学习和考核者，该课程成绩记为“0”分，并作为不及格课程记入成绩单，不能取得相应的学分，且必须按相关规定缴纳相应的课程学分学费。","原则上学生只能选择所在校区的课程。"]},{"tag":"ol","heading":"Mr.Hope の 对应解释","text":["学校每年一共三个学期: 秋季学期、春季学期和夏季学期。春季学期和秋季学期一般为 19 - 21 周，自 17 - 19 周开始所有课程结课开始考试。夏季学期为 3 - 4 周，只开一些课时数很少的选修课。\n不得低于 10 学分这个要求其实是没有的，本人一学期选 4 学分也没咋样，主要是因为大四可能课程的确比较少，而且即使不是大四也没问题，至少到 2020 年春季学期不存在部分学院谣传的学分小于 10 时对应学期无法开课的问题。\n系统会直接限制最多选 32 学分，表现在如果选一门课后超过 32 分，系统会提示学分超出禁止选择。经过询问诸多学霸，不建议大家达到 30 学分，大一大二选择 24 - 26 学分还是比较恰当的。(大佬请无视这句话随意, Mr.Hope 大一大二修读了 116 学分觉得也还行)。","学校收费根据学分来定，除了课程计划规定的毕业学分，多修的学分(包括修读但未能获得的，也就是挂了科的)可以最高为 15 学分，再多修每学分要缴纳 80 元才给您发毕业证。\n总体来说 15 学分很宽裕。大部分人学的再差也不至于挂到 15 学分之多。\n一些转专业的人，由于之前修读了一些原专业的课，可能会个别出现学分超出，需要额外缴费的情况。","这条说的就是如果您在规定时间内没选，系统关闭了，您也不能再选了，这学期就可以回家种菜了(*^_^*)\n即使您按时参加了对应的课程，并且混进去作答了对应课程的期末考试，由于您没选课，也没法给您分。","如果您不想上某节课忘记退选这门课了，您不去上课与参加考试，期末也会正常打分，不去就是零分、答多少是多少，也会出现在您的成绩单上。","除非有特殊原因，比如和另一个校区的学院商谈好进行辅修或双学位的学习或有其他实际需求，可以致电教务处单独选课外，其他人跨校区选课一律无效。\n系统也会禁止跨校区选课。"]}],"images":[],"id":"guide/select/intro","scopeData":{"@type":"general","uniq_id":"guide/select/intro","title":"选课介绍","digest":"学校实行每学年三学期制，即“两长一短”三个学期。长学期为 19 - 21 周，考试2周；短学期一般为3—4周。长学期修读的学分数不得低于 10 学分、不得超过 32 学分。 学校实行学分制学费。学生实际修读的学分不超过课程计划要求总学分的所","thumbs":["https://mp.innenu.com/img/inNENU.jpg"],"tags":["选/注课原则"]}}