{"title":"学分","author":"Mr.Hope","time":"2021年8月30日","shareable":true,"content":[{"tag":"title","text":"学分介绍"},{"tag":"p","text":["学分，是计算学习量的一种计量单位，按学期计算。通常情况下，一门课程的学分和这门课的每周学时直接挂钩，通过学分可以评判学生在大学期间的学习知识的广度及上课的数量，获得的学分越多，说明选择的课程越多。"],"style":"text-indent: 1.5em; "},{"tag":"title","text":"学分的计算"},{"tag":"p","text":["在我校，每周 1 学时的课程即为 1 学分。通常实验课和实习课的学分减半，即每周 2 学时的实验课只有 1 学分。学校每节课即为 1 学时，时长 45 分钟，奇数与偶数两节课连上。"],"style":"text-indent: 1.5em; "},{"tag":"title","text":"学分的获得"},{"tag":"p","text":["学分的获得有且仅有一个条件: 对应课程的期末总成绩达到 60 分(即及格)，这也正是大学及格万岁的由来。即使期末没有达到 60 分，补考成绩如果 ≥ 60 分也算通过了该课程。","不过，仅仅以通过所有课程为目的进行考试，在日后会痛苦万分。因为在毕业时学士学位的授予，以及就业、保研等情况，都离不开后文的平均学分绩点，所以如果您日后想有一个好前程，万万不可有及格万岁的心态。"],"style":"text-indent: 1.5em; "},{"tag":"title","text":"学分需求"},{"tag":"p","text":["在大学需要修读的学分，由所在专业的课程计划决定。课程计划会明确规定所学专业的修读年限、修读总学分、各类别课程的学分以及毕业绩点要求。","只要学分达到要求就可以获得毕业证了，但学位证有绩点要求。\"","选课时候您要特别注意，看看自己是不是按照学院计划选了课，同时应留意自己的发展方向学分能否按时修完。一定一定要注意。每年毕业审核的时候都有学分没修够被迫读大五的情况。"],"style":"text-indent: 1.5em; "},{"tag":"list","header":false,"items":[{"text":"各专业课程计划","icon":"plan","path":"guide/course/plan"}]}],"cite":[],"id":"guide/study/credit"}