{"title":"中华古诗词吟诵团纳新","shareable":true,"content":[["title",{"text":"中华古诗词吟诵团纳新啦!"}],["text",{"text":["社团日常开展吟诵表演、传统吟诵知识教学、汉服展示等系列特色活动。在这里，你可以学习古老的吟诵知识，体味优美的汉服文化，感受古典舞蹈的魅力。","如果你对吟诵知识和传统文化感兴趣；如果你喜欢汉服，心仪古典舞蹈；如果你想让语文教学变得更加有趣、丰富，一定不要错过!"]}],["text",{"text":["中华古诗词吟诵团，期待你的加入!"],"align":"text-align: center;","style":"font-size:18px;"}],["img",{"src":"https://mp.innenu.com/img/association/gushici-poster.jpg","desc":"详情"}],["img",{"src":"https://mp.innenu.com/img/association/gushici-qq-group.jpg","desc":"纳新群"}]],"cite":[],"id":"guide/association/culture/poem-intake","images":["https://mp.innenu.com/img/association/gushici-poster.jpg","https://mp.innenu.com/img/association/gushici-qq-group.jpg"]}