{"title":"环境学院招生","author":"Mr.Hope","time":"2022 年 7 月 31 日","shareable":true,"content":[{"tag":"title","text":"本科招生情况"},{"tag":"p","text":["为普通类专业，实施大类招生方案，按照环境科学与工程类进行大类招生。","学生入学一年后，根据自身专业志趣，通过双向选择，在环境科学、环境工程和生态学三个专业中选择一个作为自己的主修专业。"]},{"tag":"list","header":"专业详情","items":[{"text":"环境科学","path":"intro/school/environment/science"},{"text":"环境工程","path":"intro/school/environment/engineer"},{"text":"生态学","path":"intro/school/environment/ecology"}]},{"tag":"title","text":"专业介绍视频"},{"tag":"text","heading":"生态环境 薪火相传"},{"tag":"video","src":"https://www.nenu.edu.cn/__local/9/86/9E/7E9F1A082F502D600D29492F7FB_5736E06D_904F276.mp4?e=.mp4"},{"tag":"title","text":"硕士研究生招生概况"},{"tag":"p","text":["环境学院自 1978 年环境科学研究所时期开始研究生培养工作，至 1986 年成立环境科学系后开始招收本科生，是我国高校中最早创办的培养从事环境科学研究、教学环境保护的人才基地之一。学院下设环境科学系、生态学系、环境工程系和基础实验中心四个教学基础单位。学院设有环境科学、生态学、环境工程本科专业，环境科学、环境工程、生态学三个硕士专业，环境科学与工程及生态学博士专业。","截止目前，学院已培养各类研究生 740 余人。目前，学院在读博士研究生 52 人，硕士研究生 183 人(其中工程硕士 49 人)。每年招收研究生规模在 90 人左右，其中硕士研究生 80 人左右，博士研究生 10 人左右。学院研究生培养质量较高，就业去向多元，为大专院校、科研机构、政府职能部门及企事业单位输送了大批人才。学院毕业生中，有国家省部级领导干部，国家杰出青年基金获得者，长江学者特聘教授，环保部青年拔尖人才，企业高管等，每年研究生就业率均在 98%以上，选择境外深造或攻读博士学位者占 30%以上。"]},{"tag":"img","src":"https://mp.innenu.com/img/enroll/environment-master.png","desc":"2021 年招生情况"},{"tag":"phone","header":"硕士研究生招生咨询电话","fName":"烨虹","lName":"李","num":"0431-89165610","org":"东北师范大学环境学院","title":"硕士研究生招生负责人","street":"吉林省长春市净月大街 2555 号","postCode":"130117","mail":"liyh912@nenu.edu.cn"}],"cite":[],"id":"intro/school/environment/enroll"}