{"title":"净月理发","desc":"特别鸣谢小艺学长提供部分照片","author":"Mr.Hope","time":"2021年11月22日","shareable":true,"content":[["title",{"text":"校内"}],["text",{"text":["二食堂楼下(书店、水果店旁)、浴池外洗衣房旁"]}],["img",{"src":"https://mp.innenu.com/img/shop/jingyue-haircut.jpg","desc":"超市旁理发店"}],["title",{"text":"校外"}],["text",{"text":["暂无信息。"]}]],"cite":[],"id":"guide/life/haircut/jingyue","images":["https://mp.innenu.com/img/shop/jingyue-haircut.jpg"]}