{"title":"计算机类","time":"2022 年 6 月 27 日","shareable":true,"id":"intro/school/ist/class","author":"Mr.Hope","cite":[],"content":[{"tag":"title","text":"专业介绍"},{"tag":"p","text":["学生入学 3 个学期后分流至计算机科学与技术，智能科学与技术，教育技术学和图书馆学等四个专业。"]},{"tag":"list","items":[{"text":"计算机科学与技术","path":"intro/school/ist/science"},{"text":"智能科学与技术","path":"intro/school/ist/ai"},{"text":"教育技术学","path":"intro/school/ist/tech"},{"text":"图书馆学","path":"intro/school/ist/library"}]}]}