{"title":"大学生水平英语测试成绩证明","author":"Mr.Hope","time":"2021年11月23日","shareable":true,"content":[{"tag":"p","text":["ET成绩单遗失不予补发原件，2005年6月及以后各次考试可申请办理CET考试成绩证明。"],"style":"text-indent: 1.5em; "},{"tag":"title","text":"办理方式"},{"tag":"ul","text":["补办2005年6月及以后各次CET(含小语种)，2014年下半年至2016年上半年各次口语考试成绩证明，考生可登录中国教育考试网自行办理。","补办CET网考、2014年上半年及之前的CET口试成绩证明，考生可向CET考委办申请办理。"]},{"tag":"copy","header":"中国教育考试网","content":"http://bbcjzm.neea.edu.cn/"},{"tag":"text","heading":"申请材料","text":["1. 学籍所在院校教务处出具的证明(需加盖公章)，证明需含: 参加考试时间、考试级别、准考证号等内容；","2. 身份证复印件；","3. 回函信封；为确保考生能及时收到成绩证明，请务必随函附寄回函信封。信封上务必贴足邮资上海: 3.8元；上海以外地区: 4.2元，写清楚收件人的姓名、地址、邮编、电话。","不按上述要求提供回函信封的申请恕不予办理。"]},{"tag":"text","heading":"申请方式","text":["全国大学英语四、六级考试委员会办公室不予当面受理。申请者将申请材料以挂号信方式邮寄至全国大学英语四、六级考试委员会办公室。"]},{"tag":"text","heading":"地址","text":["全国大学英语四、六级考试委员会办公室","上海市徐汇区广元西路315号联峰汇7楼F座","邮政编码: 200030","电话: 021-52583311"]},{"tag":"text","heading":"反馈方式","text":["全国大学英语四、六级考试委员会办公室将核查结果以挂号邮寄方式反馈至申请者。"]}],"cite":[],"id":"guide/exam/cet/proof"}