{"title":"萤火支教团","author":"Mr.Hope","time":"2021年9月13日","shareable":true,"content":[{"tag":"intro","name":"萤火支教团","logo":"https://mp.innenu.com/img/association/yinghuo.png","desc":"用生命感动生命","qq":3550392854,"wx":"yinghuozhijiao","qqQRCode":"https://mp.innenu.com/img/media/yinghuo-qq-qrcode.jpg","wxQRCode":"https://mp.innenu.com/img/media/yinghuo-wx-qrcode.jpg","openid":"658885C34ABE00C771CD9CA5ACFC60A0","path":"yinghuo"},{"tag":"title","text":"社团简介"},{"tag":"p","text":["东北师范大学萤火支教团成立于2011年5月，由东北师范大学2009级公费师范生发起。支教团以“用生命感动生命”为宗旨，于2011年至2021年间曾前往河南、吉林、山东、云南、甘肃等多地开展支教活动，均圆满成功，并得到了当地政府、居（村）委会、团委、学生家长以及学生的一致好评。"],"style":"text-indent: 1.5em; "},{"tag":"title","text":"部门介绍"},{"tag":"text","text":["萤火支教团由四个部门组成，分别是秘书处、活动部、宣传部、财务部。"]},{"tag":"text","type":"info","heading":"秘书处","text":["作为支教团的中枢系统，秘书处主要负责协调各个部门日常的工作与运转，统筹整理并及时传达各类信息。"]},{"tag":"text","type":"info","heading":"活动部","text":["作为支教团的搞事担当，活动部主要负责素质拓展、团建等活动的安排与准备；除此之外，支教前期的磨课活动、志愿教师的学科分配与教技培训也属于活动部的职责范围之内。"]},{"tag":"text","type":"info","heading":"宣传部","text":["作为支教团的流量担当，宣传部主要负责运营萤火支教团官方微信平台，制作活动海报，剪辑活动视频；除此之外，宣传部有支教项目申请以及策划与材料总结的任务。"]},{"tag":"text","type":"info","heading":"财务部","text":["作为支教团财政大权的执掌者，财务部主要负责平时活动以及支教期间物品的购置与管理、经费的统计等。"]},{"tag":"title","text":"特色活动介绍"},{"tag":"text","type":"info","heading":"七点青春","text":["在春暖花开的季节里，团队成员们相聚在七点的春天里，一起晨跑，做游戏，在这个过程中彼此相识相知，与此同时，团队也会因该活动更具有凝聚力；"]},{"tag":"img","src":"https://mp.innenu.com/img/association/yinghuo-party1.jpg"},{"tag":"text","type":"info","heading":"萤火日历","text":["萤火日历记录了每个“萤火虫”的生日与成长，在他们生日来临之际，“萤火虫”们会为过生日的“萤火虫”带来温暖与祝福。"]},{"tag":"img","src":"https://mp.innenu.com/img/association/yinghuo-party2.jpg"},{"tag":"title","text":"往期支教回顾"},{"tag":"text","text":["在 2011 年至 2021年 间，支教团曽前往河南、吉林、山东、云南、甘肃等多地开展支教活动，均取得圆满成功。"]},{"tag":"img","src":"https://mp.innenu.com/img/association/yinghuo-activity.png","desc":"往期支教地点"},{"tag":"img","src":"https://mp.innenu.com/img/association/yinghuo-zhijiao1.jpg"},{"tag":"swiper","url":["https://mp.innenu.com/img/association/yinghuo-zhijiao1.jpg","https://mp.innenu.com/img/association/yinghuo-zhijiao2.jpg","https://mp.innenu.com/img/association/yinghuo-zhijiao3.jpg","https://mp.innenu.com/img/association/yinghuo-zhijiao4.jpg","https://mp.innenu.com/img/association/yinghuo-zhijiao5.jpg"]},{"tag":"title","text":"团队荣誉"},{"tag":"text","text":["支教团自成立以来兢兢业业，脚踏实地，实干创新，曾获得多项荣誉，具体如下。"]},{"tag":"ul","text":["2012 年参加“益暖中华大赛”，进入复赛；","2012 年东北师范大学暑期实践汇报中获得优秀团队称号；","2013 年 3 月参加益微青年的微团申请，并成功成为益微青年的微团；","2013 年暑期参与了“三星——西部阳光行动”大学生乡村志愿服务项目；","2013 年暑期《“爱播未来·大手牵小手”农村儿童成长体验营》项目被评为东北师范大学 2013 年度大学生暑期社会实践项目重点支持项目；","2013 年 9 月，成功申报“雏雁起飞”项目；","2014 年 4 月成功申请好丽友宣传事宜，获得一千元经费支持；","2014 年 6 月成功申报中国华侨基金会项目，并获得经费支持；","2014 年暑期《大手牵小手·幸福成长体验营》项目被评为东北师范大学暑期社会实践重点项目；","2015 年 2 月获得新文化报社吉林省“十佳优秀志愿者队伍”荣誉称号；","2016 年 6 月成功申报中国华侨基金会项目，并获得经费支持；","2017 年成功入选北京益微青年合作社团开展暑期夏令营，并获得经费支持。"]}],"images":["https://mp.innenu.com/img/association/yinghuo-party1.jpg","https://mp.innenu.com/img/association/yinghuo-party2.jpg","https://mp.innenu.com/img/association/yinghuo-activity.png","https://mp.innenu.com/img/association/yinghuo-zhijiao1.jpg"],"id":"guide/association/volunteer/yinghuo","scopeData":{"@type":"general","uniq_id":"guide/association/volunteer/yinghuo","cover":"https://mp.innenu.com/img/association/yinghuo-party1.jpg","title":"萤火支教团","digest":"东北师范大学萤火支教团成立于2011年5月，由东北师范大学2009级公费师范生发起。支教团以“用生命感动生命”为宗旨，于2011年至2021年间曾前往河南、吉林、山东、云南、甘肃等多地开展支教活动，均圆满成功，并得到了当地政府、居（村）委会","thumbs":["https://mp.innenu.com/img/association/yinghuo-party1.jpg","https://mp.innenu.com/img/association/yinghuo-party2.jpg","https://mp.innenu.com/img/association/yinghuo-activity.png","https://mp.innenu.com/img/association/yinghuo-zhijiao1.jpg"],"tags":["社团简介","部门介绍","特色活动介绍","往期支教回顾","团队荣誉"]}}