{"title":"NCRE 说明","author":"Mr.Hope","time":"2021年11月21日","grey":true,"shareable":true,"content":[{"tag":"list","content":[{"text":"NCRE 介绍","icon":"intro","path":"guide/exam/ncre/intro"},{"text":"考试大纲","icon":"rule","path":"guide/exam/ncre/outline"}]},{"tag":"list","header":"考试等级","content":[{"text":"计算机二级","icon":"office","path":"guide/exam/ncre/ncre2"},{"text":"计算机三级","icon":"office","path":"guide/exam/ncre/ncre3"},{"text":"计算机四级","icon":"office","path":"guide/exam/ncre/ncre4"}]},{"tag":"list","content":[{"text":"常见问题","icon":"faq","path":"guide/exam/ncre/faq"}]}],"id":"guide/exam/ncre/index","scopeData":{"@type":"general","uniq_id":"guide/exam/ncre/index","title":"NCRE 说明","digest":"","thumbs":["https://mp.innenu.com/img/inNENU.jpg"],"tags":[]}}