{"title":"体育馆","author":"Mr.Hope, fy","desc":"来源: 东北师范大学体育馆官网\n","time":"2020年9月1日","photo":["https://mp.innenu.com/img/scenery/benbu/sports/gym1.jpg","https://mp.innenu.com/img/scenery/benbu/sports/gym2.jpg"],"content":[["title",{"text":"简介"}],["p",{"text":["体育馆靠近学校西大门，正门面向人民大街，后门师生专用通道与生命广场相连。体育馆设施齐全，场地宽阔，是一座现代化多功能综合性体育馆，是吉林省长春市地标建筑，是国内高校中功能最全、设施最先进的体育馆之一。按不同功能分为篮球训练馆、排球训练馆、篮排兼用训练馆、羽毛球训练馆、乒乓球训练馆、体能训练馆、网球训练馆、体操训练馆、武术训练馆、轮滑训练场地、体育舞蹈训练场地和跆拳道训练场地等。"],"style":"text-indent: 1.5em; "}],["p",{"type":"warning","text":["同学们一定要记得带好一卡通和运动鞋! 没带鞋是不让进的。"],"style":"text-indent: 1.5em; "}]],"cite":[],"id":"map/benbu/sports/gym"}