{"title":"菜鸟驿站","author":"Mr.Hope","time":"2020年9月1日","photo":["https://mp.innenu.com/img/express/cainiao1.jpg","https://mp.innenu.com/img/express/cainiao2.jpg","https://mp.innenu.com/img/express/cainiao-scan.jpg"],"content":[{"tag":"title","text":"简介"},{"tag":"p","text":["菜鸟驿站是学校为便捷师生收发快递设立的快递信件派发点。目前进驻的快递服务公司有申通、圆通、百世、优速(与百世同一窗口)、顺丰、京东。没有指定具体学院楼的EMS邮件也会由菜鸟驿站代理签收。","菜鸟驿站离三舍很近，所以如果要寄东西到学校的话尽量让卖家发这些快递哦~"],"style":"text-indent: 1.5em; "},{"tag":"text","heading":"服务站地点","text":["学生二舍北侧(靠近自由大路侧)"]},{"tag":"list","header":false,"content":[{"text":"更多详情","icon":"express","path":"guide/express/benbu"}]}],"images":[],"id":"map/benbu/facility/cainiao","scopeData":{"@type":"general","uniq_id":"map/benbu/facility/cainiao","title":"菜鸟驿站","digest":"菜鸟驿站是学校为便捷师生收发快递设立的快递信件派发点。目前进驻的快递服务公司有申通、圆通、百世、优速(与百世同一窗口)、顺丰、京东。没有指定具体学院楼的EMS邮件也会由菜鸟驿站代理签收。 菜鸟驿站离三舍很近，所以如果要寄东西到学校的话尽量让","thumbs":["https://mp.innenu.com/img/inNENU.jpg"],"tags":["简介"]}}