{"title":"数学学院本科课程计划","time":"2022 年 6 月 27 日","shareable":true,"id":"guide/course/plan/math","author":"Mr.Hope","cite":[],"content":[{"tag":"doc","name":"数学与应用数学专业人才培养方案 (2021)","url":"https://mp.innenu.com/file/courseplan/math/math-2021.docx","icon":"doc"},{"tag":"doc","name":"数学与应用数学专业 (公费师范) 人才培养方案 (2021)","url":"https://mp.innenu.com/file/courseplan/math/normal-2021.docx","icon":"doc"},{"tag":"doc","name":"数学与应用数学专业 (优师计划) 人才培养方案 (2021)","url":"https://mp.innenu.com/file/courseplan/math/great-2021.docx","icon":"doc"},{"tag":"doc","name":"统计学专业人才培养方案 (2021)","url":"https://mp.innenu.com/file/courseplan/math/statistics-2021.docx","icon":"doc"},{"tag":"title","text":"历史版本"},{"tag":"doc","name":"数学学院本科人才培养方案 (2019)","url":"https://mp.innenu.com/file/courseplan/math/2019.pdf","icon":"pdf"},{"tag":"doc","name":"数学学院本科课程计划 (2015)","url":"https://mp.innenu.com/file/courseplan/math/2015.pdf","icon":"pdf"}]}