{"title":"美术介绍","desc":"来源: 东北师范大学美术学院官网\n最后更新于: 2015年11月20日","time":"2021年11月22日","shareable":true,"content":[{"tag":"account","name":"美术学院","logo":"https://mp.innenu.com/img/media/art.png","detail":"东北师范大学美术学院","wxid":"gh_d633652739f9","wxcode":"https://mp.innenu.com/img/media/art-qrcode.jpg","account":"art","location":{"latitude":43.82564,"longitude":125.42814},"mail":"nenuart@nenu.edu.cn","site":"https://fineart.nenu.edu.cn/"},{"tag":"title","text":"学院简介"},{"tag":"p","text":["东北师范大学于1946年成立艺术系，1973年重建艺术系，设立美术专业。1985 年正式建立美术系，2001 年撤系建院。"],"style":"text-indent: 1.5em; "},{"tag":"title","text":"师资力量"},{"tag":"p","text":["美术学院现有专任教师105人，其中教授20人，副教授35人，博士生导师11人。目前在校本科生1156人，硕士研究生420人,博士研究生66人，是国内综合类大学美术学院中办学实力较强的综合性、研究型的美术学院之一。"],"style":"text-indent: 1.5em; "},{"tag":"title","text":"学科建设"},{"tag":"text","text":["美术学院现有美术学、设计学两个- -级学科。设有8个系和基础教学部，分别为美术教育系、绘画系(含油画、版画、水彩画、综合材料绘画专业方向)、中国画系，雕塑系、视觉传达设计系(含数字媒介设计专业方向)、环境设计系、服装与服饰设计系,美术理论系。学院于1995年开始招收、培养硕士研究生。2010年获批美术学-级学科博士学位授予权;2014年获批设立美术学博士后科研流动站，是吉林省内唯一拥有美术学博士学位授予权和博士后科研流动站的单位。2009 年学院美术实验教学中心获批为“美术国家级实验教学示范中心”，这也是我国师范类大学里唯- - -个美术国家级示范中心。2018 年学院通过了美术学(师范)二级专业认证，成为全国首家获得教育部师范专业认证的美术学院。目前学院共有美术学、雕塑、环境设计三个专业获立成为国家级一流本科专业建设点。","美术学院在长期办学实践中，坚持贯彻国家教育方针，尊重现代教育发展规律，在学校“创造的教育”理念下，学院确立了“为基础美术教育服务，为繁荣美术事业服务，为现代化创意生活服务”的办学方向，形成了“以学生为本，以教育为先;道与器兼修，艺与术并举”的办学理念。","近年来，美术学院在师资队伍建设、科学研究水平、人才培养质量、国际化合作与交流等方面取得了长足进展，总体学科排名保持稳步提升，在2016年中国校友会网《2016中国大学学科评价报告》、2017上海软科中国最好学科排行榜、2020 年金平果中评榜中国大学分专业竞争力排行榜中，美术学、设计学均获得优异成绩。在教育部公布的全国第四轮学科评估中，美术学学科评估结果为B+。经过几代人不懈努力，学院积累了丰富的办学经验，培养出大批素质好、质量高的优秀毕业生，得到社会各界的广泛认可，具有很高的社会声誉。"]},{"tag":"title","text":"联系方式"},{"tag":"ul","text":["地址: 吉林省长春市净月大街 2555 号","邮政编码: 130117","邮箱: nenuart@nenu.edu.cn","电话: (86-431)-84536535"]},{"tag":"phone","fName":"美术学院","num":"0431-84536535","org":"东北师范大学","street":"吉林省长春市净月大街 2555 号","postCode":"130117","mail":"nenuart@nenu.edu.cn","site":"https://fineart.nenu.edu.cn/"}],"id":"intro/school/art/intro","scopeData":{"@type":"general","uniq_id":"intro/school/art/intro","title":"美术介绍","digest":"东北师范大学于1946年成立艺术系，1973年重建艺术系，设立美术专业。1985 年正式建立美术系，2001 年撤系建院。美术学院现有专任教师105人，其中教授20人，副教授35人，博士生导师11人。目前在校本科生1156人，硕士研究生42","thumbs":["https://mp.innenu.com/img/inNENU.jpg"],"tags":["学院简介","师资力量","学科建设","联系方式"]}}