{"title":"电子信息科学与技术","author":"Mr.Hope","desc":"来源: 2021年本科招生指南","time":"2021年8月15日","shareable":true,"content":[{"tag":"title","text":"专业简介"},{"tag":"p","text":["为普通类专业，旨在面向国家信息化建设与基础教育发展重大需求，引导学生成为道德素养高、见识广、责任感强的自主学习者，能在电子技术，机器人、人工智能、基础教育等领域和行政部门从事科学研究、技术开发，工程管理和教育教学工作的“双师”型拔尖创新人才。"],"style":"text-indent: 1.5em; "},{"tag":"title","text":"主干课程"},{"tag":"ul","text":["高等数学","线性代数","大学物理及实验","信息技术基础","C语言程序设计及实验","电路原理","模拟电子技术及实验","数字电子技术及实验","信号与系统","电磁场与电磁波","电工电子实验","数字信号处理","单片机接口技术","现代数字系统设计","电子系统综合实验","专业实习"]},{"tag":"title","text":"就业方向"},{"tag":"text","text":["在IT (信息技术)相关领域从事科学研究、科技开发、产品设计、生产管理等高薪工作,特别是在嵌入式技术，电路设计及信号处理领域具有专业优长。"]}],"images":[],"id":"intro/school/physics/electronic","scopeData":{"@type":"general","uniq_id":"intro/school/physics/electronic","title":"电子信息科学与技术","digest":"为普通类专业，旨在面向国家信息化建设与基础教育发展重大需求，引导学生成为道德素养高、见识广、责任感强的自主学习者，能在电子技术，机器人、人工智能、基础教育等领域和行政部门从事科学研究、技术开发，工程管理和教育教学工作的“双师”型拔尖创新人才","thumbs":["https://mp.innenu.com/img/inNENU.jpg"],"tags":["专业简介","主干课程","就业方向"]}}