{"title":"三舍 A","author":"Mr.Hope","time":"2020 年 9 月 1 日","content":[{"tag":"title","text":"三舍 A"},{"tag":"p","text":["住女生，共 15 层。入住外语学院英语系(包括公费师范生)、物理、文学、化学学院学生。有电梯 4 台。一楼有自助终端机。"]},{"tag":"list","header":"寝室详细介绍","items":[{"text":"室内环境介绍","icon":"environment","path":"guide/dorm/detail/env"},{"text":"个人区域介绍","icon":"environment","path":"guide/dorm/detail/person"},{"text":"热水房","icon":"hot-water","path":"guide/dorm/detail/hot-water"},{"text":"洗漱间","icon":"washing","path":"guide/dorm/detail/washing"},{"text":"电梯","icon":"lift","path":"guide/dorm/detail/lift"},{"text":"自习室","icon":"study","path":"guide/dorm/detail/self-study"},{"text":"卫生间","icon":"toilet","path":"guide/dorm/detail/toilet"},{"text":"洗衣机","icon":"washer","path":"guide/dorm/detail/washer"}]},{"tag":"list","header":"寝室供电","items":[{"text":"供电时间","icon":"time","path":"guide/dorm/electricity/time"},{"text":"功率限制","icon":"power","path":"guide/dorm/electricity/power"},{"text":"缴纳电费","icon":"money","path":"guide/dorm/electricity/pay"}]},{"tag":"list","header":"寝室供网","items":[{"text":"寝室供网","icon":"network","path":"guide/dorm/network"}]},{"tag":"list","header":"规章制度","items":[{"text":"寝室门禁","icon":"door-guard","path":"guide/dorm/door"},{"text":"走读与调宿","icon":"intro","path":"guide/dorm/day-reading"},{"text":"违禁物品","icon":"ban","path":"guide/dorm/ban"}]},{"tag":"list","items":[{"text":"Mr.Hope の建议","icon":"idea","path":"guide/dorm/advice"}]}],"cite":[],"id":"map/benbu/dorm/dorm3A"}