{"title":"哲学专业","desc":"来源: 2021 年本科招生指南","time":"2022 年 6 月 27 日","shareable":true,"content":[{"tag":"title","text":"专业简介"},{"tag":"p","text":["为普通类专业，旨在培养具备高尚的公共服务精神和社会关怀品质，树立专业的社会工作伦理，深厚的社会学、哲学与思想政治教育理论素养，宽阔的多学科视野与思维方式，掌握扎实的社会工作知识和实践技能，符合社会发展需求的复合型、高层次专门人才。主干课程:设置等专业主干课程。"],"style":"text-indent: 1.5em; "},{"tag":"title","text":"学费价格"},{"tag":"p","text":["哲学学费为 3850 元/年"],"style":"text-indent: 1.5em; "},{"tag":"title","text":"主干课程"},{"tag":"ul","text":["个案工作","小组工作","社区工作","现代西方社会学理论","马克思主义社会学","社会工作概论","社会工作实务与方法","社会统计学","社会心理学","社会问题研究"]},{"tag":"title","text":"就业方向"},{"tag":"text","text":["学生主要在国内外高等学府与教学科研机构继续从事社会学学术研究与社会工作应用研究，也可在政府、研究部门、社会福利部门、社会工作专业机构、民间组织以及企事业单位从事部门管理、机构组织与实务运行工作。"]}],"cite":[],"id":"intro/school/marx/philosophy"}