{"title":"英语课程说明","author":"Mr.Hope","time":"2021年11月22日","shareable":true,"content":[["p",{"text":["本科生在读期间，需根据教学要求修满 10 学分的英语课程，并通过 “东北师范大学英语水平测试”(DET)(普通类、术科类)。10 学分课程中，8 学分为大学英语必修课程(即语言基础课程)，每学期各修 4 学分，2 学分为英语选修课程。"],"style":"text-indent: 1.5em; "}],["title",{"text":"课程设置"}],["p",{"text":["大学英语课程分为大学英语语言基础课程、语言能力提高课程、通用学术英语课程、跨语言文化交际课程和第二外语课程五大模块(见下表)。其中，语言基础课程模块为必修课程，其余模块为选修课程。大学英语语言基础课程(4 学时/周)配每周 1 学时的数字化平台上机学习课程(说白了就是要做视听说)。必修课成绩设通过(P)和不通过(NP)两种，通过后获得相应学分。"],"style":"text-indent: 1.5em; "}],["img",{"src":"https://mp.innenu.com/img/exam/english.png"}],["title",{"text":"考试以及成绩计算"}],["p",{"text":["东北师范大学大学英语课程成绩由“东北师范大学英语水平测试”(DET)成绩和过程性评价成绩两部分组成。其中两者各占期末总成绩的50%。"],"style":"text-indent: 1.5em; "}],["p",{"heading":"“大学英语水平测试” (DET)","text":["凡根据教学要求应修读大学英语 10 学分的 A 班和 B 班学生，每学期均需参加“东北师范大学大学英语水平测试(DET)(普通类)”，C 班和 D 班学生需参加“东北师范大学大学英语水平测试(DET)(术科类)”。同时，通过以上英语水平测试(大于等于 60 分)是学生获得东北师范大学学位证书的必要条件。学生在学期间可免费参加“大学英语水平测试”(DET)两次，从参加第三次考试开始收费，每次收费 100 元。请同学们注意: 英语分班考试以及大一学年的两次期末考试也是 DET，不算在免费的两次里，成绩达到 60 分以上也算通过了“东北师范大学大学英语水平测试”。"],"style":"text-indent: 1.5em; "}],["list",{"header":false,"content":[{"text":"更多详情","icon":"english","path":"guide/course/english/DET"}]}],["p",{"heading":"过程性评价","text":["在大学英语语言基础课程学习过程中，过程性评价包括平时成绩(30%，其中包括: 在线听力自主学习 10 %、统一命题测试 1 次 10%、出席及课堂表现 10%)、上机学习(10%)和口语测试(10%)三个部分。其中，每个学生每周都设有一小时的上机自主学习时间(即在线听力自主学习与上机学习)，所有学生应到综合楼机房内完成自主学习内容。"],"style":"text-indent: 1.5em; "}],["title",{"text":"更多详情"}],["doc",{"name":"东北师范大学大学外语人才培养方案(2020版)","url":"https://mp.innenu.com/file/courseplan/english-course-plan.docx","icon":"doc"}]],"cite":[],"id":"guide/course/english/intro","images":["https://mp.innenu.com/img/exam/english.png"]}