{"title":"小语种外语课程","author":"Mr.Hope","time":"2021年8月15日","shareable":true,"content":[["title",{"text":"简介"}],["text",{"text":["学校为高考语种选择日语和俄语的同学开设了综合日语和综合俄语课程班。","这些同学只需修读对应的课程，无需通过 DET (东北师范大学英语水平测试)，也无需修读大学英语课程。"]}],["p",{"type":"warning","text":["学德语的同学请注意，目前学校未开设综合德语课程，所以往届的情况是需要修读大学英语课程的。"],"style":"text-indent: 1.5em; "}]],"cite":[],"id":"guide/course/english/other"}