{"title":"美术学院","time":"2020 年 9 月 1 日","id":"map/jingyue/school/art","author":"Mr.Hope","cite":[],"content":[{"tag":"account","name":"美术学院","logo":"https://mp.innenu.com/img/media/art.png","detail":"东北师范大学美术学院","wxid":"gh_d633652739f9","wxcode":"https://mp.innenu.com/img/media/art-qrcode.jpg","account":"art","location":{"latitude":43.82564,"longitude":125.42814},"mail":"nenuart@nenu.edu.cn","site":"https://fineart.nenu.edu.cn/"},{"tag":"list","items":[{"text":"学院简介","icon":"about","path":"intro/school/art/intro"},{"text":"专业","icon":"intro","path":"intro/school/art/enroll"}]}]}