{"title":"中小学教师资格证申请","author":"Mr.Hope","time":"2021年9月6日","shareable":true,"content":[{"tag":"title","text":"考试成绩合格科目有效期"},{"tag":"text","text":["各类别中小学教师资格考试(笔试)单科成绩有效期均为2年。"]},{"tag":"text","type":"tip","text":["参加2019年上半年笔试，合格科目有效期至2021年6月30日；参加2019年下半年笔试，合格科目有效期至2021年12月31日。"]},{"tag":"text","text":["各类别中小学教师资格考试(面试)科目合格成绩单次有效。面试通过即可获得《中小学教师资格考试合格证明》，该合格证明有效期为3年。"]},{"tag":"text","type":"tip","text":["通过2019年上半年面试，合格证明有效期至2022年6月30日；通过2019年下半年面试，合格证明有效期至2022年12月31日。"]},{"tag":"title","text":"获取《中小学教师资格考试合格证明》"},{"tag":"text","text":["笔试和面试科目均合格的考生，可获得由教育部考试中心颁发的《中小学教师资格考试合格证明》。面试成绩公布后，成绩合格的考生，可自行登录网站“合格证查询”栏目，查询、下载、打印PDF格式“网页版”的考试合格证明。该证明是申请教师资格认定的必要条件，有效期3年。"]},{"tag":"ul","type":"info","heading":"考试合格和教师资格认定的关系","text":["教师资格考试成绩合格是取得教师资格的必备条件之一。要取得教师资格，必须取得教师资格考试成绩合格，同时具备教师资格的其它条件。","教师资格证书任教学科应与申请人报考笔试科目“学科知识与教学能力”一致。"]}],"images":[],"id":"guide/exam/ntce/apply","scopeData":{"@type":"general","uniq_id":"guide/exam/ntce/apply","title":"中小学教师资格证申请","digest":"各类别中小学教师资格考试(笔试)单科成绩有效期均为2年。参加2019年上半年笔试，合格科目有效期至2021年6月30日；参加2019年下半年笔试，合格科目有效期至2021年12月31日。各类别中小学教师资格考试(面试)科目合格成绩单次有效。","thumbs":["https://mp.innenu.com/img/inNENU.jpg"],"tags":["考试成绩合格科目有效期","获取《中小学教师资格考试合格证明》"]}}