{"title":"校园卡照片","author":"Mr.Hope","time":"2021年8月15日","shareable":true,"content":[{"tag":"title","text":"为什么是这张照片!"},{"tag":"p","text":["校园卡使用的是高考报考照片，因为这是高校在新生入学前能够获得的新生唯一一张照片。 hhh"],"style":"text-indent: 1.5em; "},{"tag":"title","text":"照片可以换么?"},{"tag":"p","text":["对不起挂失卡后重新补办的校园卡上会仍然使用同一张照片。这张校园卡会时刻提醒您: 生活不易，且行且珍惜。","最后，提示您: 大学学生证照片好好照哦~ hhh"],"style":"text-indent: 1.5em; "}],"cite":[],"id":"guide/card/photo"}