{"title":"招生情况","grey":true,"author":"Mr.Hope","time":"2022 年 6 月 30 日","shareable":true,"content":[{"tag":"list","header":"本科招生","items":[{"text":"2022 年本科招生简章","icon":"rule","path":"intro/enroll/under/rule/index"},{"text":"2022 年招生计划与历史分数线","icon":"time","path":"intro/enroll/under/info"},{"text":"招生咨询群","icon":"qq-group","path":"intro/enroll/under/qq-group"},{"text":"招生直播活动","icon":"activity","path":"intro/enroll/under/activity"},{"text":"更多信息","icon":"more","path":"intro/enroll/under/index"}]},{"tag":"list","header":"研究生招生","items":[{"text":"2022 年招生专业、人数与联系方式","icon":"about","path":"intro/enroll/grad/major/2022"},{"text":"2022 年硕士研究生招生简章","icon":"rule","path":"intro/enroll/grad/rule/2022"},{"text":"东师研招公众号","icon":"wechat","url":"account-detail?path=graduate"},{"text":"更多","icon":"more","path":"intro/enroll/grad/index"}]},{"tag":"list","header":"第二学士学位","items":[{"text":"2022 年第二学士学位招生简章","icon":"rule","path":"intro/enroll/second-degree/2022"}]}],"cite":[],"id":"intro/enroll/index"}