{"title":"校园邮箱","grey":true,"author":"Mr.Hope","time":"2021年9月3日","shareable":true,"content":[{"tag":"list","content":[{"text":"邮箱介绍","icon":"email","path":"guide/account/mail/intro"},{"text":"安卓邮箱客户端设置","icon":"android","path":"guide/account/mail/Android"},{"text":"iOS 邮箱客户端设置","icon":"apple","path":"guide/account/mail/iOS"}]}],"id":"guide/account/mail/index","scopeData":{"@type":"general","uniq_id":"guide/account/mail/index","title":"校园邮箱","digest":"","thumbs":["https://mp.innenu.com/img/inNENU.jpg"],"tags":["校园邮箱"]}}