{"title":"缴费相关","author":"Mr.Hope","time":"2021年9月13日","shareable":true,"content":[{"tag":"text","type":"danger","text":["报到时不需交学费和住宿费。请大家警惕谨防被骗!!!!"]},{"tag":"title","text":"缴费方式"},{"tag":"text","text":["学生需要通过缴费系统自行缴费。"]},{"tag":"list","header":false,"content":[{"text":"PC 缴费","desc":"推荐","icon":"office","path":"guide/pay/pc"},{"text":"手机缴费","desc":"只支持微信","icon":"cellphone","path":"guide/pay/mobile"}]}],"id":"guide/pay/index","scopeData":{"@type":"general","uniq_id":"guide/pay/index","title":"缴费相关","digest":"报到时不需交学费和住宿费。请大家警惕谨防被骗!!!!学生需要通过缴费系统自行缴费。","thumbs":["https://mp.innenu.com/img/inNENU.jpg"],"tags":["缴费方式"]}}