{"title":"净月水果店","author":"Mr.Hope","time":"2021年9月7日","shareable":true,"content":[{"tag":"title","text":"校内"},{"tag":"ul","text":["浴池旁","二食堂一楼 (超市入口附近)","二食堂二楼基本餐楼层"]},{"tag":"img","src":"https://mp.innenu.com/img/shop/jingyue-fruit-1.jpg","desc":"水果店，位于二食堂一楼"},{"tag":"img","src":"https://mp.innenu.com/img/shop/jingyue-fruit-2.jpg","desc":"水果店，位于二食堂二楼"},{"tag":"title","text":"校外"},{"tag":"text","text":["雕塑门对面"]}],"images":["https://mp.innenu.com/img/shop/jingyue-fruit-1.jpg","https://mp.innenu.com/img/shop/jingyue-fruit-2.jpg"],"id":"guide/life/fruit/jingyue","scopeData":{"@type":"general","uniq_id":"guide/life/fruit/jingyue","cover":"https://mp.innenu.com/img/shop/jingyue-fruit-1.jpg","title":"净月水果店","digest":"浴池旁 二食堂一楼 (超市入口附近) 二食堂二楼基本餐楼层雕塑门对面","thumbs":["https://mp.innenu.com/img/shop/jingyue-fruit-1.jpg","https://mp.innenu.com/img/shop/jingyue-fruit-2.jpg"],"tags":["校内","校外"]}}