{"title":"快递","author":"Mr.Hope","time":"2021年11月9日","shareable":true,"content":[["text",{"type":"tip","text":["由于疫情原因，开学学校会封校至少两周。","所以 Mr.Hope 建议同学们请尽量选择在校内有快递点的快递。"]}],["title",{"text":"本部"}],["copy",{"header":"邮寄地址","text":"吉林省长春市南关区南岭街道人民大街 5268 号"}],["copy",{"header":"邮编","text":"130024"}],["list",{"header":"更多详情","content":[{"text":"本部快递详情","path":"guide/express/benbu"}]}],["title",{"text":"净月"}],["copy",{"header":"邮寄地址","text":"吉林省长春市南关区净月街道净月大街 2555 号"}],["copy",{"header":"邮编","text":"130117"}],["list",{"header":"更多详情","content":[{"text":"净月快递详情","path":"guide/express/jingyue"}]}]],"cite":[],"id":"guide/express/index"}