{"title":"入学准备","author":"Mr.Hope","time":"2022 年 6 月 27 日","grey":true,"shareable":true,"content":[{"tag":"list","items":[{"text":"欢迎辞","icon":"letter","path":"guide/prepare/welcome"},{"text":"报到时间","icon":"time","path":"guide/check/location-and-time"}]},{"tag":"list","header":"防止诈骗","items":[{"text":"常见网上诈骗","icon":"alert","path":"guide/prepare/cheat"}]},{"tag":"list","header":"报到之前","items":[{"text":"录取通知书详情","icon":"letter","path":"guide/prepare/admission-notice"},{"text":"导员姓名与联系方式","icon":"phone","path":"guide/prepare/counselor/2021"},{"text":"新生入学前课程学习","icon":"study","path":"guide/yiban/index"},{"text":"党员组织关系接转","icon":"league","path":"guide/prepare/league"},{"text":"团员组织关系接转","icon":"league","path":"guide/prepare/group"}]},{"tag":"list","header":"找到组织","items":[{"text":"专业所属学院","icon":"content","path":"intro/enroll/under/major/2021"},{"text":"学校新生群","icon":"qq-group","path":"guide/prepare/qq-group/all"},{"text":"学院迎新群","icon":"qq-group","path":"guide/prepare/qq-group/school"},{"text":"老乡群","icon":"qq-group","path":"guide/prepare/qq-group/fellow"},{"text":"家长群","icon":"qq-group","path":"guide/prepare/qq-group/parent"},{"text":"别有用心群汇总","icon":"qq-group","path":"guide/prepare/qq-group/cheat"}]},{"tag":"list","header":"师范生","items":[{"text":"师范生相关","icon":"teacher","path":"guide/normal/index"}]}],"cite":[],"id":"guide/prepare/index"}