{"title":"《就业协议书》违约办理流程","time":"2022 年 6 月 27 日","shareable":true,"id":"guide/job/flow/obey","author":"Mr.Hope","cite":[],"content":[{"tag":"text","align":"center","text":["由签约单位出具加盖单位公章(如用人单位无自主用人权，还需加盖上级主管部门公章)的解约函、违约金收据，如无违约金须在解约函中注明","👇","在“一站式网上签约服务”平台中上传解约函、违约金收据、原《就业协议书》(用人单位联)等证明材料","👇","学院(部)审核(3 月 20 日后第一个工作日开始办理)","👇","学校审批(3 月 20 日后第一个工作日开始办理)"]}]}