[{"name":"主页","website":[{"name":"学校主页","link":"https://www.nenu.edu.cn/"}]},{"name":"教学机构","website":[{"name":"教育学部","link":"https://edu.nenu.edu.cn/"},{"name":"心理学院","link":"https://psy.nenu.edu.cn/"},{"name":"政法学院","link":"https://zf.nenu.edu.cn/"},{"name":"经济与管理学院","link":"http://bs.nenu.edu.cn/"},{"name":"文学院","link":"http://chinese.nenu.edu.cn/"},{"name":"历史文化学院","link":"http://sohac.nenu.edu.cn/"},{"name":"外国语学院","link":"http://wy.nenu.edu.cn/"},{"name":"音乐学院","link":"http://music.nenu.edu.cn/"},{"name":"美术学院","link":"https://fineart.nenu.edu.cn/"},{"name":"马克思主义学部","link":"http://marxism.nenu.edu.cn/"},{"name":"数学与统计学院","link":"http://math.nenu.edu.cn/"},{"name":"信息科学与技术学院","link":"http://www.ist.nenu.edu.cn/"},{"name":"物理学院","link":"http://www.phy.nenu.edu.cn/"},{"name":"化学学院","link":"http://chem.nenu.edu.cn/"},{"name":"生命科学学院","link":"http://sky.nenu.edu.cn/"},{"name":"地理科学学院","link":"http://geo.nenu.edu.cn/"},{"name":"环境学院","link":"http://hjxy.nenu.edu.cn/"},{"name":"体育学院","link":"http://pe.nenu.edu.cn/"},{"name":"传媒科学学院（新闻学院）","link":"http://chuanmei.nenu.edu.cn/"},{"name":"国际汉学院（海外教育学院）","link":"http://scs.nenu.edu.cn/"},{"name":"东北师范大学罗格斯大学•纽瓦克学院","link":"http://newark.nenu.edu.cn/"}]},{"name":"管理机构","website":[{"name":"学校办公室（法律事务办公室）、信访工作办公室、保密工作办公室、净月校区党工委\t发展规划处","link":"http://office.nenu.edu.cn/"},{"name":"纪委办公室、监察处","link":"http://fzghc.nenu.edu.cn/"},{"name":"党委组织部（党委组织员办公室、校党校、高校党建研究所）、机关党委","link":"http://zzb.nenu.edu.cn/"},{"name":"党委宣传部（新闻中心）、党委教师工作部","link":"http://xcb.nenu.edu.cn/"},{"name":"党委统战部（台湾工作办公室）","link":"http://tzb.nenu.edu.cn/"},{"name":"党委学生工作部、学生处（学生心理发展指导中心、学生宿舍综合管理办公室）","link":"http://xsc.nenu.edu.cn/"},{"name":"党委保卫部、党委武装部、社会治安综合治理办公室、保卫处","link":"http://bwc.nenu.edu.cn/"},{"name":"教务处","link":"http://jwc.nenu.edu.cn/"},{"name":"社会科学处","link":"http://skc.nenu.edu.cn/"},{"name":"科学技术处（军工科研管理办公室）","link":"http://kyc.nenu.edu.cn/"},{"name":"研究生院（学位办公室）","link":"http://yjsy.nenu.edu.cn/"},{"name":"人事处","link":"http://rsc.nenu.edu.cn/"},{"name":"国际合作与交流处（港澳台事务办公室）","link":"http://oice.nenu.edu.cn/"},{"name":"学生就业指导服务中心","link":"http://career.nenu.edu.cn/"},{"name":"财务处","link":"http://cwc.nenu.edu.cn/"},{"name":"审计处","link":"http://sj.nenu.edu.cn/"},{"name":"离退休工作处","link":"http://ltxc.nenu.edu.cn/"},{"name":"附校工作办公室","link":"http://fxb.nenu.edu.cn/"},{"name":"资产与实验室管理处","link":"http://zcc.nenu.edu.cn/"},{"name":"基建处","link":"http://jjc.nenu.edu.cn/"},{"name":"后勤保障部","link":"http://hqc.nenu.edu.cn/"},{"name":"工会、妇委会","link":"http://fwh.nenu.edu.cn/"},{"name":"团委","link":"http://youth.nenu.edu.cn/"}]},{"name":"直附属其它机构","website":[{"name":"信息化管理与规划办公室","link":"http://xxhb.nenu.edu.cn/"},{"name":"校友工作办公室","link":"http://xyh.nenu.edu.cn/"},{"name":"学生资助管理中心","link":"http://clzc.nenu.edu.cn/"},{"name":"政府采购与招标管理中心","link":"http://zbcg.nenu.edu.cn/"},{"name":"图书馆","link":"http://www.library.nenu.edu.cn/"},{"name":"档案馆","link":"http://dag.nenu.edu.cn/"},{"name":"教师教育研究院 （教师教学发展中心）","link":"http://arte.nenu.edu.cn/"},{"name":"综合体育馆管理中心","link":"http://gym.nenu.edu.cn/"},{"name":"校医院","link":"http://hos.nenu.edu.cn/"},{"name":"自然博物馆","link":"http://museum.nenu.edu.cn/"},{"name":"东北民族民俗博物馆","link":"http://dbmzms.nenu.edu.cn/"},{"name":"学术期刊社","link":"http://xsqks.nenu.edu.cn/"},{"name":"职业与继续教育学院","link":"http://jxjy.nenu.edu.cn/"},{"name":"中国赴日本国留学生预备学校（教育部出国留学人员培训部）","link":"http://lryx.nenu.edu.cn/"},{"name":"教育部高校辅导员培训和研修基地","link":"http://sjzx.nenu.edu.cn/"},{"name":"教育部幼儿园园长培训中心（附属幼儿园）","link":"http://yzpxzx.nenu.edu.cn/"},{"name":"附属中学","link":"http://www.msannu.cn/"},{"name":"附属小学","link":"http://www.dsfuxiao.com/index.shtml"},{"name":"资产经营有限公司","link":"http://dzi.nenu.edu.cn/"},{"name":"长春东北师范大学出版社有限责任公司","link":"http://www.nenup.com/"},{"name":"深圳研究院","link":"https://shenzhen.nenu.edu.cn/"}]}]