{"title":"雕塑介绍","desc":"来源: 2022 年本科招生指南","time":"2022 年 6 月 28 日","shareable":true,"id":"intro/school/art/sculptue","cite":["https://book.eol.cn/books/cusm/mobile/index.html"],"content":[{"tag":"text","type":"warning","text":["需要特别注意，雕塑专业为 5 年制。"]},{"tag":"title","text":"专业简介"},{"tag":"p","text":["为艺术类专业，本专业旨在培养具有深厚的家国情怀，高远的理想，开放的文化视野和较为深厚的人文底蕴，熟练掌握雕塑专业的基本知识、理论和技能，具备运用多样化的媒介和材料独立完成雕塑创作，以及开展系统的基础理论和雕塑创作方法论研究的能力，并能够契合城市文化空间打造的需求，发挥东师具象雕塑和主题性雕塑创作之所长，参与大型公共艺术和主题性雕塑等项目的设计和实施，将创新精神、人文思考和跨界融合意识自觉融入艺术实践当中的高素质雕塑创作人才。雕塑专业为全日制五年。"]},{"tag":"title","text":"主干课程"},{"tag":"ul","text":["木雕综合技法","金属材料创作研究","陶艺综合实验","软材料雕塑研究","石雕综合技法","泥塑 2/3 男人体","等大女人体"]},{"tag":"title","text":"就业方向"},{"tag":"text","text":["公共艺术相关单位，基础美术教育工作。"]}]}