{"title":"如何到达自己的校区","author":"Mr.Hope","time":"2021年8月15日","shareable":true,"content":[{"tag":"list","content":[{"text":"从火车站站出发","icon":"train","path":"guide/check/arrival/train/index"},{"text":"从龙嘉机场","icon":"plane","path":"guide/check/arrival/plane/index"},{"text":"出租车","icon":"taxi","path":"guide/check/arrival/taxi"},{"text":"关于接站","icon":"pickup","path":"guide/check/arrival/pickup"}]}],"images":[],"id":"guide/check/arrival/index","scopeData":{"@type":"general","uniq_id":"guide/check/arrival/index","title":"如何到达自己的校区","digest":"","thumbs":["https://mp.innenu.com/img/inNENU.jpg"],"tags":[]}}