{"title":"打车提示","author":"Mr.Hope","time":"2021年8月15日","shareable":true,"content":[{"tag":"title","text":"关于出租车"},{"tag":"p","text":["长春站、长春西站出站口门口黑车还是有不少的，人生地不熟的来可能会被宰(全国哪个城市都一样)。大家千万不要坐黑车。"],"style":"text-indent: 1.5em; "},{"tag":"p","text":["在长春站南北出站口地下均有综合换乘中心，从火车站出站口出来以后，按照地下通道的指示牌，就可以到达出租车的换乘中心，非常便捷。这里可以前往出租车换乘通道。而且由于有监控这里的出租车是可以信赖的!","另外，上车师傅问您到哪，就是到“东北师大本部”或者“东北师大净月校区”。如果师傅分不清楚哪个校区，就说“人民大街与自由大路交汇那个东北师大”(本部)或者“博硕路上面那个”(净月)。"],"style":"text-indent: 1.5em; "},{"tag":"img","src":"https://mp.innenu.com/img/check/taxi.jpg","desc":"乘降中心指示牌"},{"tag":"title","text":"关于目的地"},{"tag":"ol","text":["本部正门也就是西门，在人民大街西侧下车需要横穿马路才能到达学校，学校正门处有斑马线但没有红绿灯，请注意安全。","本部北侧有北门(动植物公园对面那个门)和西北门(幼儿园那个门，或东师会馆那个门)。但是西北门因为疫情原因不开。","另外北侧自由大路中央有分割围栏，过马路需要走过街天桥，所以如果从北出口打车走了高架桥，请明确告知师傅到动植物公园正门西侧的天桥下即可。","净月东门在净月大街上，北门在博硕路上。","净月的路线可能曲折一点。","私家车进入师大校园是要收停车费的。"]},{"tag":"img","src":"https://mp.innenu.com/img/check/benbu.jpg","desc":"本部校区"},{"tag":"img","src":"https://mp.innenu.com/img/check/jingyue.jpg","desc":"净月校区"}],"images":["https://mp.innenu.com/img/check/taxi.jpg","https://mp.innenu.com/img/check/benbu.jpg","https://mp.innenu.com/img/check/jingyue.jpg"],"id":"guide/check/arrival/taxi","scopeData":{"@type":"general","uniq_id":"guide/check/arrival/taxi","cover":"https://mp.innenu.com/img/check/taxi.jpg","title":"打车提示","digest":"长春站、长春西站出站口门口黑车还是有不少的，人生地不熟的来可能会被宰(全国哪个城市都一样)。大家千万不要坐黑车。在长春站南北出站口地下均有综合换乘中心，从火车站出站口出来以后，按照地下通道的指示牌，就可以到达出租车的换乘中心，非常便捷。这里","thumbs":["https://mp.innenu.com/img/check/taxi.jpg","https://mp.innenu.com/img/check/benbu.jpg","https://mp.innenu.com/img/check/jingyue.jpg"],"tags":["关于出租车","关于目的地"]}}