{"title":"数应(师范)专业","desc":"来源: 数学与统计学院官网","time":"2021年8月15日","shareable":true,"content":[["title",{"text":"专业简介"}],["p",{"text":["为公费师范方向，旨在培养德智体美全面发展，具有献身基础教育事业精神的卓越数学教师和高素质专业化教育工作者，为公费师范方向。学生本科毕业后，经申请并考核合格可直接攻读教育硕士专业学位研究生。"],"style":"text-indent: 1.5em; "}],["title",{"text":"主干课程"}],["ul",{"text":["数学分析","高等代数","解析几何","普通物理学","近世代数","常微分方程","复变函数","实变函数","微分几何","概率论基础","统计学","泛函分析","数值分析","拓扑学"]}],["title",{"text":"就业方向"}],["text",{"text":["按国家师范生公费教育政策，从事基础教育工作。"]}]],"cite":[],"id":"intro/school/math/math-free"}