{"title":"官方招生现场咨询活动","author":"Mr.Hope","time":"2021年11月22日","shareable":true,"content":[{"tag":"title","text":"全国招生咨询活动"},{"tag":"img","src":"https://mp.innenu.com/img/enroll/activity-2021.jpg"},{"tag":"title","text":"吉林省内招生咨询活动"},{"tag":"img","src":"https://mp.innenu.com/img/enroll/province-2021.jpg"}],"id":"intro/enroll/under/activity","images":["https://mp.innenu.com/img/enroll/activity-2021.jpg","https://mp.innenu.com/img/enroll/province-2021.jpg"],"scopeData":{"@type":"general","uniq_id":"intro/enroll/under/activity","title":"官方招生现场咨询活动","cover":"https://mp.innenu.com/img/enroll/activity-2021.jpg","digest":"","thumbs":["https://mp.innenu.com/img/enroll/activity-2021.jpg","https://mp.innenu.com/img/enroll/province-2021.jpg"],"tags":["全国招生咨询活动","吉林省内招生咨询活动"]}}