{"title":"本科招生历史信息","grey":true,"author":"Mr.Hope","time":"2021年11月21日","shareable":true,"content":[{"tag":"list","header":"本科招生专业","content":[{"text":"2020 年本科开设专业","icon":"intro","path":"intro/enroll/under/major/2020"},{"text":"2019 年本科开设专业","icon":"intro","path":"intro/enroll/under/major/2019"}]},{"tag":"list","header":"本科招生章程","content":[{"text":"2020 年本科招生章程","icon":"intro","path":"intro/enroll/under/rule/2020"},{"text":"2019 年本科招生章程","icon":"intro","path":"intro/enroll/under/rule/2019"}]}],"id":"intro/enroll/under/history","scopeData":{"@type":"general","uniq_id":"intro/enroll/under/history","title":"本科招生历史信息","digest":"","thumbs":["https://mp.innenu.com/img/inNENU.jpg"],"tags":["本科招生历史信息"]}}