{"title":"本科招生","grey":true,"author":"Mr.Hope","time":"2021年11月22日","shareable":true,"content":[{"tag":"list","header":"2021年","content":[{"text":"2021 年本科开设专业","icon":"intro","path":"intro/enroll/under/major/2021"},{"text":"2021 年本科招生章程","icon":"intro","path":"intro/enroll/under/rule/2021"},{"text":"2021 年国家优师专项计划招生简章","icon":"intro","path":"intro/enroll/under/rule/great-2021"},{"text":"2021 年录取通知书查询","icon":"search","path":"intro/enroll/under/search"}]},{"tag":"list","header":"更多","content":[{"text":"本科历史招生信息","icon":"time","path":"intro/enroll/under/history"}]},{"tag":"list","header":"招生咨询","content":[{"text":"招生办公室联系方式","icon":"phone","path":"intro/apartment/enroll/contact"},{"text":"招生咨询群","icon":"qq-group","path":"intro/enroll/under/qqgroup"},{"text":"线下招生咨询活动","icon":"activity","path":"intro/enroll/under/activity"}]},{"tag":"copy","header":"招生办留言板","text":"http://zsb.nenu.edu.cn/lyb.jsp?urltype=tree.TreeTempUrl&wbtreeid=1123"}],"id":"intro/enroll/under/index","scopeData":{"@type":"general","uniq_id":"intro/enroll/under/index","title":"本科招生","digest":"","thumbs":["https://mp.innenu.com/img/inNENU.jpg"],"tags":[]}}