{"title":"纽瓦克学院","grey":true,"author":"Mr.Hope","time":"2021年8月15日","shareable":true,"content":[{"tag":"list","content":[{"text":"学院简介","icon":"about","path":"intro/school/newark/intro"},{"text":"专业介绍","icon":"intro","path":"intro/school/newark/enroll"}]},{"tag":"copy","header":"官网地址","text":"http://newark.nenu.edu.cn/"}],"id":"intro/school/newark/index","scopeData":{"@type":"general","uniq_id":"intro/school/newark/index","title":"纽瓦克学院","digest":"","thumbs":["https://mp.innenu.com/img/inNENU.jpg"],"tags":[]}}