{"title":"本部打印复印","author":"Mr.Hope","time":"2021年9月8日","shareable":true,"content":[{"tag":"title","text":"校内位置"},{"tag":"ul","text":["浴池一楼","北苑地下一楼","南苑东门","图书馆一楼","图书馆电子阅览室"]},{"tag":"text","heading":"好又快图文店","text":["位于浴池一楼。"]},{"tag":"img","src":"https://mp.innenu.com/img/bath/benbu-shop2.jpg","desc":"浴池好又快图文店"},{"tag":"img","src":"https://mp.innenu.com/img/life/benbu/bath-copy.jpg","desc":"好又快图文店内照片"},{"tag":"img","src":"https://mp.innenu.com/img/life/benbu/bath-price.jpg","desc":"价格表"},{"tag":"img","src":"https://mp.innenu.com/img/life/benbu/bath-activity.jpg","desc":"开学活动"},{"tag":"text","heading":"北苑复印店","text":["位于北苑地下一楼，超市南侧。"]},{"tag":"img","src":"https://mp.innenu.com/img/life/benbu/beiyuan-copy.jpg","desc":"北苑复印店"},{"tag":"text","heading":"南苑复印店","text":["位于南苑东门北侧"]},{"tag":"img","src":"https://mp.innenu.com/img/life/benbu/nanyuan-copy.jpg","desc":"南苑复印店"},{"tag":"title","text":"校外位置"},{"tag":"text","text":["东师文昌路数码图文快印","地址: 东师文昌路小南门东行30米绿园餐厅楼上中门二楼","黑白打印一律 8 分，激光彩色打印 5 角起，个人或拼单 30 元可送货","可开发票 效果好 速度快","营业时间: 7:00 —— 22:30","QQ: 2102257311 3279519252","手机/微信: 13694307499 13843189514"]}],"images":["https://mp.innenu.com/img/bath/benbu-shop2.jpg","https://mp.innenu.com/img/life/benbu/bath-copy.jpg","https://mp.innenu.com/img/life/benbu/bath-price.jpg","https://mp.innenu.com/img/life/benbu/bath-activity.jpg","https://mp.innenu.com/img/life/benbu/beiyuan-copy.jpg","https://mp.innenu.com/img/life/benbu/nanyuan-copy.jpg"],"id":"guide/life/print/benbu","scopeData":{"@type":"general","uniq_id":"guide/life/print/benbu","cover":"https://mp.innenu.com/img/bath/benbu-shop2.jpg","title":"本部打印复印","digest":"浴池一楼 北苑地下一楼 南苑东门 图书馆一楼 图书馆电子阅览室好又快图文店 位于浴池一楼。北苑复印店 位于北苑地下一楼，超市南侧。南苑复印店 位于南苑东门北侧东师文昌路数码图文快印 地址: 东师文昌路小南门东行30米绿园餐厅楼上中门二楼 黑","thumbs":["https://mp.innenu.com/img/bath/benbu-shop2.jpg","https://mp.innenu.com/img/life/benbu/bath-copy.jpg","https://mp.innenu.com/img/life/benbu/bath-price.jpg","https://mp.innenu.com/img/life/benbu/bath-activity.jpg","https://mp.innenu.com/img/life/benbu/beiyuan-copy.jpg","https://mp.innenu.com/img/life/benbu/nanyuan-copy.jpg"],"tags":["校内位置","校外位置"]}}