{"title":"本科生开学活动","author":"Mr.Hope","time":"2022 年 6 月 27 日","grey":true,"shareable":true,"content":[{"tag":"list","header":"开学活动","items":[{"text":"体检","icon":"medical-exam","path":"guide/check/medical-examination"},{"text":"英语分班考试","icon":"english","path":"guide/test/grading-exam"},{"text":"体测考试","icon":"basketball","path":"guide/test/pe-test/index"},{"text":"军训","icon":"military","path":"guide/activity/military/intro"}]}],"cite":[],"id":"guide/activity/under"}