{"title":"本科生处分","author":"Mr.Hope","time":"2022 年 6 月 27 日","shareable":true,"content":[{"tag":"title","text":"执行流程"},{"tag":"img","src":"https://mp.innenu.com/img/action/sanction.jpg"},{"tag":"title","text":"相关文件"},{"tag":"doc","name":"检讨书","url":"https://mp.innenu.com/file/action/review-book.pdf","icon":"pdf"},{"tag":"doc","name":"学生纪律处分呈报表","url":"https://mp.innenu.com/file/action/sanction.docx","icon":"doc"}],"cite":[],"id":"guide/action/under/sanction"}