{"title":"东北门","author":"Mr.Hope","time":"2020年9月1日","photo":["https://mp.innenu.com/img/scenery/benbu/gate/north.jpg"],"content":[{"tag":"title","text":"简介"},{"tag":"p","text":["这是离三舍最近的校门，正对着动植物公园门口，下车往左望分别就是三舍D(留学生公寓)、C、B、A，走两步就到了。","同时它也是疫情下学生返校、报到的常用门。","同学们如果打车回学校可以让师傅们开到这个门。"],"style":"text-indent: 1.5em; "}],"cite":[],"id":"map/benbu/gate/north-east"}