{"title":"保卫科","author":"fy, Mr.Hope","time":"2020 年 9 月 1 日","content":[{"tag":"title","text":"简介"},{"tag":"p","text":["保卫科是负责校园安全的科室。"]},{"tag":"text","type":"info","heading":"保卫处介绍","path":"intro/apt/defend"},{"tag":"text","type":"warning","text":["如发现或遭遇安全问题，请一定要拨打保卫科热线。"]},{"tag":"phone","fName":"保卫科","num":"0431-85098110","org":"东北师范大学","street":"吉林省长春市人民大街 5268 号","postCode":"130024"}],"cite":[],"id":"map/benbu/facility/defend"}