{"title":"长春西站-到本部","author":"Mr.Hope","time":"2021年8月30日","shareable":true,"content":[{"tag":"title","text":"腾讯地图导航"},{"tag":"advanced-list","header":false,"content":[{"type":"navigator","text":"长春西站南1出口导航到本部","openType":"navigate","url":"plugin://routePlan/index?key=NLVBZ-PGJRQ-T7K5F-GQ54N-GIXDH-FCBC4&referer=in东师&startPoint={\"latitude\":43.877099,\"longitude\":125.201158,\"name\":\"长春西站南1出口\"}&endPoint={\"latitude\":43.863927,\"longitude\":125.334771,\"name\":\"本部校区\"}&mode=transit&themeColor=#2ecc71"},{"type":"navigator","text":"长春西站南2出口导航到本部","openType":"navigate","url":"plugin://routePlan/index?key=NLVBZ-PGJRQ-T7K5F-GQ54N-GIXDH-FCBC4&referer=in东师&startPoint={\"latitude\":43.876565,\"longitude\":125.200213,\"name\":\"长春西站南2出口\"}&endPoint={\"latitude\":43.863927,\"longitude\":125.334771,\"name\":\"本部校区\"&mode=transit&themeColor=#2ecc71"}],"env":["wx"]},{"tag":"text","type":"warning","env":["qq"],"text":["导航功能仅在微信小程序上提供!"]},{"tag":"title","text":"新生接待处"},{"tag":"text","text":["学校在长春西站出站口设置新生接待处，提供新生咨询服务。"]},{"tag":"text","type":"tip","text":["由于新冠疫情，学校不再安排大巴进行统一接送。新生同学需要自行选择并乘坐交通工具到达学校参与报到。"]},{"tag":"text","text":["同学们主要有三种交通方式到达本部。"]},{"tag":"title","text":"地铁(推荐)"},{"tag":"text","type":"tip","text":["地铁是最快最便捷的方式，推荐大家选择地铁。"]},{"tag":"list","header":false,"content":[{"text":"查看详情","icon":"train","path":"guide/arrival/train-west-benbu/subway"}]},{"tag":"title","text":"公交(不推荐)"},{"tag":"p","text":["先乘坐 159 路到桂林路站，再转乘 25 路、160 路到动植物公园站。"],"style":"text-indent: 1.5em; "},{"tag":"title","text":"有轨电车-公交(不推荐)"},{"tag":"p","text":["乘坐 55 路有轨电车到工农大路站，到马路(一定要到马路对面，要不就惨了)对面转乘 80 路到东北师范大学站下车。"],"style":"text-indent: 1.5em; "},{"tag":"p","heading":"疫情相关","text":["由于新冠疫情，出站时要测量体温。","在长春乘坐公共交通工具、出入公共场所，都需要用到吉林省内的吉祥码。请提前进行相关注册并在地铁安检前出示吉祥码。"],"style":"text-indent: 1.5em; "},{"tag":"list","header":false,"content":[{"text":"吉祥码注册与使用","icon":"register","path":"guide/epidemic/jixiang-code/index"}]},{"tag":"title","text":"打车"},{"tag":"p","text":["约 24 元，40 分钟左右。千万不要坐门口招揽客人那种“40 一位”、“50 一位”的黑车。请到出租车乘降点去坐车。"],"style":"text-indent: 1.5em; "},{"tag":"list","header":false,"content":[{"text":"更多打车相关提示","icon":"taxi","path":"guide/arrival/taxi"}]}],"images":[],"id":"guide/arrival/train-west-benbu/index","scopeData":{"@type":"general","uniq_id":"guide/arrival/train-west-benbu/index","title":"长春西站-到本部","digest":"导航功能仅在微信小程序上提供!学校在长春西站出站口设置新生接待处，提供新生咨询服务。由于新冠疫情，学校不再安排大巴进行统一接送。新生同学需要自行选择并乘坐交通工具到达学校参与报到。同学们主要有三种交通方式到达本部。地铁是最快最便捷的方式，推","thumbs":["https://mp.innenu.com/img/inNENU.jpg"],"tags":["腾讯地图导航","新生接待处","地铁(推荐)","公交(不推荐)","有轨电车-公交(不推荐)","打车"]}}