{"title":"对外汉语专业介绍","desc":"来源: 东北师范大学文学院官网","author":"Mr.Hope","time":"2021年8月15日","shareable":true,"content":[{"tag":"title","text":"专业简介"},{"tag":"p","text":["对外汉语专业由文学院语言学及应用语言学专业下的对外汉语学科方向发展而来。现有专职教师5人，其中博士学历4人，硕士学历1人，所有教师都有十五年以上对外汉语教学经验，其中3名教师有两年或两年以上海外教学经历，目前都是硕士研究生导师。","对外汉语专业依靠学院雄厚的师资力量和其他学科的支持，主要负责学校留学生汉语国际教育本科的学历教育和中国学生对外汉语专业学术硕士研究生的培养工作。并自2015年起负责我校与蒙古国立教育大学联合培养项目的教学工作。","对外汉语专业自独立以来，经过十余年的发展，在办学理念、人才培养、教师的专业提升和师资队伍建设以及学科建设等方面都已初步取得成效，为未来各项工作的顺利推进奠定了坚实的基础。"],"style":"text-indent: 1.5em; "}],"cite":[],"id":"intro/school/chinese/foreign"}