{"title":"入学准备","author":"Mr.Hope","time":"2021年9月13日","grey":true,"shareable":true,"content":[{"tag":"list","content":[{"text":"欢迎辞","icon":"letter","path":"guide/prepare/welcome"}]},{"tag":"list","header":"防止诈骗","content":[{"text":"常见网上诈骗","icon":"alert","path":"guide/prepare/cheat"}]},{"tag":"list","header":"报到之前","content":[{"text":"报到时间","icon":"time","path":"guide/prepare/check-in-time"},{"text":"录取通知书内容详情","icon":"letter","path":"guide/prepare/admission-notice"},{"text":"导员姓名与联系方式","icon":"phone","path":"guide/prepare/counselor/2021"},{"text":"新生入学前课程学习","icon":"study","path":"guide/yiban/index"}]},{"tag":"list","header":"找到组织","content":[{"text":"专业所属学院","icon":"course","path":"intro/enroll/major/2021"},{"text":"学校新生群","icon":"qq-group","path":"guide/prepare/qq-group/all"},{"text":"学院迎新群","icon":"qq-group","path":"guide/prepare/qq-group/school"},{"text":"老乡群","icon":"qq-group","path":"guide/prepare/qq-group/fellow"},{"text":"家长群","icon":"qq-group","path":"guide/prepare/qq-group/parent"},{"text":"别有用心群汇总","icon":"qq-group","path":"guide/prepare/qq-group/cheat"}]},{"tag":"list","header":"师范生","content":[{"text":"师范生相关","icon":"intro","path":"guide/normal/index"}]}],"images":[],"id":"guide/prepare/index","scopeData":{"@type":"general","uniq_id":"guide/prepare/index","title":"入学准备","digest":"","thumbs":["https://mp.innenu.com/img/inNENU.jpg"],"tags":[]}}