{"title":"本部眼镜店","author":"Mr.Hope","time":"2021年11月22日","shareable":true,"content":[["title",{"text":"校内"}],["text",{"text":["本部校区内现有一家镜舍眼镜店，位于浴池一楼。"]}],["text",{"heading":"店铺位置","text":["位于浴池一楼正门内。","您需要走进浴池正门，即可在右面看到镜舍的店门。"]}],["img",{"src":"https://mp.innenu.com/img/life/benbu/jingshe-location.jpg","desc":"镜舍位置"}],["img",{"src":"https://mp.innenu.com/img/life/benbu/jingshe.jpg"}],["list",{"content":[{"text":"店铺详情","path":"guide/life/glasses/jingshe"}]}],["title",{"text":"校外"}],["text",{"text":["文昌路上有一家查尔斯眼镜店。"]}]],"cite":[],"id":"guide/life/glasses/benbu","images":["https://mp.innenu.com/img/life/benbu/jingshe-location.jpg","https://mp.innenu.com/img/life/benbu/jingshe.jpg"]}