{"title":"Mr.Hope の建议","author":"Mr.Hope","time":"2021年9月6日","shareable":true,"content":[["title",{"text":"来自 Mr.Hope の 建议"}],["text",{"type":"warning","heading":"妥善保存校园卡","text":["请一定看好您的校园卡，补卡费 20 元并不便宜。有人大学四年下来补卡费可能要花上三四百元。","对于一些不是细心的同学，要时刻记得携带、妥善保存的您的校园卡。"]}],["text",{"type":"warning","heading":"丢失后立即挂失","text":["为了避免校园卡丢失后被盗刷，请务必在丢失后及时挂失。","如果您因修改过消费限额，或没在意而被盗刷了较大数额，请务必联系保卫处协调处理。"]}],["text",{"type":"warning","heading":"考试前丢失请务必携带学生证","text":["如果在期末考试期间丢失了您的学生卡，请记得携带学生证参加公共课考试，否则您很有可能会被禁止参加。","同时您可能需要给您的导员进行报备。对于重要的考试可能需要学院出具证明才能参加。"]}],["text",{"type":"tip","heading":"旧卡作用","text":["如果您在补办新卡后又找回了旧卡，旧卡的大部分功能都无法继续使用。","不过您仍可以用它接取饮用水。"]}]],"cite":[],"id":"guide/card/advice"}