{"title":"国际政治专业","desc":"来源: 2022 年本科招生指南","time":"2022 年 7 月 14 日","shareable":true,"id":"intro/school/politics/international","cite":["https://book.eol.cn/books/cusm/mobile/index.html"],"content":[{"tag":"title","text":"专业简介"},{"tag":"p","text":["为普通类专业，省级―流本科专业，旨在培养具有马克思主义理论素养、扎实专业理论功底、较强实践能力和较高外语水平，能在党政机关、企事业单位、新闻媒体、科研部门和教育机构从事涉外与教学科研工作的高水平专门人才。"]},{"tag":"title","text":"主干课程"},{"tag":"ul","text":["国际政治概论","国际关系史","西方政治思想史","外交学概论","西方国际关系理论","国际法，国际政治经济学","国际组织概论","国际战略学","当代中国外交","全球问题导论","全球治理","中国政府与政治","美国政治与外交","俄罗斯政治与外交","日本政治与外交","专业英语"]},{"tag":"title","text":"学费价格"},{"tag":"text","text":["3850 元/年"]},{"tag":"title","text":"就业方向"},{"tag":"p","text":["企事业单位、政府机关、新闻媒体的涉外管理、宣传、服务、咨询、报道等岗位。"]}]}