{"title":"接站","author":"Mr.Hope","time":"2021年8月29日","shareable":true,"content":[{"tag":"title","text":"接站地点"},{"tag":"p","text":["接站地点为在长春站北出站口和长春西站。机场无接待处，建议自行购票乘坐动车到长春站(票价￥8)。","另外由于疫情原因，学校仅在两车站设置新生接待站，但不会安排大巴进行接送。"],"style":"text-indent: 1.5em; "},{"tag":"list","header":false,"content":[{"text":"机场动车","icon":"train","path":"guide/arrival/train/index"}]},{"tag":"title","text":"接站标志"},{"tag":"p","text":["校学生会会负责新生接站任务，工作人员会举着“东北师范大学”的牌子在那里等着大家。","届时会在火车站附近安排摆台，来解决大家到校的疑问。"],"style":"text-indent: 1.5em; "},{"tag":"img","src":"https://mp.innenu.com/img/check/pickup.jpg","desc":"图为接站人员"},{"tag":"title","text":"接站时间"},{"tag":"p","heading":"2021 年接站时间","text":["2021 年 9 月 3 日全天"],"style":"text-indent: 1.5em; "}],"images":["https://mp.innenu.com/img/check/pickup.jpg"],"id":"guide/arrival/pickup","scopeData":{"@type":"general","uniq_id":"guide/arrival/pickup","cover":"https://mp.innenu.com/img/check/pickup.jpg","title":"接站","digest":"接站地点为在长春站北出站口和长春西站。机场无接待处，建议自行购票乘坐动车到长春站(票价￥8)。 另外由于疫情原因，学校仅在两车站设置新生接待站，但不会安排大巴进行接送。校学生会会负责新生接站任务，工作人员会举着“东北师范大学”的牌子在那里等","thumbs":["https://mp.innenu.com/img/check/pickup.jpg"],"tags":["接站地点","接站标志","接站时间"]}}