{"title":"网球场","author":"fy","time":"2020年9月1日","photo":["http://gym.nenu.edu.cn/images/1.17_01.jpg"],"content":[{"tag":"title","text":"简介"},{"tag":"p","text":["网球场紧邻南苑食堂，每每路过，总能看到有热爱网球的小伙伴在打球或训练，有爱好网球的同学一定要多来这里锻炼哦。"],"style":"text-indent: 1.5em; "}],"id":"map/benbu/sports/tennis","scopeData":{"@type":"general","uniq_id":"map/benbu/sports/tennis","title":"网球场","digest":"网球场紧邻南苑食堂，每每路过，总能看到有热爱网球的小伙伴在打球或训练，有爱好网球的同学一定要多来这里锻炼哦。","thumbs":["https://mp.innenu.com/img/inNENU.jpg"],"tags":["简介"]}}