{"title":"全英辩论俱乐部纳新","author":"Mr.Hope","time":"2021年11月22日","shareable":true,"content":[{"tag":"title","text":"纳新"},{"tag":"text","text":["Why shall we choose NENU Debate club?"],"align":"text-align: center;","style":"font-size:18px;"},{"tag":"text","text":["在这里","不用担心自己基础不好，因为我们有最基础的手把手教学，以及专业英国外教的指导","不用担心自己不善言辞，因为我们有最轻松的讨论氛围，以及最活跃沙雕的辩友裁判","不用担心自己欠缺知识，因为我们有最丰富的辩论资源，以及众多比赛帮你充分练习","这里不仅有头脑风暴的“战场”，更有文化交流融合的视听说盛宴","这不仅是一条让你应变能力、演讲口才飙升的康庄大道，更是一处助你夺得国家级英辩赛事桂冠的绝佳平台","这是结交辩友，接触大佬的活跃圈子，是逻辑思维碰撞的圣所","所以还在犹豫什么呢? 快来加入英辩社这个大家庭吧!"]},{"tag":"img","src":"https://mp.innenu.com/img/association/en-debate-intake.png","desc":"纳新群"}],"id":"guide/association/culture/debate-in","images":["https://mp.innenu.com/img/association/en-debate-intake.png"],"scopeData":{"@type":"general","uniq_id":"guide/association/culture/debate-in","title":"全英辩论俱乐部纳新","cover":"https://mp.innenu.com/img/association/en-debate-intake.png","digest":"Why shall we choose NENU Debate club?在这里 不用担心自己基础不好，因为我们有最基础的手把手教学，以及专业英国外教的指导 不用担心自己不善言辞，因为我们有最轻松的讨论氛围，以及最活跃沙雕的辩友裁判 不用担","thumbs":["https://mp.innenu.com/img/association/en-debate-intake.png"],"tags":["纳新"]}}