{"title":"英语协会纳新","shareable":true,"content":[{"tag":"img","src":"https://mp.innenu.com/img/association/ea-poster.jpg","desc":"详情"},{"tag":"img","src":"https://mp.innenu.com/img/association/ea-qq-group.jpg","desc":"纳新群"}],"id":"guide/association/culture/ea-intake","images":["https://mp.innenu.com/img/association/ea-poster.jpg","https://mp.innenu.com/img/association/ea-qq-group.jpg"],"scopeData":{"@type":"general","uniq_id":"guide/association/culture/ea-intake","title":"英语协会纳新","cover":"https://mp.innenu.com/img/association/ea-poster.jpg","digest":"","thumbs":["https://mp.innenu.com/img/association/ea-poster.jpg","https://mp.innenu.com/img/association/ea-qq-group.jpg"],"tags":["英语协会纳新"]}}