{"title":"师说曲艺社","shareable":true,"content":[{"tag":"account","name":"师说曲艺社","logo":"https://mp.innenu.com/img/association/quyi.png","desc":"一起欢乐，一起进步","qq":1913856914,"qqid":"524B5980588BE76C3D5FA8B2683B9B40","qqcode":"https://mp.innenu.com/img/media/green-qq-qrcode.png"},{"tag":"card","cover":"https://mp.innenu.com/img/media/join.png","logo":"https://mp.innenu.com/img/association/quyi.png","name":"师说曲艺社","title":"我们在纳新","url":"page?id=/guide/association/culture/quyi-in","type":"page","src":"https://mp.innenu.com/img/media/join.png"},{"tag":"text","text":["说书唱戏劝人方，三条大路走中央。","善恶到头终有报，人间正道是沧桑。"],"align":"text-align: center;","style":"font-size:18px;"},{"tag":"carousel","url":["https://mp.innenu.com/img/association/quyi1.jpg","https://mp.innenu.com/img/association/quyi2.jpg","https://mp.innenu.com/img/association/quyi3.jpg","https://mp.innenu.com/img/association/quyi4.jpg"]},{"tag":"title","text":"简介"},{"tag":"p","text":["东北师范大学师说曲艺社成立于 2017 年，隶属于历史文化学院。师说曲艺社是一个集相声、太平歌词、戏曲等表演形式为一体的演出团体，也是东北师范大学唯一一个组织表演传统曲艺节目的社团。 。","师说曲艺社自成立以来，坚持每学期办一场大型演出，以及每学年初和学年末举办的学年开、封箱演出。社团成员也常被各学院迎新晚会、毕业晚会、各种文艺晚会邀请出演节目。观看演出观众达2000余人次。在 2018 年末，师说曲艺社获得社联 2018 年度“十佳社团”荣誉称号。在 2019 年10月，我们还将演出扩展到了净月校区，受到同学们的一致好评。我们还计划未来每学期都在净月校区举办 1-2 次相声专场演出。","师说曲艺社现有演职人员 20 余人，下设有秘书处、组宣部、演员部、演出部、会员部、相声工作坊、曲艺音乐工作坊、快板快书工作坊等部门，拥有会员300余名。我们欢迎各位喜欢传统曲艺、戏曲文化的老师、同学加入师说曲艺社这个大家庭，共同学习、共同进步。"],"style":"text-indent: 1.5em; "}],"images":[],"id":"guide/association/culture/quyi","scopeData":{"@type":"general","uniq_id":"guide/association/culture/quyi","title":"师说曲艺社","digest":"说书唱戏劝人方，三条大路走中央。 善恶到头终有报，人间正道是沧桑。东北师范大学师说曲艺社成立于 2017 年，隶属于历史文化学院。师说曲艺社是一个集相声、太平歌词、戏曲等表演形式为一体的演出团体，也是东北师范大学唯一一个组织表演传统曲艺节目","thumbs":["https://mp.innenu.com/img/inNENU.jpg"],"tags":["简介"]}}