{"title":"大学生艺术团","shareable":true,"content":[{"tag":"account","name":"大学生艺术团","logo":"https://mp.innenu.com/img/organization/daYi.png","desc":"东北师范大学大学生艺术团","wxid":"nenuyishutuan","wxcode":"https://mp.innenu.com/img/media/art-ensemble-wechat.jpg","account":"art-ensemble","mail":"nenuyishutuan@163.com"},{"tag":"p","text":["大学生艺术团下设办公室、宣传中心、主持团、民谣团、合唱团、舞蹈团、器乐团、话剧社、礼仪团九个分支，由校团委文体部负责具体指导。各部门按照“分工负责，相互配合”的工作原则以及“传、帮、带”的工作理念有条不紊地开展工作。作为全校性的艺术团体，艺术团在长期的艺术实践中形成了“吃苦耐劳，迎难而上”的工作精神。自组建以来，先后举办了“校园歌手大赛”、“主持人大赛”等一系列大型精品晚会，承办全校性文艺晚会并承担对外艺术演出交流活动工作，在省市级文艺比赛中取得了优异成绩，为丰富校园艺术生活和促进对外文化交流作出了贡献。"],"style":";display: inline-block"}],"cite":[],"id":"guide/organization/art-ensemble"}