{"title":"借书权限","author":"Mr.Hope","time":"2021年12月3日","shareable":true,"content":[{"tag":"title","text":"借书权限"},{"tag":"img","src":"https://mp.innenu.com/img/library/borrow.png"},{"tag":"title","text":"图书续借"},{"tag":"text","text":["点击图书馆主页上“我的图书馆”链接"]},{"tag":"img","src":"https://mp.innenu.com/img/library/libraryGuide4.jpg","desc":"登录页面"},{"tag":"img","src":"https://mp.innenu.com/img/library/libraryGuide5.jpg","desc":"我的图书馆页面"}],"cite":[],"id":"intro/apt/library/borrow"}