{"title":"馆藏分布","author":"Mr.Hope","time":"2022 年 6 月 27 日","shareable":true,"content":[{"tag":"title","text":"本部校区"},{"tag":"img","src":"https://mp.innenu.com/img/library/benbuGuanCang.png"},{"tag":"title","text":"净月校区"},{"tag":"img","src":"https://mp.innenu.com/img/library/jingyueGuanCang.png"},{"tag":"title","text":"图书馆馆藏分布"},{"tag":"img","src":"https://mp.innenu.com/img/library/jingyueGuanCang2.jfif"}],"cite":[],"id":"intro/apt/library/distribution"}