{"title":"图书馆","grey":true,"author":"Mr.Hope","time":"2021年12月3日","shareable":true,"content":[{"tag":"account","name":"图书馆","logo":"https://mp.innenu.com/img/media/library.png","detail":"东北师范大学图书馆","wxid":"nenu_lib","wxcode":"https://mp.innenu.com/img/media/library-wx.jpg","account":"library","site":"http://www.library.nenu.edu.cn/"},{"tag":"list","header":"图书馆","items":[{"text":"图书馆简介","icon":"intro","path":"intro/apt/library/intro"},{"text":"图书馆楼层平面图","icon":"floor","path":"intro/apt/library/floor"},{"text":"馆藏分布","icon":"bookshelf","path":"intro/apt/library/distribution"},{"text":"书目检索","icon":"search","path":"intro/apt/library/search"},{"text":"借书权限","icon":"borrow","path":"intro/apt/library/borrow"},{"text":"借阅流程","icon":"flow","path":"intro/apt/library/borrow-flow"},{"text":"还书流程","icon":"flow","path":"intro/apt/library/return"},{"text":"图书馆开门时间","icon":"time","path":"intro/apt/library/door"},{"text":"图书馆风貌","icon":"photo","path":"intro/apt/library/scene"},{"text":"其他服务","icon":"contact","path":"intro/apt/library/service"},{"text":"电子阅览室","icon":"pc","path":"intro/apt/library/digit-room"}]},{"tag":"list","header":"图书馆","items":[{"text":"常见问题","icon":"faq","path":"intro/apt/library/faq"}]}],"cite":[],"id":"intro/apt/library/index"}