{"title":"还书流程","author":"Mr.Hope","time":"2022 年 6 月 27 日","shareable":true,"content":[{"tag":"title","text":"本部"},{"tag":"p","text":["一楼进门左手可以看到自助还书机，在自助还书机上操作还书后将书交还给服务台。"]},{"tag":"title","text":"净月"},{"tag":"p","text":["在二楼的总服务台处还书。"]},{"tag":"title","text":"注意事项"},{"tag":"ol","text":["读者有责任在借阅期限内归还所借图书资料，凡逾期归还所借书刊资料的，须缴纳资料占用费，逾期两天以内(不含逾期日)，不缴纳滞纳金；逾期三天及以上，每过一天缴纳滞纳金 0.5 元，滞纳金最高金额不超过该书赔偿价格。","若读者逾期归还图书，图书馆规定读者只有缴清逾期罚款后，方可重新享有图书馆服务。所以持有过期图书会影响继续借书，并影响读者享受其他图书馆服务。","若读者损坏或丢失图书，可赔偿原书或根据不同情况赔偿。"]}],"cite":[],"id":"intro/apt/library/return"}