{"title":"党委宣传部","grey":true,"author":"Mr.Hope","time":"2021年8月15日","shareable":true,"content":[{"tag":"list","content":[{"text":"党委宣传部介绍","icon":"about","path":"intro/apartment/publicize/intro"},{"text":"规章制度","icon":"rule","path":"intro/apartment/publicize/rule"},{"text":"相关文件","icon":"file","path":"intro/apartment/publicize/file"}]}],"images":[],"id":"intro/apartment/publicize/index","scopeData":{"@type":"general","uniq_id":"intro/apartment/publicize/index","title":"党委宣传部","digest":"","thumbs":["https://mp.innenu.com/img/inNENU.jpg"],"tags":[]}}