{"title":"长春西站-到净月","author":"Mr.Hope","time":"2021年8月15日","shareable":true,"content":[{"tag":"title","text":"轨道交通换乘(推荐)"},{"tag":"text","text":["轨道交通是最便捷最快的的方式。票价 5 元。"]},{"tag":"ol","heading":"推荐路线描述","text":["从长春西站下车，直接乘坐地铁 2 号线，搭乘东方广场方向的地铁坐 9 站到解放大路站","站内换乘 1 号线乘坐开放红嘴子方向的地铁坐 4 站到卫星广场站下车","站内换乘 3 号线乘坐 8 站到博硕路下车。下车后沿轻轨行进方向直行即可在右侧看到校区正门。"]},{"tag":"ul","heading":"首末车时间","text":["地铁二号线东方广场方向首车 5:15 分、末车 21:00；","地铁一号线红嘴子方向首车 5:50、末车 21:30；","轻轨三号线长影世纪城方向首车 6:01、末车 21:33。"]},{"tag":"text","heading":"另一种路线","text":["2 号线转 4 号线转 3 号线。票价同样为 5 元，没有第一种方式快。"]},{"tag":"ol","heading":"路程描述","text":["从长春西站下车，直接乘坐地铁 2 号线，搭乘东方广场方向的地铁坐 12 站到吉林大路站","站内换乘 4 号线乘坐开放天工路方向的轻轨坐 6 站到职业学院站下车","站内换乘 3 号线乘坐 5 站到博硕路下车。下车后沿轻轨行进方向直行即可在右侧看到校区正门。"]},{"tag":"ul","heading":"首末车时间","text":["地铁二号线东方广场方向首车 5:15、末车 21:00；","轻轨三号线长影世纪城方向首车 6:01、末车 21:33；","轻轨四号线天工路方向首车 6:14、末车 21:14。"]},{"tag":"p","heading":"疫情相关","text":["由于新冠疫情，出站时要测量体温。","在长春乘坐公共交通工具、出入公共场所，都需要用到吉林省内的吉祥码。请提前进行相关注册并在地铁案件前出示吉祥码。"],"style":"text-indent: 1.5em; "},{"tag":"list","header":false,"content":[{"text":"吉祥码注册与使用","path":"guide/epidemic/jixiang-code/index"}]},{"tag":"title","text":"公交-轻轨"},{"tag":"text","text":["159路到宽平大桥站，转乘轻轨3号线到东北师范大学站。"]},{"tag":"ul","heading":"首末车时间","text":["159 路首车 05:40，末车 19:00","轻轨 3 号线运营时间为 6:00—21:00"]},{"tag":"title","text":"有轨电车-轻轨"},{"tag":"ol","heading":"路程描述","text":["乘坐 55 路有轨电车到宽平大桥站","转乘轻轨 3 号线到东北师范大学站。"]},{"tag":"ul","heading":"首末车时间 - 55 路有轨电车首车 6:00，末车 19:10 - 轻轨 3 号线运营时为 6:00—21:00"},{"tag":"title","text":"打车"},{"tag":"text","text":["约 50 元，50 分钟。"]}],"images":[],"id":"guide/check/arrival/train/jingyue2","scopeData":{"@type":"general","uniq_id":"guide/check/arrival/train/jingyue2","title":"长春西站-到净月","digest":"轨道交通是最便捷最快的的方式。票价 5 元。推荐路线描述 从长春西站下车，直接乘坐地铁 2 号线，搭乘东方广场方向的地铁坐 9 站到解放大路站 站内换乘 1 号线乘坐开放红嘴子方向的地铁坐 4 站到卫星广场站下车 站内换乘 3 号线乘坐 8","thumbs":["https://mp.innenu.com/img/inNENU.jpg"],"tags":["轨道交通换乘(推荐)","公交-轻轨","有轨电车-轻轨","打车"]}}