{"title":"信息科学与技术学院","desc":"来源: 东北师范大学信息科学与技术学院官网","shareable":true,"content":[{"tag":"account","name":"信息科学与技术学院","logo":"https://mp.innenu.com/img/media/ist.png","detail":"东北师范大学信息科学与技术学院","wxid":"dsxk2017","wxcode":"https://mp.innenu.com/img/media/ist-qrcode.jpg","account":"ist","location":{"latitude":43.82572,"longitude":125.42695},"site":"http://www.ist.nenu.edu.cn/"},{"tag":"title","text":"学院简介"},{"tag":"p","text":["信息科学与技术学院由原“计算机科学与信息技术学院”和“信息与软件工程学院\"于2017年根据学校事业发展需要整合形成。学院设有计算机科学与技术(含中外合作办学)、智能科学与技术、教育技术学、图书馆学等本科专业;计算机科学与技术、智能科学与技术、图书情报与档案管理、教育技术学等学术型硕士学位授权点以及相关的专业硕士授权点。教育技术学博士学位授予点，智能信息处理具有博士学位授予权。多个专业被评为国家级一流专业。"],"style":"text-indent: 1.5em; "},{"tag":"title","text":"师资力量"},{"tag":"p","text":["学院现有专任教师88人，其中教授23人，副教授39人，博士生导师25人，省部级以上人才7人，客座教授11人。学院建有教育部数字化学习支撑技术工程研究中心、吉林省智能信息处理重点实验室等科研平台，计算机、软件工程2个省级实验教学示范中心，大数据与深度学习、机器人和虚拟仿真实验室等特色方向实验室。在一流的师资和一流的教学科研平台支持下，学院学生多次在国际大学生程序设计ACM-ICPC大赛、机器人大赛等竞赛中荣获佳绩。"],"style":"text-indent: 1.5em; "},{"tag":"title","text":"人才培养"},{"tag":"p","text":["经过多年的探索与积累，学院形成了“夯实基础、交叉培养、实践育人、全程指导\" 的育人特色。学院专门成立了基础课程教学与研究中心，负责全院各专业基础课程的高质量开设与发展;以智能科学与技术学科为依托，实行交叉培养，提升学生的综合创新能力;通过“产教融合、赛教一体”教学改革、“行业专家面对面” 、学院自主立项学生科研创新等，实行实践育人全面培养学生的实践创新能力;实施“学业导师制\"与“项目导师制”全程指导学生的个性化成长。","在国际交流与合作方面，学院与美国、英国、丹麦、日本、芬兰等国多所大学和研究机构建立了稳定合作关系，为学生出国留学、教师合作研究提供了有利条件。由教育部批准的中美合作办学项目招生情况良好，已有近百名学生赴美国名校深造。"],"style":"text-indent: 1.5em; "},{"tag":"title","text":"联系方式"},{"tag":"ul","text":["地址: 长春市净月大街2555号","邮政编码: 130117","电话: 0431-84536338","传真: 0431-84536331"]},{"tag":"phone","fName":"信息科学与技术学院","num":"0431-84536338","org":"东北师范大学","street":"吉林省长春市净月大街 2555 号","postCode":"130117","site":"http://www.ist.nenu.edu.cn/"}],"cite":[],"id":"intro/school/ist/intro"}