{"title":"本科招生","grey":true,"time":"2022 年 6 月 29 日","shareable":true,"id":"intro/enroll/under/index","author":"Mr.Hope","cite":[],"content":[{"tag":"list","header":"2022 年","items":[{"text":"招生相关信息","icon":"about","path":"intro/enroll/under/info"},{"text":"本科开设专业","icon":"intro","path":"intro/enroll/under/major/2022"},{"text":"本科招生章程","icon":"rule","path":"intro/enroll/under/rule/index"},{"text":"录取通知书查询","icon":"search","path":"intro/enroll/under/search"}]},{"tag":"list","header":"更多","items":[{"text":"本科历史招生信息","icon":"time","path":"intro/enroll/under/history"}]},{"tag":"list","header":"招生咨询","items":[{"text":"招生办公室联系方式","icon":"phone","path":"intro/apt/enroll/contact"},{"text":"招生咨询群","icon":"qq-group","path":"intro/enroll/under/qq-group"},{"text":"线下招生咨询活动","icon":"activity","path":"intro/enroll/under/activity"}]},{"tag":"list","header":"常见问题","items":[{"text":"报考相关","icon":"apply","path":"intro/enroll/under/faq/apply"},{"text":"公费师范生相关","icon":"teacher","path":"guide/normal/index"},{"text":"录取相关","icon":"letter","path":"intro/enroll/under/faq/admission"}]},{"tag":"action","header":"招生办留言板","content":"http://zsb.nenu.edu.cn/lyb.jsp?urltype=tree.TreeTempUrl&wbtreeid=1123"}]}