{"title":"本科招生相关信息","grey":true,"author":"Mr.Hope","time":"2022年6月26日","shareable":true,"content":[{"tag":"action","header":"2022 本科招生计划","content":"http://bkzsw.nenu.edu.cn/col_000018_000171.html"},{"tag":"action","header":"本科往年分数线","content":"http://bkzsw.nenu.edu.cn/col_000018_000170.html"},{"tag":"action","header":"2022 本科招生指南","content":"https://book.eol.cn/books/cusm/mobile/index.html"},{"tag":"action","header":"2021 录取通知书查询","content":"http://bkzsw.nenu.edu.cn/col_000018_000169.html"}],"cite":[],"id":"intro/enroll/under/info"}