{"title":"官方招生咨询群","author":"Mr.Hope","time":"2021年11月22日","shareable":true,"content":[["title",{"text":"各学院招生咨询群"}],["img",{"src":"https://mp.innenu.com/img/enroll/school-2021.png"}],["title",{"text":"地区招生咨询群"}],["img",{"src":"https://mp.innenu.com/img/enroll/area-2021.png"}],["title",{"text":"中外办学招生咨询群"}],["img",{"src":"https://mp.innenu.com/img/enroll/foreign-2021.png"}],["title",{"text":"艺术招生咨询群"}],["img",{"src":"https://mp.innenu.com/img/enroll/art-2021.png"}]],"cite":[],"id":"intro/enroll/under/qqgroup","images":["https://mp.innenu.com/img/enroll/school-2021.png","https://mp.innenu.com/img/enroll/area-2021.png","https://mp.innenu.com/img/enroll/foreign-2021.png","https://mp.innenu.com/img/enroll/art-2021.png"]}