{"title":"本部浴池","author":"Mr.Hope","time":"2021年8月15日","shareable":true,"content":[{"tag":"title","text":"本部地址"},{"tag":"text","text":["学生八舍旁，幼儿园园长培训中心后侧。"]},{"tag":"img","src":"https://mp.innenu.com/img/bath/benbu-main.jpg","desc":"正门"},{"tag":"img","src":"https://mp.innenu.com/img/bath/benbu-outside.webp","desc":"外景"},{"tag":"img","src":"https://mp.innenu.com/img/bath/benbu-main.webp","desc":"大厅"},{"tag":"text","heading":"一楼","text":["拥有水果店、复印店、奶茶店、化妆品店、理发店等店铺","包含健身房与休息室等设施。","还有一个小小的男宾。😑"]},{"tag":"img","src":"https://mp.innenu.com/img/bath/benbu-shop.webp","desc":"店铺"},{"tag":"text","heading":"二楼","text":["浴池二楼为女宾区。"]},{"tag":"title","text":"洗浴区域"},{"tag":"text","text":["洗浴区在入口处提供了吹风机、梳妆镜、体重秤等设置。","每个洗浴间都有可上锁的门，周围是毛玻璃，门后有放置衣服和鞋子的箱子。"]},{"tag":"img","src":"https://mp.innenu.com/img/bath/benbu-env.webp","desc":"洗浴区"},{"tag":"img","src":"https://mp.innenu.com/img/bath/benbu-cloth-box.webp","desc":"衣物箱"},{"tag":"img","src":"https://mp.innenu.com/img/bath/benbu-dressing-table.webp","desc":"梳妆台 (有吹风机)"},{"tag":"img","src":"https://mp.innenu.com/img/bath/benbu-scale.webp","desc":"体重秤"},{"tag":"title","text":"开放时间"},{"tag":"text","text":["8:00🕗 - 22:00🕙","每月15日、30日上午检修"]},{"tag":"title","text":"校外浴池"},{"tag":"p","text":["三舍东边就是吉林省雪立方摩尔运动中心有限公司，内部洗浴条件很不错，有隔间，带学生证可以打折，价格是洗浴 ￥18/人，搓澡 ￥12/人。"],"style":"text-indent: 1.5em; "}],"images":["https://mp.innenu.com/img/bath/benbu-main.jpg","https://mp.innenu.com/img/bath/benbu-outside.webp","https://mp.innenu.com/img/bath/benbu-main.webp","https://mp.innenu.com/img/bath/benbu-shop.webp","https://mp.innenu.com/img/bath/benbu-env.webp","https://mp.innenu.com/img/bath/benbu-cloth-box.webp","https://mp.innenu.com/img/bath/benbu-dressing-table.webp","https://mp.innenu.com/img/bath/benbu-scale.webp"],"id":"guide/bath/benbu","scopeData":{"@type":"general","uniq_id":"guide/bath/benbu","cover":"https://mp.innenu.com/img/bath/benbu-main.jpg","title":"本部浴池","digest":"学生八舍旁，幼儿园园长培训中心后侧。一楼 拥有水果店、复印店、奶茶店、化妆品店、理发店等店铺 包含健身房与休息室等设施。 还有一个小小的男宾。😑二楼 浴池二楼为女宾区。洗浴区在入口处提供了吹风机、梳妆镜、体重秤等设置。 每个洗浴间都有可上","thumbs":["https://mp.innenu.com/img/bath/benbu-main.jpg","https://mp.innenu.com/img/bath/benbu-outside.webp","https://mp.innenu.com/img/bath/benbu-main.webp","https://mp.innenu.com/img/bath/benbu-shop.webp","https://mp.innenu.com/img/bath/benbu-env.webp","https://mp.innenu.com/img/bath/benbu-cloth-box.webp","https://mp.innenu.com/img/bath/benbu-dressing-table.webp","https://mp.innenu.com/img/bath/benbu-scale.webp"],"tags":["本部地址","洗浴区域","开放时间","校外浴池"]}}