{"title":"生命科学学院专业","author":"Mr.Hope","time":"2022 年 6 月 27 日","shareable":true,"content":[{"tag":"title","text":"本科招生概况"},{"tag":"ul","text":["生物科学(公费师范): ￥0/年","生物科学类: ￥3850/年"]},{"tag":"list","items":[{"text":"生命科学(公费师范)","path":"intro/school/biology/normal"},{"text":"生物科学类","path":"intro/school/biology/class"}]},{"tag":"text","heading":"专业介绍视频"},{"tag":"video","src":"http://zsb.nenu.edu.cn/__local/C/C6/0C/DADBAF8EBD79DB6B4D6C2BC4DD2_C6B015AB_DF6D291.mp4?e=.mp4"},{"tag":"title","text":"硕士研究生招生概况"},{"tag":"img","src":"https://mp.innenu.com/img/enroll/biology-master.png","desc":"2021 年招生情况"},{"tag":"phone","header":"招生负责人","fName":"丹平","lName":"刘","num":"0431-85099590","org":"东北师范大学生命科学学院","title":"硕士研究生招生负责人","street":"吉林省长春市人民大街 5268 号","postCode":"130024","mail":"liudp669@nenu.edu.cn"}],"cite":[],"id":"intro/school/biology/enroll"}