{"title":"生物科学(公费师范)","author":"Mr.Hope","time":"2022 年 6 月 27 日","desc":"来源: 2021 本科招生指南","shareable":true,"content":[{"tag":"title","text":"专业简介"},{"tag":"p","text":["为公费师范方向，旨在培养学生成为有见识、有能力、有责任感的自主学习者，培养其成为具备高尚师德修养，扎实专业基础，先进教育理念及教育教学实践和拓展能力的优秀教育工作者，为我国基础教育事业输送优秀人才。依托国家生物学基础科学研究与教学人才培养基地，实行本硕一体化培养，学生本科毕业后，经考核符合要求者可免试攻读教育硕士专业学位研究生。"],"style":"text-indent: 1.5em; "},{"tag":"title","text":"主干课程"},{"tag":"ul","text":["动物学及实验","植物学及实验","生物化学及实验","微生物学及实验","人体及动物生理学及实验","植物生理学及实验","遗传学及实验","细胞生物学及实验","生态学","分子生物学","综合野外实习","脊椎动物实习","生物学课程与教学论","课程标准解读与分析","信息技术在生物教学中的应用","应用实践","学校教育基础","教师专业发展","青少年学习与发展","现代教育技术"]},{"tag":"title","text":"就业方向"},{"tag":"text","text":["按国家师范生公费教育政策，从事基础教育工作。"]}],"cite":[],"id":"intro/school/biology/normal"}