{"title":"自由校区学生浴池","author":"Mr.Hope","time":"2020年9月1日","photo":["https://mp.innenu.com/img/bath/benbu-main.jpg","https://mp.innenu.com/img/bath/benbu-main.webp","https://mp.innenu.com/img/bath/benbu-env.webp","https://mp.innenu.com/img/bath/benbu-outside.webp"],"content":[{"tag":"p","type":"info","text":["本部学生浴池在九舍南侧，一楼是男宾、二楼是女宾。","浴池一楼同时包含奶茶店、水果店、理发店、眼镜店、烘焙店、洗衣店等店铺，同时还包含了休息室、健身器材等设施。"],"style":"text-indent: 1.5em; "},{"tag":"text","type":"info","heading":"更多详情","path":"guide/bath/index"}],"cite":[],"id":"map/benbu/facility/bath"}