{"title":"学院党委副书记通讯录","desc":"信息来源: 学生处官网","time":"2021年11月15日","shareable":true,"content":[{"tag":"title","text":"教育学部"},{"tag":"phone","lName":"韩","fName":"东","num":"0431-85099547","title":"党委副书记兼副院长","org":"东北师范大学","street":"吉林省长春市人民大街5268号","postCode":"130024","email":"handong@nenu.edu.cn"},{"tag":"title","text":"心理学院"},{"tag":"phone","lName":"郭","fName":"庆童","num":"0431-85098084","title":"党委副书记兼副院长","org":"东北师范大学","street":"吉林省长春市人民大街5268号","postCode":"130024","email":"guoqt242@nenu.edu.cn"},{"tag":"title","text":"政法学院"},{"tag":"phone","lName":"李","fName":"红权","num":"0431-84536166","title":"党委副书记兼副院长","org":"东北师范大学","street":"吉林省长春市净月大街 2555 号","postCode":"130117","email":"lihq146@nenu.edu.cn"},{"tag":"title","text":"经济与管理学院"},{"tag":"phone","lName":"赵","fName":"建立","num":"0431-84536096","title":"党委副书记兼副院长","org":"东北师范大学","street":"吉林省长春市净月大街 2555 号","postCode":"130117","email":"zhaojl290@nenu.edu.cn"},{"tag":"title","text":"文学院"},{"tag":"phone","fName":"未知","num":"0431-85099364","title":"党委副书记兼副院长","org":"东北师范大学","street":"吉林省长春市人民大街5268号","postCode":"130024"},{"tag":"title","text":"历史文化学院"},{"tag":"phone","lName":"董","fName":"俊","num":"0431-85099092","title":"党委副书记兼副院长","org":"东北师范大学","street":"吉林省长春市人民大街5268号","postCode":"130024","email":"dongj315@nenu.edu.cn"},{"tag":"title","text":"外国语学院"},{"tag":"phone","lName":"商","fName":"应美","num":"0431-85099727","title":"党委副书记兼副院长","org":"东北师范大学","street":"吉林省长春市人民大街5268号","postCode":"130024","email":"shangym238@nenu.edu.cn"},{"tag":"title","text":"音乐学院"},{"tag":"phone","lName":"董","fName":"琰","num":"0431-84536269","title":"党委副书记","org":"东北师范大学","street":"吉林省长春市净月大街 2555 号","postCode":"130117","email":"dongy211@nenu.edu.cn"},{"tag":"title","text":"美术学院"},{"tag":"phone","lName":"赵","fName":"雪","num":"0431-84536269","title":"党委副书记兼副院长","org":"东北师范大学","street":"吉林省长春市净月大街 2555 号","postCode":"130117","email":"zhaox717@nenu.edu.cn"},{"tag":"title","text":"马克思主义学部"},{"tag":"phone","lName":"潘","fName":"宛莹","num":"0431-85099512","title":"党委副书记兼副院长","org":"东北师范大学","street":"吉林省长春市人民大街5268号","postCode":"130024","email":"panwy650@nenu.edu.cn"},{"tag":"title","text":"数学与统计学院"},{"tag":"phone","lName":"任","fName":"丽涛","num":"0431-85099577","title":"党委副书记兼副院长","org":"东北师范大学","street":"吉林省长春市人民大街5268号","postCode":"130024","email":"renlt124@nenu.edu.cn"},{"tag":"title","text":"信息科学与技术学院"},{"tag":"phone","lName":"滕","fName":"继波","num":"0431-84536227","title":"党委副书记兼副院长","org":"东北师范大学","street":"吉林省长春市净月大街 2555 号","postCode":"130117","email":"tengjb030@nenu.edu.cn"},{"tag":"title","text":"物理学院"},{"tag":"phone","lName":"臧","fName":"丹","num":"0431-85099649","title":"党委副书记兼副院长","org":"东北师范大学","street":"吉林省长春市人民大街5268号","postCode":"130024","email":"zangd764@nenu.edu.cn"},{"tag":"title","text":"化学学院"},{"tag":"phone","lName":"杨","fName":"雨龙","num":"0431-85099963","title":"党委副书记兼副院长","org":"东北师范大学","street":"吉林省长春市人民大街5268号","postCode":"130024","email":"yangyl887@nenu.edu.cn"},{"tag":"title","text":"生命科学学院"},{"tag":"phone","lName":"刘","fName":"德赢","num":"0431-85099928","title":"党委副书记兼副院长","org":"东北师范大学","street":"吉林省长春市人民大街5268号","postCode":"130024","email":"liudeying@nenu.edu.cn"},{"tag":"title","text":"地理科学学院"},{"tag":"phone","lName":"陈","fName":"静","num":"0431-85099216","title":"党委副书记兼副院长","org":"东北师范大学","street":"吉林省长春市人民大街5268号","postCode":"130024","email":"chenjing@nenu.edu.cn"},{"tag":"title","text":"环境学院"},{"tag":"phone","lName":"赵","fName":"轩","num":"0431-89165618","title":"党委副书记兼副院长","org":"东北师范大学","street":"吉林省长春市人民大街5268号","postCode":"130024","email":"zhaox703@nenu.edu.cn"},{"tag":"title","text":"体育学院"},{"tag":"phone","lName":"常","fName":"益","num":"0431-85099616","title":"党委副书记兼副院长","org":"东北师范大学","street":"吉林省长春市人民大街5268号","postCode":"130024","email":"changy123@nenu.edu.cn"},{"tag":"title","text":"传媒科学学院"},{"tag":"phone","lName":"张","fName":"奎山","num":"0431-84536478","title":"党委副书记兼副院长","org":"东北师范大学","street":"吉林省长春市人民大街5268号","postCode":"130024","email":"zhangks007@nenu.edu.cn"},{"tag":"title","text":"民族教育学院"},{"tag":"phone","lName":"马","fName":"荣华","num":"0431-84536306","title":"党委副书记兼副院长","org":"东北师范大学","street":"吉林省长春市净月大街 2555 号","postCode":"130117","email":"mronghua@nenu.edu.cn"},{"tag":"title","text":"罗格斯大学纽瓦克学院"},{"tag":"phone","lName":"赵","fName":"玉宝","num":"0431-84536017","title":"党委副书记兼副院长","org":"东北师范大学","street":"吉林省长春市净月大街 2555 号","postCode":"130117","email":"zhaoyb571@nenu.edu.cn"},{"tag":"title","text":"国际汉学院"},{"tag":"phone","lName":"刘","fName":"国军","num":"0431-85099525","title":"党委副书记兼副院长","org":"东北师范大学","street":"吉林省长春市人民大街5268号","postCode":"130024","email":"85099525@nenu.edu.cn"}],"images":[],"id":"intro/apartment/student/league-shuji","scopeData":{"@type":"general","uniq_id":"intro/apartment/student/league-shuji","title":"学院党委副书记通讯录","digest":"","thumbs":["https://mp.innenu.com/img/inNENU.jpg"],"tags":["教育学部","心理学院","政法学院","经济与管理学院","文学院","历史文化学院","外国语学院","音乐学院","美术学院","马克思主义学部"]}}