{"title":"新闻传播学类","desc":"来源: 传媒科学学院官网","time":"2022 年 6 月 27 日","shareable":true,"content":[{"tag":"title","text":"专业简介"},{"tag":"p","text":["为普通类专业，旨在培养具备深厚文化知识底蕴，具备全面的新闻学理论和专业技能，从事报刊，广播电视及新媒体的新闻采编、制作、传播、媒介市场调查与分析以及党政机关、企事业单位的宣传策划等工作的高水平复合型新闻人才:培养具有扎实广告专业知识及创意策划执行能力，适应全媒体语境与组织品牌化发展需要，从事广告创意与策划、品牌规划与管理、组织形象塑造与传播、电子商务运营推广等工作的高级复合型广告人才。为普通类专业，入学一年半后分新闻学、广告学专业。","新闻传播学类有新闻学和广告学两个专业方向"],"style":"text-indent: 1.5em; "},{"tag":"title","text":"学费价格"},{"tag":"p","text":["新闻传播学类学费为 ￥6600/年"],"style":"text-indent: 1.5em; "},{"tag":"title","text":"主干课程"},{"tag":"ul","text":["新闻理论","文学基础","艺术基础","传播学基础","新媒体概论","中外新闻史","新闻摄像","新闻采访与写作","新闻评论","广播电视新闻学","网络新闻学","新闻心理学","媒介市场调查与分析","广告学","广告策划与创意","广告媒体策略","品牌设计与传播","市场调查与分析","营销学","影视广告制作"]},{"tag":"list","header":false,"items":[{"text":"新闻学","path":"intro/school/media/news"},{"text":"广告学","path":"intro/school/media/ad"}]}],"cite":[],"id":"intro/school/media/class"}