{"title":"中小学教师资格考试","author":"Mr.Hope","time":"2021年11月21日","grey":true,"shareable":true,"content":[{"tag":"text","type":"tip","heading":"2021年下半年时间安排","text":["2021年下半年中小学教师资格考试(笔试)报名工作将于9月2日开始，考试时间为 2021年10月30日星期六。"]},{"tag":"list","header":"介绍","content":[{"text":"介绍","icon":"intro","path":"guide/exam/ntce/intro"},{"text":"考试科目","icon":"bookshelf","path":"guide/exam/ntce/subject"},{"text":"考试大纲","icon":"rule","path":"guide/exam/ntce/outline"}]},{"tag":"list","header":"考试","content":[{"text":"笔试报名","icon":"enroll","path":"guide/exam/ntce/enroll"},{"text":"笔试详情","icon":"test","path":"guide/exam/ntce/writing"},{"text":"面试详情","icon":"association","path":"guide/exam/ntce/facing"}]},{"tag":"list","header":"申请","content":[{"text":"资格证申请","icon":"apply","path":"guide/exam/ntce/apply"}]},{"tag":"list","content":[{"text":"常见问题","icon":"faq","path":"guide/exam/ntce/faq"}]}],"images":[],"id":"guide/exam/ntce/index","scopeData":{"@type":"general","uniq_id":"guide/exam/ntce/index","title":"中小学教师资格考试","digest":"2021年下半年时间安排 2021年下半年中小学教师资格考试(笔试)报名工作将于9月2日开始，考试时间为 2021年10月30日星期六。","thumbs":["https://mp.innenu.com/img/inNENU.jpg"],"tags":[]}}