{"title":"通信行程卡","author":"Mr.Hope","time":"2021年11月20日","grey":true,"shareable":true,"content":[{"tag":"card","title":"通信行程卡","options":{"appId":"wx8f446acf8c4a85f5","path":"pages/index"}},{"tag":"list","content":[{"text":"通信行程卡介绍","icon":"intro","path":"guide/epidemic/history-visit/intro"},{"text":"通信行程卡常见问题","icon":"faq","path":"guide/epidemic/history-visit/faq"}]}],"images":[],"id":"guide/epidemic/history-visit/index","scopeData":{"@type":"general","uniq_id":"guide/epidemic/history-visit/index","title":"通信行程卡","digest":"","thumbs":["https://mp.innenu.com/img/inNENU.jpg"],"tags":[]}}