{"title":"体育学院","author":"Mr.Hope","time":"2020年9月1日","photo":["https://mp.innenu.com/img/school/PE.jpg","https://mp.innenu.com/img/school/PE1.jpg","https://mp.innenu.com/img/school/PE2.jpg","https://mp.innenu.com/img/school/PE3.jpg"],"content":[{"tag":"list","content":[{"text":"学院简介","icon":"about","path":"intro/school/pe/intro"},{"text":"专业介绍","icon":"intro","path":"intro/school/pe/enroll"},{"text":"学科建设","icon":"degree","path":"intro/school/pe/subject"}]},{"tag":"copy","header":"官网地址","text":"https://pe.nenu.edu.cn/"}],"images":[],"id":"map/benbu/school/PE","scopeData":{"@type":"general","uniq_id":"map/benbu/school/PE","title":"体育学院","digest":"","thumbs":["https://mp.innenu.com/img/inNENU.jpg"],"tags":[]}}