{"title":"心理学院","author":"Mr.Hope","time":"2020年9月1日","photo":["https://mp.innenu.com/img/school/psychology.jpg"],"content":[{"tag":"account","name":"心理学院","logo":"https://mp.innenu.com/img/media/psychology.png","detail":"东北师范大学心理学院","wxid":"gh_b8263d1e2906","wxcode":"https://mp.innenu.com/img/media/psychology-qrcode.jpg","account":"psychology","location":{"latitude":43.863147,"longitude":125.328065},"mail":"psy@nenu.edu.cn","site":"https://psy.nenu.edu.cn/"},{"tag":"list","content":[{"text":"学院简介","icon":"about","path":"intro/school/psychology/intro"},{"text":"专业介绍","icon":"intro","path":"intro/school/psychology/enroll"}]}],"id":"map/benbu/school/psychology","scopeData":{"@type":"general","uniq_id":"map/benbu/school/psychology","title":"心理学院","digest":"","thumbs":["https://mp.innenu.com/img/inNENU.jpg"],"tags":["心理学院"]}}