{"title":"东北师范大学校史馆","author":"fy","time":"2021年7月9日","content":[{"tag":"title","text":"简介"},{"tag":"p","text":["校史馆建成于 2005 年，东北师范大学校史馆展厅设计特色鲜明，布展思路清晰明确，展出内容丰富翔实。校史馆的建成，为完善档案馆功能建设起到了积极的推进作用。"],"style":"text-indent: 1.5em; "}],"images":[],"id":"map/benbu/building/history","scopeData":{"@type":"general","uniq_id":"map/benbu/building/history","title":"东北师范大学校史馆","digest":"校史馆建成于 2005 年，东北师范大学校史馆展厅设计特色鲜明，布展思路清晰明确，展出内容丰富翔实。校史馆的建成，为完善档案馆功能建设起到了积极的推进作用。","thumbs":["https://mp.innenu.com/img/inNENU.jpg"],"tags":["简介"]}}