{"title":"东北师范大学逸夫教学楼","author":"Mr.Hope","time":"2020年9月1日","photo":["https://mp.innenu.com/img/scenery/benbu/building/yifu.jpg","https://mp.innenu.com/img/scenery/benbu/building/yifu1.jpg","https://mp.innenu.com/img/scenery/benbu/building/yifu2.jpg","https://mp.innenu.com/img/scenery/benbu/building/yifu3.jpg","https://mp.innenu.com/img/scenery/benbu/building/yifu4.jpg"],"content":[{"tag":"title","text":"简介"},{"tag":"p","text":["逸夫教学楼靠近图书馆，是学校的两大公共教学楼之一，许多公共课、选修课就在此教学楼开展","逸夫教学楼安装了空调，并在走廊、二楼大厅拜访桌椅供同学们自习。"],"style":"text-indent: 1.5em; "}],"images":[],"id":"map/benbu/building/yifu","scopeData":{"@type":"general","uniq_id":"map/benbu/building/yifu","title":"东北师范大学逸夫教学楼","digest":"逸夫教学楼靠近图书馆，是学校的两大公共教学楼之一，许多公共课、选修课就在此教学楼开展 逸夫教学楼安装了空调，并在走廊、二楼大厅拜访桌椅供同学们自习。","thumbs":["https://mp.innenu.com/img/inNENU.jpg"],"tags":["简介"]}}