{"title":"转专业","author":"Mr.Hope","time":"2021年11月22日","shareable":true,"content":[{"tag":"title","text":"本科生转专业"},{"tag":"list","header":false,"items":[{"text":"相关公告","desc":"2021年","icon":"notice","path":"guide/change-major/notice"},{"text":"全日制本科生转专业实施办法","desc":"官方文件","icon":"contract","path":"guide/change-major/rule"},{"text":"本科生转专业实施办法解读","icon":"intro","path":"guide/change-major/explain"},{"text":"本科生转专业执行流程","icon":"flow","path":"guide/change-major/flow"},{"text":"本科生转专业准入细则","icon":"alert","path":"guide/change-major/requirement"},{"text":"公示名单","icon":"plan","path":"guide/change-major/list"},{"text":"常见问题","icon":"faq","path":"guide/change-major/faq"},{"text":"Mr.Hope の个人建议","icon":"idea","path":"guide/change-major/advice"}]},{"tag":"title","text":"研究生转专业"},{"tag":"text","text":["研究生原则上不得转专业，只有当身体出现问题、家庭无法完成学业、导师调整无法继续指导学业或其他重大原因，可经公示后调整专业或学校。"]}],"cite":[],"id":"guide/change-major/index"}