{"title":"优师专项师范生常见问题","author":"Mr.Hope","time":"2022 年 6 月 29 日","shareable":true,"content":[{"tag":"text","type":"info","heading":"报考条件","text":["考生须热爱教育事业，具有立志长期从教、献身基层教育事业的坚定理想信念，具有遵纪守法、诚实守信的优良品质。","考生须具备从事基础教育行业的基本素质，愿意投身脱贫县和中西部陆地边境县(以下统称定向县)基础教育领域，能够接受签订《国家优师专项师范生定向培养协议书》及其规定的权利和义务。定向县范围以生源所在地省级教育行政部门和省级乡村振兴工作部门确定为准。"]},{"tag":"text","type":"info","heading":"哪些人群推荐报考?","text":["成绩与排名相对于常规公费师范专业或非公费专业有差距但差距不大，而且有强烈从教欲望，可以接受前往定向县履约教学 6 年的考生。"]},{"tag":"text","type":"info","heading":"免除哪些费用? 有哪些资助政策?","text":["优师专项师范生在修读年限内免缴学费、住宿费，并按月领取生活补助。生活补助资金按照每生每月 600 元的标准按月发放。"]},{"tag":"text","type":"info","heading":"可否转专业?","text":["不可以，由于优师专项属于更加严格的定向就业，只能按照协议回到定向县履约 6 年从事指定学科的任教。"]},{"tag":"text","type":"info","heading":"可否转入成为优师专项师范生?","text":["可以","有志从教并符合条件的非公费师范专业、非师范专业优秀学生，在入学 2 年内，可在省教育厅和学校核定的优师专项师范生招生计划内转入师范专业，签订协议并由所在学校按相关标准返还学费、住宿费，补发生活费补助。","国家给的优师专项师范生的名额是固定的，当已经被录取为优师专项师范生相关专业没有录满或已录取的同学放弃报到，产生空缺名额时，可以转入。但是，优师专项师范生由于定向就业，名额会有定向县和学科的双重要求。"]},{"tag":"text","type":"info","heading":"可否不回定向县就业?","text":["不可以，任何不回定向县就业的情况均属违约。"]},{"tag":"text","type":"info","heading":"常见的终止协议情况?","text":["在校学习期间，经甲方指定的三级甲等医院认定，因身体原因不能完成学业或不适合从教。","在协议规定服务期内，经丙方指定的三级甲等医院按照教师资格认定体检标准检查认定，或经劳动能力鉴定，因身体原因不适合从教。","其他因乙方导致过错无法获得学籍的情况，包括因违法被开除、主动退学、无法取得本科学历学位证书、需要退学等。"]},{"tag":"text","type":"info","heading":"违约如何处理?","text":["违约记录将归入个人人事档案，纳入社会信用体系。","毕业后未按照丙方组织专项招聘确定的岗位到生源所在省份定向县中小学就业，或未服从丙方安排到生源所在省份定向县中小学就业的，应在违约处理决定公布后 1 个月内，一次性向生源地省教育厅退还所享受的公费教育费用，并缴纳该费用 50% 的违约金；超过时限须按每天 1‰ 的比例支付滞纳金。","毕业后从事中小学幼儿园教育工作未满 6 年且未经生源地省教育厅同意的，在离开教育岗位之日，按不足服务年限数(包括离开当年)乘以六分之一作为退费比例计算，一次性向丙方退还相应比例的公费教育费用并缴纳该费用 50% 的违约金；超过时限须按每天 1‰ 的比例支付滞纳金。"]},{"tag":"text","type":"info","heading":"可否报考硕士研究生?","text":["在履约完成前，不可以报考任何全日制或非全日制硕士研究生。"]}],"cite":[],"id":"guide/normal/great-faq"}