{"title":"师范生介绍","author":"Mr.Hope","time":"2022 年 6 月 27 日","grey":true,"shareable":true,"content":[{"tag":"list","items":[{"text":"师范生协议填写说明","icon":"intro","path":"guide/normal/fill"}]},{"tag":"list","items":[{"text":"公费师范生介绍","icon":"teacher","path":"guide/normal/free-intro"},{"text":"优师专项师范生介绍","icon":"teacher","path":"guide/normal/great-intro"}]},{"tag":"list","header":"相关政策","items":[{"text":"教育部直属师范大学师范生公费教育实施办法","icon":"rule","path":"guide/normal/normal"},{"text":"公费师范生协议","icon":"contract","path":"guide/normal/free-contract"},{"text":"优师专项师范生协议","icon":"contract","path":"guide/normal/great-contract"}]},{"tag":"list","header":"常见问题","items":[{"text":"公费师范生常见问题","icon":"faq","path":"guide/normal/free-faq"}]}],"cite":[],"id":"guide/normal/index"}