{"title":"档案派遣","time":"2022 年 6 月 27 日","shareable":true,"id":"guide/archive/dispatch","author":"Mr.Hope","cite":[],"content":[{"tag":"ol","type":"info","heading":"毕业生档案派遣流程","text":["5-6 月份 毕业生登陆档案馆东师档案集成服务平台 → 应届生档案转递或校服务大厅 → 应届生调档流程，填写档案寄送信息，并关注东北师大企业微信号。","6 月下旬  辅导员及档案馆审核邮寄信息和发档状态。","7 月初 各学院移交毕业生材料并合档。如有材料不全者，档案无法密封邮寄。","7 月上旬 交付邮局 EMS 统一寄出档案，申请缓档的毕业生档案则保留在学校。","7 月下旬 毕业生通过东北师大企业微信号接收到物流快递号，并自行与收档单位确认档案接收情况。"]},{"tag":"text","type":"info","heading":"档案自带派遣流程","text":["毕业生登陆档案馆东师档案集成服务平台 → 应届生档案转递或校服务大厅 → 应届生调档流程，填写档案寄送信息，并在收档单位里括号备注“允许自带”。辅导员选择发档状态“就业单位允许自带”。待合档完毕后，毕业生持调档函(有同意档案自带字样)至档案馆 108 室进行调档。"]},{"tag":"text","type":"info","heading":"档案接收单位和就业单位是否相同","text":["不一定。","目前已就业毕业生的档案接收单位有三种:","一是就业单位有档案保管权限并同意接收档案。档案接收单位和就业单位一致。","二是就业单位无保管权限或不接受毕业生档案，但有指定的档案托管单位，一般为单位所在地人才市场，档案接收单位及地址均填写托管人才市场。","三是就业单位不接受档案也未指定托管单位，即俗称单位不管档案的，毕业生需申请档案调回原籍，由毕业生原籍地人才市场保管档案。接收档案单位与地址需学生","前自行确认并填写。","具体属于哪一种情况，毕业生需咨询就业单位人力资源部门或人事处，不要混淆就业单位信息和档案接收信息。"]}]}