{"title":"研究生档案转入","author":"Mr.Hope","time":"2022年5月27日","shareable":true,"content":[{"tag":"title","text":"调档说明"},{"tag":"p","text":["应广大新生要求，今年我校试行电子版调档函，请下载并使用A4纸彩打并填写。","考生凭调档函自行调转档案，寄送地址请务必写明对应学院 (部) 及接收人信息以避免档案丢失，研究生院不负责档案接收。","档案袋须密封完好且骑缝处加盖档案保管单位公章，并注明：考生姓名、录取院部及专业，以便审查和分类归档。"],"style":"text-indent: 1.5em; "},{"tag":"doc","name":"硕士调档函","url":"https://mp.innenu.com/file/archive/doctor-archive-transfer-letter.pdf","icon":"pdf"},{"tag":"doc","name":"博士调档函","url":"https://mp.innenu.com/file/archive/doctor-archive-transfer-letter.pdf","icon":"pdf"},{"tag":"text","type":"info","heading":"接收地址","text":["本部校区: 吉林省长春市人民大街5268号东北师范大学******学院 (部) *** (收) ，邮编：130024。","净月校区: 吉林省长春市净月大街2555号东北师范大学******学院 (部) *** (收) ，邮编：130117。"]},{"tag":"img","src":"https://mp.innenu.com/img/archive/post-2022-in.png"}],"cite":[],"id":"guide/archive/post-in"}