{"title":"Chrome 安装 IETab","author":"Mr.Hope","time":"2021年12月1日","shareable":true,"content":[{"tag":"text","type":"info","text":["Chrome 浏览器是谷歌出品的一款浏览器。"]},{"tag":"copy","header":"下载地址","text":"https://www.google.cn/chrome/index.html"},{"tag":"title","text":"安装方式"},{"tag":"text","type":"info","heading":"由于访问 Chrome 扩展商店需要科学上网，Mr.Hope 已为您打包了扩展。"},{"tag":"copy","header":"下载地址","text":"https://mp.innenu.com/file/system/IE-Tab-14.11.12.1.crx"},{"tag":"text","text":["请下载好文件，并通过下图所述方式打开 Chrome 的扩展程序面板。"]},{"tag":"img","src":"https://mp.innenu.com/img/tip/chrome-extension.jpg"},{"tag":"text","text":["之后请将扩展程序拖入，并允许安装。"]},{"tag":"img","src":"https://mp.innenu.com/img/tip/chrome-extension-install.jpg"},{"tag":"img","src":"https://mp.innenu.com/img/tip/ietab-chrome-install.jpg"}],"id":"guide/tip/ie/chrome","images":["https://mp.innenu.com/img/tip/chrome-extension.jpg","https://mp.innenu.com/img/tip/chrome-extension-install.jpg","https://mp.innenu.com/img/tip/ietab-chrome-install.jpg"],"scopeData":{"@type":"general","uniq_id":"guide/tip/ie/chrome","title":"Chrome 安装 IETab","cover":"https://mp.innenu.com/img/tip/chrome-extension.jpg","digest":"Chrome 浏览器是谷歌出品的一款浏览器。由于访问 Chrome 扩展商店需要科学上网，Mr.Hope 已为您打包了扩展。 请下载好文件，并通过下图所述方式打开 Chrome 的扩展程序面板。之后请将扩展程序拖入，并允许安装。","thumbs":["https://mp.innenu.com/img/tip/chrome-extension.jpg","https://mp.innenu.com/img/tip/chrome-extension-install.jpg","https://mp.innenu.com/img/tip/ietab-chrome-install.jpg"],"tags":["安装方式"]}}