{"title":"长春站-到本部-公交","author":"Mr.Hope","time":"2021年9月6日","shareable":true,"content":[{"tag":"text","type":"danger","text":["乘坐公交比较麻烦，而且很大概率没有座，路途花费的时间也更长。","Mr.Hope 不认为任何人会差这 2 元钱! 不要坐公交!"]},{"tag":"title","text":"路程流程"},{"tag":"ol","text":["请从南出站口出站","沿地下广场继续向南走走到人民大街北端","在右手边找到车站。","乘 160 路到东北师范大学站。"]},{"tag":"text","type":"danger","text":["下车的站名为站名东北师范大学，千万不要在动植物公园站或者体育场站下车，那个是本部校区!!!"]},{"tag":"text","type":"info","heading":"疫情相关","text":["出站时要测量体温。","在长春乘坐公共交通工具、出入公共场所，都需要用到吉林省内的吉祥码。","请提前进行相关注册并在地铁安检前自助扫描吉祥码。"]},{"tag":"list","header":false,"content":[{"text":"吉祥码注册与使用","icon":"register","path":"guide/epidemic/jixiang-code/index"}]},{"tag":"title","text":"价格与时间"},{"tag":"text","text":["票价 2 元，车程约 1 小时。"]},{"tag":"text","type":"info","heading":"南北通道位置","text":["如果您本想从南出站口出站但不不小心从北出站口出站时，您可以通过南北通道回到长春站南侧。","此时您面朝北，请不要判断错方向。从出站口出站后，请寻找向南通向地面广场的出口。进入地面广场后向西北方向行进即可看到南北通道的北口。通过南北通道大约需要 10 分钟左右。从南口出站以后，所在的位置是长春站的西南角。"]}],"images":[],"id":"guide/arrival/train-jingyue/bus","scopeData":{"@type":"general","uniq_id":"guide/arrival/train-jingyue/bus","title":"长春站-到本部-公交","digest":"乘坐公交比较麻烦，而且很大概率没有座，路途花费的时间也更长。 Mr.Hope 不认为任何人会差这 2 元钱! 不要坐公交!请从南出站口出站 沿地下广场继续向南走走到人民大街北端 在右手边找到车站。 乘 160 路到东北师范大学站。下车的站名","thumbs":["https://mp.innenu.com/img/inNENU.jpg"],"tags":["路程流程","价格与时间"]}}