{"title":"长春站-到本部-打车","author":"Mr.Hope","time":"2021年8月29日","shareable":true,"content":[{"tag":"text","text":["如果您到达火车站已经是晚上，轨道交通已经停运，那么您也许需要打车。","由于轨道交通可以直达，我们推荐您使用轨道交通。当行李超长超重无法通过地铁安检时再考虑打车。"]},{"tag":"list","header":false,"content":[{"text":"轨道交通","icon":"train","path":"guide/arrival/train-jingyue/subway"}]},{"tag":"text","type":"tip","text":["一般情况下，半夜是无法办理报到的，所以您可能要找一个酒店住一晚。酒店请您自行导航，这里不做额外介绍。"]},{"tag":"title","text":"流程"},{"tag":"ol","text":["前往出租车乘降中心","排队候车并上车","告知师傅到东北师范大学净月校区，在净月大街上的正门下车"]},{"tag":"text","type":"tip","text":["不可能有司机不知道东北师范大学净月校区。如果司机的确看起来不知道，建议您赶紧检查是不是黑车。"]},{"tag":"title","text":"价格与时间"},{"tag":"p","text":["从火车站约 40 - 60 元","早晚高峰期在路上可能会堵车，不堵就很快，平均用时应该在 45 分钟左右。"],"style":"text-indent: 1.5em; "},{"tag":"title","text":"出租车乘降中心位置"},{"tag":"text","heading":"北出站口 B1","text":["从北出站口 B1 出来后，请右转直行.","在直行过程中，请留意头上和左手边指示，乘降中心通道在左手边。"]},{"tag":"text","heading":"北出站口 B2","text":["从北出站口 B2 出来之后请左转，约十步即可在右侧看到出租车乘降中心的牌子。"]},{"tag":"text","heading":"南出站口","text":["从南出站口出来时，请一直向南，按照路边的指示牌的方向行进，找到乘降中心应该不难。"]},{"tag":"text","type":"tip","text":["在出租车乘降中心请排队等待上车。","请不要被乘降中心附近拉客拼车的人吸引! 队伍在非恶劣天气下会前进的很快，恶劣天气最多等待半个小时(因为这个时候打车来火车站的人也很多)，切勿不要听信在附近拉客的人的说辞。"]},{"tag":"img","src":"https://mp.innenu.com/img/check/taxi.jpg","desc":"乘降中心指示牌"},{"tag":"list","header":false,"content":[{"text":"更多打车相关提示","icon":"taxi","path":"guide/arrival/taxi"}]}],"images":["https://mp.innenu.com/img/check/taxi.jpg"],"id":"guide/arrival/train-jingyue/taxi","scopeData":{"@type":"general","uniq_id":"guide/arrival/train-jingyue/taxi","cover":"https://mp.innenu.com/img/check/taxi.jpg","title":"长春站-到本部-打车","digest":"如果您到达火车站已经是晚上，轨道交通已经停运，那么您也许需要打车。 由于轨道交通可以直达，我们推荐您使用轨道交通。当行李超长超重无法通过地铁安检时再考虑打车。一般情况下，半夜是无法办理报到的，所以您可能要找一个酒店住一晚。酒店请您自行导航，","thumbs":["https://mp.innenu.com/img/check/taxi.jpg"],"tags":["流程","价格与时间","出租车乘降中心位置"]}}