{"title":"师训大楼","author":"fy","time":"2020年9月1日","content":[{"tag":"title","text":"简介"},{"tag":"p","text":["师训大楼位于北苑餐厅门前、与学生二舍相邻。","师训大楼也是国际汉学院的所在地，留学生们在这里上课","一楼有咖啡厅、复印室。"],"style":"text-indent: 1.5em; "}],"images":[],"id":"map/benbu/building/shixun","scopeData":{"@type":"general","uniq_id":"map/benbu/building/shixun","title":"师训大楼","digest":"师训大楼位于北苑餐厅门前、与学生二舍相邻。 师训大楼也是国际汉学院的所在地，留学生们在这里上课 一楼有咖啡厅、复印室。","thumbs":["https://mp.innenu.com/img/inNENU.jpg"],"tags":["简介"]}}