{"title":"保卫科","author":"Mr.Hope","time":"2022 年 6 月 27 日","shareable":true,"content":[{"tag":"title","text":"简介"},{"tag":"p","text":["保卫科是负责校园安全的科室。为保障学生安全，保卫科会派巡逻车在校园内巡视，如发现或遭遇安全问题，请一定要拨打保卫科电话"],"style":"text-indent: 1.5em; "},{"tag":"title","text":"本部"},{"tag":"phone","fName":"保卫科","num":"0431-85098110","org":"东北师范大学","street":"吉林省长春市人民大街 5268 号","postCode":"130024","site":"https://bwc.nenu.edu.cn/"},{"tag":"title","text":"净月"},{"tag":"phone","fName":"保卫科","num":"0431-85096110","org":"东北师范大学","street":"吉林省长春市净月大街 2555 号","postCode":"130024","site":"https://bwc.nenu.edu.cn/"},{"tag":"title","text":"机构设置"},{"tag":"img","src":"https://mp.innenu.com/img/apartment/defendDetail.jpg"},{"tag":"title","text":"车辆门禁"},{"tag":"img","src":"https://mp.innenu.com/img/apartment/door.png"},{"tag":"ul","heading":"费用","text":["月: 50 元","季: 150 元","年: 600 元"]}],"cite":[],"id":"intro/apt/defend"}