{"title":"安仁国风社","shareable":true,"content":[{"tag":"title","text":"简介"},{"tag":"p","text":["文学院安仁国风社是集国学、唱歌、配音、舞蹈、绘画等为一体的综合性文娱社团，在这里你可以找到志同道合的小伙伴，享受丰富多彩的大学生活，欢迎加入我们!"],"style":"text-indent: 1.5em; "}],"images":[],"id":"guide/association/culture/anren","scopeData":{"@type":"general","uniq_id":"guide/association/culture/anren","title":"安仁国风社","digest":"文学院安仁国风社是集国学、唱歌、配音、舞蹈、绘画等为一体的综合性文娱社团，在这里你可以找到志同道合的小伙伴，享受丰富多彩的大学生活，欢迎加入我们!","thumbs":["https://mp.innenu.com/img/inNENU.jpg"],"tags":["简介"]}}