{"title":"《就业协议书》违约办理流程","author":"Mr.Hope","time":"2021年8月15日","shareable":true,"content":[{"tag":"text","align":"text-align: center;","text":["由签约单位出具加盖单位公章(如用人单位无自主用人权，还需加盖上级主管部门公章)的解约函、违约金收据，如无违约金须在解约函中注明","👇","在“一站式网上签约服务”平台中上传解约函、违约金收据、原《就业协议书》(用人单位联)等证明材料","👇","学院(部)审核(3月20日后第一个工作日开始办理)","👇","学校审批(3月20日后第一个工作日开始办理)"]}],"id":"guide/job/flow/obey","scopeData":{"@type":"general","uniq_id":"guide/job/flow/obey","title":"《就业协议书》违约办理流程","digest":"由签约单位出具加盖单位公章(如用人单位无自主用人权，还需加盖上级主管部门公章)的解约函、违约金收据，如无违约金须在解约函中注明 👇 在“一站式网上签约服务”平台中上传解约函、违约金收据、原《就业协议书》(用人单位联)等证明材料 👇 学院","thumbs":["https://mp.innenu.com/img/inNENU.jpg"],"tags":["《就业协议书》违约办理流程"]}}