{"title":"疫情管理调整","author":"Mr.Hope","time":"2021年11月14日","content":[{"tag":"title","text":"封闭管理"},{"tag":"p","text":["学生入校。经学校批准返校的学生，入校时主动出示校园卡(学生证)、“吉祥码”(绿码)、“东师e起战疫码”(绿码)，测温合格后方可入校。","学生返校后校园实行封闭管理，解除封闭的时间要视疫情发展情况、上级部门及属地管理要求等确定，通常为 2-3 周。"],"style":"text-indent: 1.5em; "},{"tag":"text","type":"info","heading":"走读学生管理","text":["当前，由于相应疫情下国家的号召学校在招生时进行了一定程度的扩招，寝室分配紧张，故长春市区学生无特殊情况默认按照走读管理。"]},{"tag":"title","text":"校园生活管控"},{"tag":"text","type":"info","heading":"图书馆","text":["按照国家疫情防控要求，按照一桌一人的标准，采取人员限流措施，实行动态总量控制，先到先用，严禁占座，空位开放，额满关闭。学生可在图书馆正门 LED 屏幕和网站查看可入馆人数，确定是否来馆。进入图书馆均需刷卡和自动测温，体温异常不能入馆。出馆也需刷卡，以便掌握轨迹并及时释放座位，更新可入馆人数。"]},{"tag":"text","type":"info","heading":"洗浴","text":["不需要提前预约。经学校施工改造后，两校区学生洗浴单人单间，数量充足，可以满足学生洗浴需求，能够有效减少学生接触。学生洗浴前需要测温，体温异常的不能进入。"]},{"tag":"text","type":"info","heading":"就餐","text":["两校区四个食堂全部档口同时开放，可以充分满足师生就餐需要。师生在进入食堂前，需要接受体温检测，就餐时保持距离，分散就坐。"]},{"tag":"text","type":"info","heading":"快递","text":["两校区快递点正常开放。","本部校区进驻的快递服务公司有顺丰、邮政EMS、邮政小包、京东、韵达、圆通、申通、百世、黄马甲、中通。(共10家)","净月校区进驻的快递服务公司有中通快递、韵达快递、申通快递、百世快递、天天快递、邮政快递、顺丰快递、京东快递、苏宁快递、EMS快递。(共10家)"]},{"tag":"title","text":"其他说明"},{"tag":"ol","text":["学生确有出校需要，履行必要的申请审批程序后可以出校入校。","学生因身体不适，履行必要的申请审批程序后可以出校治疗，可以再次入校。","为了减少学生与校外人员的接触，开学封闭期间学生不得订外卖。"]},{"tag":"text","type":"info","text":["以上工作安排根据上级要求和疫情防控工作实际需要制定，将视实际情况随时调整。"]},{"tag":"ol","type":"tip","heading":"Mr.Hope の 解释","text":["图书馆、浴池、食堂都将限制人数并要求同学们保持距离，希望同学们配合。","浴池全天开放，而且全都改造为单间。","食堂所有档口已经正常开放。","由于封校，快递请考虑选择校内有收件点的。","如果需要定期检查身体，或有其他情况的学生，可以向导员、学院提出申请，可以出校。"]}],"id":"guide/epidemic/manage","scopeData":{"@type":"general","uniq_id":"guide/epidemic/manage","title":"疫情管理调整","digest":"学生入校。经学校批准返校的学生，入校时主动出示校园卡(学生证)、“吉祥码”(绿码)、“东师e起战疫码”(绿码)，测温合格后方可入校。 学生返校后校园实行封闭管理，解除封闭的时间要视疫情发展情况、上级部门及属地管理要求等确定，通常为 2-3 ","thumbs":["https://mp.innenu.com/img/inNENU.jpg"],"tags":["封闭管理","校园生活管控","其他说明"]}}