{"title":"净月照相","author":"Mr.Hope","time":"2021年11月22日","shareable":true,"content":[{"tag":"title","text":"校内店铺"},{"tag":"text","type":"warning","text":["请注意净月校区目前暂无专业的照相馆。"]},{"tag":"ul","text":["师大图文复印店"]},{"tag":"text","heading":"师大图文复印店","text":["二食堂超市对面师大图文复印店"]},{"tag":"img","src":"https://mp.innenu.com/img/shop/jingyue-copy.jpg","desc":"师大图文复印店"},{"tag":"title","text":"校外店铺"},{"tag":"text","text":["暂无信息"]}],"cite":[],"id":"guide/life/photo/jingyue"}