{"title":"马克思主义学部招生","author":"Mr.Hope","time":"2022 年 7 月 31 日","shareable":true,"content":[{"tag":"title","text":"本科招生概况"},{"tag":"p","text":["自 2020 年起，马克思学部转为大类招生。在入学学习后分配至思想政治教育、哲学和社会学三个专业。"],"style":";display: inline-block"},{"tag":"list","header":"专业详情","items":[{"text":"思想政治教育","path":"intro/school/marx/mind"},{"text":"哲学","path":"intro/school/marx/philosophy"},{"text":"社会学","path":"intro/school/marx/sociel"}]},{"tag":"title","text":"专业介绍视频"},{"tag":"text","heading":"在马言马 凝心铸魂"},{"tag":"video","src":"https://www.nenu.edu.cn/__local/A/C9/41/FEFCA6E38DF04F1CD2DEC63A63E_FD312F01_FE0664A.mp4?e=.mp4"},{"tag":"title","text":"硕士研究生招生概况"},{"tag":"img","src":"https://mp.innenu.com/img/enroll/marx-master.png","desc":"2021 年招生信息"},{"tag":"phone","header":"硕士研究生招生咨询电话","fName":"景","lName":"年","num":"0431-85099532","org":"东北师范大学马克思主义学部","title":"硕士研究生招生负责人","street":"吉林省长春市人民大街 5268 号","postCode":"130024","mail":"nianj123@nenu.edu.cn"}],"cite":[],"id":"intro/school/marx/enroll"}