{"title":"学科建设","desc":"来源: 地理科学学院官网","time":"2021年8月15日","shareable":true,"content":[{"tag":"title","text":"重点学科"},{"tag":"ul","heading":"省级重点学科","text":["自然地理学","人文地理学"]},{"tag":"ul","heading":"学校重点建设学科","text":["全球变化与景观生态重点学科","城市地理学重点学科"]},{"tag":"title","text":"学术学位授予学科"},{"tag":"ul","heading":"硕士学位专业","text":["自然地理学","人文地理学","地图学与地理信息系统","城乡规划学","土地资源管理","湿地科学","旅游管理","课程与教学论"]},{"tag":"ul","heading":"博士学位专业","text":["人文地理学","自然地理学","地图学与地理信息系统","区域经济学","城市与区域规划"]},{"tag":"title","text":"专业学位授予学科"},{"tag":"ul","heading":"硕士学位专业","text":["学科教学 (地理)"]}],"cite":[],"id":"intro/school/geography/subject"}