{"name":"东师地科","detail":"东北师范大学地理学院","desc":"愿地科君常伴地科人","id":"dongshidike","logo":"https://mp.innenu.com/img/media/geography.jpg","qrcode":"https://mp.innenu.com/img/media/dongshidike-qrcode.jpg","article":[{"cover":"http://mmbiz.qpic.cn/mmbiz_jpg/MiaPTgnwE8aeA2PpvScAcd1RqIwU1nrPXOeg7cspW6ft69UZmPA4PHYhZA2TGcykDGGrn7QNaaicPgptB8q7KuhA/0?wx_fmt=jpeg","title":"快讯 ||我院男篮荣获季军, “精英杯”篮球赛圆满结束","url":"https://mp.weixin.qq.com/s/wisNClaULEmw2FpT-0lvjQ"},{"cover":"http://mmbiz.qpic.cn/mmbiz_jpg/MiaPTgnwE8acchrI7FjnIEy2HOvSunNtDibqmYOR7ibKAFTonibv8GRuKNalyOzybanciaiapFDr0aEibbBaXbpeNfyUw/0?wx_fmt=jpeg","title":"夜跑歌单 | 气温在下降，快乐在疯长","url":"https://mp.weixin.qq.com/s/aIyK-F8UIC6thyNM_crzOQ"},{"cover":"http://mmbiz.qpic.cn/mmbiz_jpg/MiaPTgnwE8adEFalOiaqVboSTvz7ZiaJH7icQNLfTwiapVQnqAefaWSibIV1NJ6VQNSHLEzEDhqWuuLR3NLUlTU4oS0g/0?wx_fmt=jpeg","title":"快讯 || 第十三届“玩转地球”趣味知识大赛来啦！","desc":"任你“玩转地球”，快来看看吧！","url":"https://mp.weixin.qq.com/s/XzBsmWK5pL65SuyTU1G_hw"},{"cover":"http://mmbiz.qpic.cn/mmbiz_jpg/MiaPTgnwE8acbiaQVfr71MCPPmLdFBaMxgaBVmelsAZibMQOIibUP6bQ7oPsz7xGapXseD0bvwTiaDQAM0ItJAmpTkg/0?wx_fmt=jpeg","title":"快讯 || “精英杯”篮球赛第二场圆满结束","desc":"快来看看地科学子的风采吧！","url":"https://mp.weixin.qq.com/s/S6zwXPga8nISG7QRztOVpQ"},{"cover":"http://mmbiz.qpic.cn/mmbiz_jpg/MiaPTgnwE8acchrI7FjnIEy2HOvSunNtDvSiacicvtCTueq6kJXY3RgA7RD8XUmIt3KYWKtspzsn6WFglE7aN7O0Q/0?wx_fmt=jpeg","title":"快讯 || “优秀校友谈就业: 芳林新叶焕新枝——和学弟学妹聊聊出入教坛那些事儿”讲座圆满结束！","desc":"快来听听优秀校友的经验分享吧！","url":"https://mp.weixin.qq.com/s/5S7X02IeVsk1yIrAgwgwbA"},{"cover":"http://mmbiz.qpic.cn/mmbiz_jpg/MiaPTgnwE8acchrI7FjnIEy2HOvSunNtDzOg5KS0cfKkE0DLKCFzbPplyFGhYsibIvFkbTObqOSRqmFkiajNDnDBQ/0?wx_fmt=jpeg","title":"觉醒——在那个风云年代","desc":"这是一场来自思想的碰撞，来自灵魂的不屈……","url":"https://mp.weixin.qq.com/s/I1eVMz87tmGTXKIDz7F_Cw"},{"cover":"http://mmbiz.qpic.cn/mmbiz_jpg/MiaPTgnwE8aeFpLOTb39he8joEoiaNae2tcXqa8E1eAYDILNaGwxibiaDX1DJicy9963JFRFMHtibvtZogTyytqrib02w/0?wx_fmt=jpeg","title":"快讯 || 奋斗百年路，启航新征程”大型主题团日活动圆满结束","url":"https://mp.weixin.qq.com/s/QVBEu--rzzaDyVFGWFiYmg"},{"cover":"http://mmbiz.qpic.cn/mmbiz_jpg/MiaPTgnwE8aeFpLOTb39he8joEoiaNae2tN44m4Dx3haJ8L5Djje20cbEMopNbutbaHKd6cmvfEiaP0TODhicBTOJQ/0?wx_fmt=jpeg","title":"我为同学做件事——学生干部培训营，你参与了吗？","desc":"一起来回顾地科学生干部培训营中的点点滴滴吧！","url":"https://mp.weixin.qq.com/s/qUTCrQgHKQsydK0ZmD5yPA"},{"cover":"http://mmbiz.qpic.cn/mmbiz_jpg/MiaPTgnwE8afibkO4UWMdMg6ZXIlKrhNcx43oqeqGibVeX89CiczRYDYcy560GPutQKCqXaEXnvZLNayFMf3OM6tCQ/0?wx_fmt=jpeg","title":"学业得力助手——地理公众号推荐来袭！","desc":"地理公众号大放送","url":"https://mp.weixin.qq.com/s/XnfTo_HF9xKPS7utTiVr3w"},{"cover":"http://mmbiz.qpic.cn/mmbiz_jpg/MiaPTgnwE8aenibicJ51Yq66icPdWqFvFDu5FJ9G5icIhoVbHW8jNYhrkIh2Sohg1hicqicUmADffuibRE04BicmibiakeaKA/0?wx_fmt=jpeg","title":"快讯 || 携爱前行，志愿活动精彩回顾","url":"https://mp.weixin.qq.com/s/KyvqmoDbDXaaJUZ9008HLw"},{"cover":"http://mmbiz.qpic.cn/mmbiz_jpg/MiaPTgnwE8adjPZMpBr9PqMKOYOL6Gft2w6c7jz7NgAWFhxwL3fJy6Mg6yeAtNjJAiaxqcgTNazW3LerFdHgRovg/0?wx_fmt=jpeg","title":"快讯 || 2020-2021年度优秀班集体评选活动圆满结束","desc":"优秀班集体评选活动来啦","url":"https://mp.weixin.qq.com/s/4ebPWCxLG27bMWYriT3qPA"},{"cover":"http://mmbiz.qpic.cn/mmbiz_jpg/MiaPTgnwE8advuf7HVUdpE9jfhROzQrYG4Ku7dH25fKKtrU3nOPvq4gZfedw21uStnUOHaHDFQcwtF6dTvEkTlg/0?wx_fmt=jpeg","title":"快讯 || 寝室文化节圆满结束","desc":"寝室文化节评比结果新鲜出炉啦，朋友们快来看看吧！","url":"https://mp.weixin.qq.com/s/56ZBmCP4Yw6xJuDZHWELUw"},{"cover":"http://mmbiz.qpic.cn/mmbiz_jpg/MiaPTgnwE8aepa1m6PWibT3h7Uj7hYA419UWiaDr3ibX2ib9AtYcSJDfDzap5KnQnzmZeBlmia8ibUUmULrcp7BB36ictA/0?wx_fmt=jpeg","title":"社会实践 | 重走延安路，再感延安魂，凝聚爱国情","desc":"——大学生“三下乡”走进延安红色基地党史学习实践","url":"https://mp.weixin.qq.com/s/Y64ZRWu4MRMzncQ6kB4mjA"},{"cover":"http://mmbiz.qpic.cn/mmbiz_jpg/MiaPTgnwE8adia7qxMSVHY0l8MLQjj2xf4f5PHwPFC0rI9BVLKgIp6opDPk50auAoaocawcPjwsNQib1GGEL6qzwQ/0?wx_fmt=jpeg","title":"快讯 || “遇见你，春暖花开”志愿服务项目宣讲暨优秀志愿者资格认证会圆满结束","desc":"地理科学学院团委志工部招募志愿者啦！","url":"https://mp.weixin.qq.com/s/46kz-1Ll12wEmacidKqL2w"},{"cover":"http://mmbiz.qpic.cn/mmbiz_jpg/MiaPTgnwE8acCKNG4OXm2ZH4GSbUfLOGXLH9LxDAnaZZSZQWF1WXzBMM6Plg22Eib4mdR0Gfp7ib8xgM5EgIA7kIA/0?wx_fmt=jpeg","title":"军训特辑 | 迷彩九月，我们正青春","desc":"快来看看大一大二的军训成果吧","url":"https://mp.weixin.qq.com/s/dsSPefZLnvyPdmIr3JSW6A"},{"cover":"http://mmbiz.qpic.cn/mmbiz_jpg/MiaPTgnwE8aefYBso9eaPmHT6KF4BOvP9Ghv12AHvezrJzp6icOjD3jxSVAejpib6RyM5QlCARD1iaMGWmcp5duMfw/0?wx_fmt=jpeg","title":"实习展 | 记地理学综合野外实习","desc":"道阻且长，行则将至。心怀地理，我们一直在路上！","url":"https://mp.weixin.qq.com/s/UZb0BsyKJRv_w725MhfOLw"},{"cover":"http://mmbiz.qpic.cn/mmbiz_jpg/MiaPTgnwE8adyvxj1mDydDOiauJrJoIQIj2Gb0FSQh3wDGKIAT6edVkIwBIBM2zAxtXeAHL2KjArRAPUXwibRKLWg/0?wx_fmt=jpeg","title":"军训特辑 | 无迷彩，不青春！","url":"https://mp.weixin.qq.com/s/AWfyGGIeikxeI-lQ3UU_jg"},{"cover":"http://mmbiz.qpic.cn/mmbiz_jpg/MiaPTgnwE8adyvxj1mDydDOiauJrJoIQIjkDM8A9icN0Hia9V6s87yjDclujGLbtr8FZoOTrS3OHll9FhIyH7ewFAA/0?wx_fmt=jpeg","title":"快讯 || 地理科学学院第二届“迎中秋”研究生趣味运动会圆满结束","url":"https://mp.weixin.qq.com/s/b5m8lDMqxWEB52UxkZd3mA"},{"cover":"http://mmbiz.qpic.cn/mmbiz_jpg/MiaPTgnwE8aefYBso9eaPmHT6KF4BOvP9AWbkItrDLibGkrFuUIIvR9Bpic6ehamVsia7zkCibJJQE9qP30KictN7JCg/0?wx_fmt=jpeg","title":"快讯 || &quot;迎新杯&quot;足球赛圆满结束","url":"https://mp.weixin.qq.com/s/R8zT9LAvFsY4L2gQWC2lSg"},{"cover":"http://mmbiz.qpic.cn/mmbiz_jpg/MiaPTgnwE8acju7KE9PqiczPlXw2T5xN3ns6iayPYq5EJq6g8mJDIweRUDk83Rl3edqZOLBEL66GIthul2mazYxPQ/0?wx_fmt=jpeg","title":"快讯 || 师生篮球赛圆满结束","desc":"继迎新篮球赛之后，师生篮球赛也成功落幕！","url":"https://mp.weixin.qq.com/s/DotEg7QUKgah65qR1lEwkw"},{"cover":"http://mmbiz.qpic.cn/mmbiz_jpg/MiaPTgnwE8ac2ib7icG5CC3H7udodia6LhhJsbLBzvro0VyYIR5v0ykS4oAibPornvu6RibT2kkk8YHePANIr76QxDAw/0?wx_fmt=jpeg","title":"快讯 || 寝室文化节来啦!","url":"https://mp.weixin.qq.com/s/Jdh40poEVBtsIWC5TahcAA"},{"cover":"http://mmbiz.qpic.cn/mmbiz_jpg/MiaPTgnwE8adwfmiaiaD1FWtelyuTyhohZCcRd6tbaMAmFazcebiaodT29OJPWV2NMvAWQZAblpr8aCHiaXbEaFiaLjw/0?wx_fmt=jpeg","title":"快讯 || 迎新杯篮球赛圆满结束!","url":"https://mp.weixin.qq.com/s/88WBKDeN2yok-ELa19tGIQ"},{"cover":"http://mmbiz.qpic.cn/mmbiz_jpg/MiaPTgnwE8aeCVP0GeX6JkRPIyibET2YYibRcYCMg0MSTdVHqL9JEwzKzE1K3ua7Zu5BZ9glxZFHpbIfcrvzIz5gw/0?wx_fmt=jpeg","title":"笔端生芳华，润物谢师恩","desc":"老师，您辛苦了!","url":"https://mp.weixin.qq.com/s/ZM8PeH_YyjoxajDH44j62A"},{"cover":"http://mmbiz.qpic.cn/mmbiz_jpg/MiaPTgnwE8afTeFwuRic5Snamb3icfRjTr0DpiaQJH0V76Kiczv6h5SUmiaBH7odVVVOeqUmRPibrE810jC7LFwt8l6Pw/0?wx_fmt=jpeg","title":"纳新特辑 | @2021级萌新: 风里雨里，团委等你","desc":"新学期，团委纳新来了!团委大家庭期待你们的加入!","url":"https://mp.weixin.qq.com/s/YZPsKYKMZ7wJrTMv0dRzpg"},{"cover":"https://mmbiz.qpic.cn/mmbiz_jpg/MiaPTgnwE8aerWuDpfdhm5LZzjicLC4EVTL2UdyXnJxSho1EmHzqtsKpbaAGXN8NMO1NTub143vO0cF4YYI9r6rw/0?wx_fmt=jpeg","title":"新生特辑 (七) | 震惊，159人齐聚东师地科，竟是为了……","url":"https://mp.weixin.qq.com/s/AtphaI7CEvUJ4gOJpTUz8g"},{"cover":"https://mmbiz.qpic.cn/mmbiz_jpg/MiaPTgnwE8acsXrC4aS4Wekxs0ph5ib4QvSRhicMibkrn9wzoO8sG2Wr7qgwvFG3McEo6VbwM4r1ZgA6vIee1DFSHg/0?wx_fmt=jpeg","title":"新生特辑 (六) | 展学子风采，品地理特色","url":"https://mp.weixin.qq.com/s/-I9BTR4mfugvizozeDWITw"},{"cover":"https://mmbiz.qpic.cn/mmbiz_jpg/MiaPTgnwE8aenKn2dofpUAAsibe3ssQVScoe5sMibkxXlmFrKu9loiahuttTI9wiagc3yaZ20ibl0vQWDMR9UVEzBy5A/0?wx_fmt=jpeg","title":"新生特辑 (五) | 学在东师","url":"https://mp.weixin.qq.com/s/s1MwJcBgqwekQ5V2wO5xEg"},{"cover":"https://mmbiz.qpic.cn/mmbiz_jpg/MiaPTgnwE8aenKn2dofpUAAsibe3ssQVSc4V4jrTgmRIhk4mlnJxwqc2dT8QLlm1iaNDnzCXa3KLpmoJ6ZPSgL1YA/0?wx_fmt=jpeg","title":"新生特辑 (四) | 生活在东师","url":"https://mp.weixin.qq.com/s/D4kslnsJ5f6mWtweQ7YDhw"},{"cover":"https://mmbiz.qpic.cn/mmbiz_jpg/MiaPTgnwE8aenKn2dofpUAAsibe3ssQVScuupAsJV2FlanqIYRHxxyEpViawJnjdF5cAaCibaKUPVUjwnDFx0S6Pfw/0?wx_fmt=jpeg","title":"新生特辑 (三) | 备品篇","desc":"整理装备，朝着东师，出发!","url":"https://mp.weixin.qq.com/s/UK4ktquwnseSDKe6Q3xIgw"},{"cover":"https://mmbiz.qpic.cn/mmbiz_jpg/MiaPTgnwE8aenKn2dofpUAAsibe3ssQVScg9bK3dPRFGnfA8xYla6uXicbxtRKoJu2ORYUtrCydzB0CicpYtmPxJrA/0?wx_fmt=jpeg","title":"新生特辑 (二) | 我在东师等你来","desc":"东师的小可爱们，你们终于来了!!!","url":"https://mp.weixin.qq.com/s/xy2_-6WvjjGy2d_qOzzN8A"},{"cover":"https://mmbiz.qpic.cn/mmbiz_jpg/MiaPTgnwE8adYjdgKXEbamJ4mk4Y5T632KQ9hdhrxt0VdFH9icyFJicFticmlwECRMPVxh6FP0Qg0icbQ7FWdQKpCrQ/0?wx_fmt=jpeg","title":"新生特辑 (一)| 遇见东师地理","desc":"一起来遇见最美的东师地科吧!","url":"https://mp.weixin.qq.com/s/J9uOg5Tnb7Cxw0I1ri4n_w"},{"cover":"https://mmbiz.qpic.cn/mmbiz_jpg/MiaPTgnwE8aeHeWicYftrOpoIQ0AyNfNYQPR3Owy4Js0lGdrgibNFKaLyDsQ2rDE25mMdXGxgNZWGY9gXA4np2saA/0?wx_fmt=jpeg","title":"2021毕业季 | 愿以梦为马，不负韶华","url":"https://mp.weixin.qq.com/s/wWm7gcAZ0MfRVqXSOO24uw"},{"cover":"https://mmbiz.qpic.cn/mmbiz_jpg/MiaPTgnwE8afuhLc5ggTwg0uRVghDPiby95ZKrJoiaY6QCAS3Uyl48gKBhrEK35DLYT30gibNkicmhtpkK940qML5lA/0?wx_fmt=jpeg","title":"2021毕业季 | 一“柒”再出发","url":"https://mp.weixin.qq.com/s/WyMojpTqg6ZszqOJIypNRg"},{"cover":"https://mmbiz.qpic.cn/mmbiz_jpg/MiaPTgnwE8adibXibzJuWZVYLPl6zianV02RDibcjcNRQVbr47fszpWtX8nPRwF48XAh4whqQia45mT5J6fbRV8vk21g/0?wx_fmt=jpeg","title":"你记忆中的童年零食还在吗","desc":"儿时的零食，每一口都是不想长大的倔强。","url":"https://mp.weixin.qq.com/s/Eys6aFe9DV2AYmiJQRsmbQ"},{"cover":"https://mmbiz.qpic.cn/mmbiz_jpg/MiaPTgnwE8acVDUALedzew6sG52PftqMrHaDNPeZ7EpWTn5s9cBnPeH6poUAibAhHrwjxrZboz0WzojPZTibkLxcA/0?wx_fmt=jpeg","title":"当代大学生迷惑快递行为大赏","desc":"千里送快递，礼重情义重。","url":"https://mp.weixin.qq.com/s/KIoIUG2s4RdubOS8mQqbvA"},{"cover":"https://mmbiz.qpic.cn/mmbiz_jpg/MiaPTgnwE8aeKx5BamuIZyn0djtuiaj3XLv060lnpUfKb8oKJOHqiaQr4Pr2gTlTQVB0XlTUjLvnHneTGw5ibZoD4g/0?wx_fmt=jpeg","title":"几分钟，让你成为电脑大神","desc":"新的一年即将到来——你与大神，就差这篇文章","url":"https://mp.weixin.qq.com/s/oRQFQjFU2XY28TfjJ_zXQg"},{"cover":"https://mmbiz.qpic.cn/mmbiz_jpg/MiaPTgnwE8aficibBefZZpz8Dew6mYHwbbIY0QiaLp2KzuiczTaV7nRjYic9suuPnSibc9mSgu3ic2k5n7BEJ2wfnib017Q/0?wx_fmt=jpeg","title":"太太太太真实了! 这不就是我和我爸妈的聊天记录吗??","desc":"那些让人哭笑不得的父母语录，一起来康康吧~","url":"https://mp.weixin.qq.com/s/I-PeSR7LkMwh6iUBQBrjzA"},{"cover":"https://mmbiz.qpic.cn/mmbiz_jpg/MiaPTgnwE8afQD4KUr7PLicnX1swGxUiaSZm1IfgPva88A4zRMezEj3Rytv6axaUIESTic7GIibia7jia2yKZsmk96u6w/0?wx_fmt=jpeg","title":"信息泄露? 不!","desc":"在这里地科君将会教你如何保护个人信息","url":"https://mp.weixin.qq.com/s/1jfOKktISkpeavOXvrFflw"},{"cover":"https://mmbiz.qpic.cn/mmbiz_jpg/MiaPTgnwE8afquib8ss6icwTbPtYto3oicYia9tIyia1fdOmjLwibDBAYff8zKztQVHRibOZYqNxuiaC7eqqmaTukAKOdJQ/0?wx_fmt=jpeg","title":"喜欢东师地理的N个理由","url":"https://mp.weixin.qq.com/s/FimacBhemAWUPLPLfXhqyQ"},{"cover":"https://mmbiz.qpic.cn/mmbiz_jpg/MiaPTgnwE8acWVnpiaj0oMhwHH8Dcn1ODBicVk6jfYBIP0kUicfSp21obZ2ynYWP7wVW5A9FJJfzFSzQ0UN4DwoM8g/0?wx_fmt=jpeg","title":"2020毕业季 | 愿有前程可奔赴，亦有岁月可回首","url":"https://mp.weixin.qq.com/s/j75ZhmKHN2Q83KuHCUbdMw"},{"cover":"https://mmbiz.qpic.cn/mmbiz_jpg/MiaPTgnwE8afcBnEe4OibRmu23ExHpppvdKDMKP0nTRM8BQlicVSvS3ytkL4Hiagn4X5rPSugLu190dnxIMetmfB2A/0?wx_fmt=jpeg","title":"2020毕业季 | 愿我们乘风破浪，一“陆”有你","url":"https://mp.weixin.qq.com/s/dlHhTE53_R4NJPmYfNn4zQ"},{"cover":"https://mmbiz.qpic.cn/mmbiz_jpg/MiaPTgnwE8achjZzUE5eVs54DEuNVMrQJBcKGFs7wiadNFmJicg8tn7icL6N7gEJESNALFJqMw2H5MdWRxnxKtbxZw/0?wx_fmt=jpeg","title":"对战疫情，我在一“线” | 你的专业可以为抗疫做什么","url":"https://mp.weixin.qq.com/s/S0_np1BNsrTZ3d9kIoo6Pg"}]}