{"name":"红砖微语","detail":"东北师范大学政法学院","desc":"由政法学院学生会专门开设的服务于本院师生，实时传递国家重大新闻政策、学院内外咨询以及推送任何与学院学生紧密相关的信息。","id":"lovezhengfa","logo":"https://mp.innenu.com/img/media/politics.png","qrcode":"https://mp.innenu.com/img/media/politics-qrcode.jpg","article":[{"cover":"http://mmbiz.qpic.cn/mmbiz_jpg/KYrs0vhXsDvmIia1DkpoUibcFuVxOsQgnDv2K6rDMDcISFvDDpzx9zPUbicjLCsoHUCCFM4OmanYkNs5oAuDof6bA/0?wx_fmt=jpeg","title":"政法学院第十九届班寝文化节圆满结束!","desc":"第十九届班寝文化节展现了政法学子“红心向党，奔赴远方”的理想信念，在一片欢声笑语中圆满结束。","url":"https://mp.weixin.qq.com/s/EdofjPIX_H35dha8f0QT0w"},{"cover":"http://mmbiz.qpic.cn/mmbiz_jpg/KYrs0vhXsDunicaRoVkgdMt6LZq7mD1Azict1auJibNVYEDMaOaEs0ZCJ43rSEDAcBquZBaDXh33EMYvSoJG4ic25g/0?wx_fmt=jpeg","title":"思政课同课异构教学展示暨思想政治教育专业(公费师范)应用实践汇报圆满结束!","desc":"努力夯实理论基础，提升教师技能，在思政课的讲台上散发光芒，展现风采!","url":"https://mp.weixin.qq.com/s/A09HP1VNUYztvAEhev6m4A"},{"cover":"http://mmbiz.qpic.cn/mmbiz_jpg/KYrs0vhXsDvmIia1DkpoUibcFuVxOsQgnD8kPTUGT4DRIibncJNvb4jCtM4eZM5HmknUQdnjzCzUrIc2AZ0JnZ54Q/0?wx_fmt=jpeg","title":"2018级行政管理专业本科生实习总结会暨表彰大会圆满结束","url":"https://mp.weixin.qq.com/s/ZKCH9myRJn-A143C1r8nhw"},{"cover":"http://mmbiz.qpic.cn/mmbiz_jpg/KYrs0vhXsDuSTmvsJNccRicLYicddTbSh8nUbMFptOANiaQFRSzJYicvMLzqKib9ZBiaBIKBY4ZSjJl30QDGJ8SzhdYQ/0?wx_fmt=jpeg","title":"政法学院学生会组织改革进展汇报","url":"https://mp.weixin.qq.com/s/0eBr2PHAvURCAgxdgHW6fw"},{"cover":"http://mmbiz.qpic.cn/mmbiz_jpg/KYrs0vhXsDuSTmvsJNccRicLYicddTbSh8Q8RYCnjwK0JUrEexlm3OroPGGx0TEoGfvMAErzylchAAzbbiagHgP4g/0?wx_fmt=jpeg","title":"政法学院研究生会组织改革进展汇报","url":"https://mp.weixin.qq.com/s/XlURVKLs46cVSOy7Du-P5g"},{"cover":"http://mmbiz.qpic.cn/mmbiz_jpg/KYrs0vhXsDuhic3wwVql3yrvtYD1SVBAzMj4buhsFlGNpxlmQFhMSzkAVZ1Uic9PJKUYJpfaPzMllU0gvgQPEBwQ/0?wx_fmt=jpeg","title":"班寝文化节来啦!","desc":"与你相“寓”，一见钟“寝”。","url":"https://mp.weixin.qq.com/s/Nxb20aO4Yrus6MWDkOa-UA"},{"cover":"http://mmbiz.qpic.cn/mmbiz_jpg/KYrs0vhXsDtyEjCLhqg6XpCtHLFDQap6yb7Dh6XcvwKicXPYWbcoD5CnhWYFRH8icRJ0q9icx3qaibam5sricYvsMIA/0?wx_fmt=jpeg","title":"2021年学习《中国共产党组织工作条例》网上知识竞赛活动圆满结束","desc":"不忘初心，牢记使命。","url":"https://mp.weixin.qq.com/s/ov6KcmcpPFu3ARVM9qfvWQ"},{"cover":"http://mmbiz.qpic.cn/mmbiz_jpg/KYrs0vhXsDtyEjCLhqg6XpCtHLFDQap6yVc5tOtweUs77BeYcnc0tvSvxosL0QsHNKq0sVPbtZHPm9QJs6TAew/0?wx_fmt=jpeg","title":"政法学院第十二届  “赛专业技能，展师者风范”  教师技能大赛圆满落幕","desc":"赛专业技能，展师者风范。","url":"https://mp.weixin.qq.com/s/nxDCCdApcuCZ82fGpA0nUQ"},{"cover":"http://mmbiz.qpic.cn/mmbiz_jpg/KYrs0vhXsDtKda95pZEvI0L2Gn2DnScYG5uS2BBTvJmo5ejxVhWyAzz4DQz0qlhKg5rPGicfbV9SQy2GlxFgdZg/0?wx_fmt=jpeg","title":"“创造的课堂”本科生教学创新大赛圆满结束","desc":"政法学院学生会学习部联合教师教育协会于11月13日在政法学院政二教室开展了“创造的课堂”本科生教学创新大赛。","url":"https://mp.weixin.qq.com/s/XswSfuEMrHO925QdRPhrxg"},{"cover":"http://mmbiz.qpic.cn/mmbiz_jpg/KYrs0vhXsDtFLRWNj0KJwtJSllTQzRiaSsVYE17KrrOJ1XAUmHjMckblP6ibGC67SpTmqk7xbR7tRhSE2w05knIQ/0?wx_fmt=jpeg","title":"2021年国创科研结项答辩评审会圆满结束","url":"https://mp.weixin.qq.com/s/lvOgZjFJX5OfIgyBQPkPFw"},{"cover":"http://mmbiz.qpic.cn/mmbiz_jpg/KYrs0vhXsDvgKoTjDMmc6R5IdLhyUPHtiajctw0U5ribC2Y212f5ugOsNvClZ9d1dhpPkk8Zibwz5Kd6icuuFkZnww/0?wx_fmt=jpeg","title":"喜报｜我院学子荣获第五届明日律师训练营暨明日律师大赛二等奖!","desc":"我院学子荣获第五届明日律师训练营暨明日律师大赛二等奖!","url":"https://mp.weixin.qq.com/s/L7to-AaOXLjahHBDBLTlQA"},{"cover":"http://mmbiz.qpic.cn/mmbiz_jpg/KYrs0vhXsDtJicDOd7u1uyCg87LzpH1OFHQGS4kDsDFN2EUSbNRSibPWXLRoQF9FljRnCRNEOCLhBGtoowTzuRjw/0?wx_fmt=jpeg","title":"关于举办“深入学习习近平法治思想，推动弘扬新时代法治观念”系列活动的通知","desc":"深入学习习近平法治思想，推动弘扬新时代法治观念。","url":"https://mp.weixin.qq.com/s/spznSOYzhOfG49kn_de6vQ"},{"cover":"http://mmbiz.qpic.cn/mmbiz_jpg/KYrs0vhXsDv24crT1caBgNH7F0krj2XpCVicMx3Jd38kX7yeNwpicsSOPLI7luYLKGdDibF91n9hwiancQ11uuNVhg/0?wx_fmt=jpeg","title":"第三届吉林省青年新媒体创意创业大赛活动通知","desc":"第三届吉林省青年新媒体创意创业大赛活动来啦! 欢迎大家踊跃报名!","url":"https://mp.weixin.qq.com/s/iNr5huU1Y1outBdc15hzcQ"},{"cover":"http://mmbiz.qpic.cn/mmbiz_jpg/KYrs0vhXsDuhic3wwVql3yrvtYD1SVBAzwM11swjibPC9V3gHiasGWsAia64wOhRFMelBEItEX6gpPgdW8Lso8yfBg/0?wx_fmt=jpeg","title":"“东师杯”乒乓球赛圆满结束","url":"https://mp.weixin.qq.com/s/MVKdKXn8nTH-Cr1O-Ba3fQ"},{"cover":"http://mmbiz.qpic.cn/mmbiz_jpg/KYrs0vhXsDtfvOB5JGZKUb7Kd8gbSQ6NLOx94yf2XfDWlLQ55w1YTqfAKmfwa5047rA6JKQ44rk8mYhVNJiamXA/0?wx_fmt=jpeg","title":"我为同学做件事｜“夜光胶带”，点亮楼道","desc":"服务同学，驰而不息。","url":"https://mp.weixin.qq.com/s/f4Ixy5A-_4EtaDezEZPLig"},{"cover":"http://mmbiz.qpic.cn/mmbiz_jpg/KYrs0vhXsDvXhiaxs7Ehic8dPewUFoQIQ0A8qyBybRCAmDRRy65iatD0veiaafkicsxMMyMFN7Qlqxp10rBea0JA51Q/0?wx_fmt=jpeg","title":"《党课开讲啦》观影活动圆满结束","desc":"牢记初心使命，共创美好未来。","url":"https://mp.weixin.qq.com/s/2kcAXKT8qVIatIYSeRk4WA"},{"cover":"http://mmbiz.qpic.cn/mmbiz_jpg/KYrs0vhXsDvXhiaxs7Ehic8dPewUFoQIQ0eRibc7x5bqKiajpgmARfeQqSrOIN54AACP2tn2THT6tKm3ElQiczk9ugg/0?wx_fmt=jpeg","title":"“精英杯”篮球赛圆满结束","desc":"凝政法合力，展青春风采。","url":"https://mp.weixin.qq.com/s/1uJAbNemNL08HVWKtl1Gwg"},{"cover":"http://mmbiz.qpic.cn/mmbiz_jpg/KYrs0vhXsDtKiag3PZDOyEL07elhP5F0iaAatCkVW3uFM7w9TQ1uCd1HdJygia0oqkOcgouYYthxy8YgmSSHhbic4A/0?wx_fmt=jpeg","title":"政法学院四六级经验分享会圆满结束","desc":"为增强同学们对四六级考试题型、难度及其他方面的了解，帮助同学们顺利通过英语四六级考试，政法学院学生会学习部于10月29日18: 00在政七教室举办了四六级经验分享会。","url":"https://mp.weixin.qq.com/s/-lm2yUpRo2akwap6twV9Yg"},{"cover":"http://mmbiz.qpic.cn/mmbiz_jpg/KYrs0vhXsDtWOzUNkdZWrP0Tskg3ZISqwKn5EknsbiaQ9YYbQ3APZKEyOztVZsBZxRYqOqyBRtVKg7Jlux3oPLA/0?wx_fmt=jpeg","title":"走近恩师，礼敬师恩 | 王箭","desc":"不驰于空想，不骛于虚声；心里有火，眼里有光。","url":"https://mp.weixin.qq.com/s/hcKAnv36wRzGitpwhtZRNw"},{"cover":"http://mmbiz.qpic.cn/mmbiz_jpg/KYrs0vhXsDsDN93pY3c0UIxLw1qiccOIl0licia255Qs7003mAsoRUFePRcQO0oFGxibhiaBVoREWASzBse8lOJuULQ/0?wx_fmt=jpeg","title":"【研图有你】一图读懂东北师范大学公共管理学科、思想政治教育学科","url":"https://mp.weixin.qq.com/s/j61EsJCllvgACgfmtv-kGg"},{"cover":"http://mmbiz.qpic.cn/mmbiz_jpg/KYrs0vhXsDsDN93pY3c0UIxLw1qiccOIlRBTMPHtbGEAiaYgpYLzSLqtHCQ4qHE6cE9cWcZJZ4el8lnTltfa4O8g/0?wx_fmt=jpeg","title":"【研图有你】一图读懂东北师范大学政治学学科、法学学科","url":"https://mp.weixin.qq.com/s/KMfKutE0QrLaL75Wouwe5g"},{"cover":"http://mmbiz.qpic.cn/mmbiz_jpg/KYrs0vhXsDuzzo6k4gVSulGUVjEbappTeXwznywnicZeH2xE8rlluiazNjibBfxpUVcXJfkvRYUaaiawicu0CEyQcOw/0?wx_fmt=jpeg","title":"我为同学做件事｜政法学院“东师攻略大会”圆满结束","desc":"祝愿2021级的同学们都能在东师收获属于自己的精彩。","url":"https://mp.weixin.qq.com/s/BTEEkWoNpkvk9WOtPIeRfA"},{"cover":"http://mmbiz.qpic.cn/mmbiz_jpg/KYrs0vhXsDuHBOyInsuvtmCTicicrswXicdfibkXX8cUpKhT3O0JBcXmafLCEPO06EPLC4cBbKmkWsbMiclhhqvNMDw/0?wx_fmt=jpeg","title":"走近恩师，礼敬师恩 | 金文哲","desc":"旅途问道上，何其有幸，得一良师益友，相伴而行。","url":"https://mp.weixin.qq.com/s/VWLqCoRoLiDi64dwobsxyQ"},{"cover":"http://mmbiz.qpic.cn/mmbiz_jpg/KYrs0vhXsDvcY5loD0OicoLHW07Q8SaQZzJYLPm3iazWEwiaPxYaoF1FcsHUjibYITrflicAibSnJmiaqUufyUWAMa1hQ/0?wx_fmt=jpeg","title":"走近恩师，礼敬师恩 | 詹欣","url":"https://mp.weixin.qq.com/s/xaExi0PU3S2cQewcZGpmwg"}]}