{"title":"社团","author":"Mr.Hope","time":"2021年9月9日","shareable":true,"content":[{"tag":"title","text":"本部校区"},{"tag":"list","header":false,"content":[{"text":"创新创业类","path":"guide/association/job/index"},{"text":"文化体育类","path":"guide/association/culture/index"},{"text":"学术科技类","path":"guide/association/study/index"},{"text":"志愿服务类","desc":"更新中..."}]},{"tag":"list","header":"其他","content":[{"text":"卓音网络工作室","icon":"https://mp.innenu.com/img/association/joinin.png","path":"guide/association/joinin"},{"text":"大学生记者团","icon":"https://mp.innenu.com/img/association/jizhetuan.png","path":"guide/association/news-group"},{"text":"东北师范大学国际学生交流协会","icon":"https://mp.innenu.com/img/association/NISA.png","path":"guide/association/NISA"}]},{"tag":"title","text":"净月校区"},{"tag":"list","header":false,"content":[{"text":"5A 职业发展协会","icon":"https://mp.innenu.com/img/association/5Alogo.png","path":"guide/association/5A"},{"text":"师说曲艺社","icon":"https://mp.innenu.com/img/association/quyi.png","path":"guide/association/shishuoquyi"}]},{"tag":"text","type":"info","heading":"入驻说明","text":["欢迎社团入驻本页面，请联系 QQ 1178522294"]}],"images":[],"id":"guide/association/index","scopeData":{"@type":"general","uniq_id":"guide/association/index","title":"社团","digest":"入驻说明 欢迎社团入驻本页面，请联系 QQ 1178522294","thumbs":["https://mp.innenu.com/img/inNENU.jpg"],"tags":["本部校区","净月校区"]}}