{"title":"macOS 邮件客户端设置","author":"Mr.Hope","time":"2022 年 6 月 27 日","shareable":true,"content":[{"tag":"text","type":"tip","text":["以下步骤将指导您在 macOS 自带的邮件 App 上添加学校邮箱。"]},{"tag":"text","text":["打开 macOS 自带的邮件客户端"]},{"tag":"img","src":"https://mp.innenu.com/img/account/mail/macos-1.png","desc":"选择“其他邮件账户”"},{"tag":"img","src":"https://mp.innenu.com/img/account/mail/macos-2.png","desc":"输入账号和密码"},{"tag":"img","src":"https://mp.innenu.com/img/account/mail/macos-3.png","desc":"设置收件服务器与发件服务器，内容见图"},{"tag":"img","src":"https://mp.innenu.com/img/account/mail/macos-4.png","desc":"点击完成，如您不需要备忘录同步，请取消备忘录勾选。"},{"tag":"img","src":"https://mp.innenu.com/img/account/mail/macos-5.png","desc":"为了您的隐私，您可以选择“保护邮件活动”"}],"cite":[],"id":"guide/account/mail/macos"}