{"title":"常见网上诈骗","author":"Mr.Hope","time":"2021年12月2日","shareable":true,"content":[{"tag":"title","text":"警惕学长学姐"},{"tag":"text","type":"info","heading":"伪装的主要对象","text":["学长学姐是骗子们主要的伪装对象，请对所有的学长学姐都抱有警惕，尤其是那些主动献殷勤的。"]},{"tag":"p","text":["除非您长得很帅或者很漂亮并且在空间晒图且空间对所有人可见，否则不太可能有非本专业非老乡的学姐来主动加您聊天。请您务必警惕主动来加您的，因为一半以上都暗藏祸心。","直系和老乡的学长学姐没准会主动加您聊家常。如果话题仅在唠家常、学校生活范围内，您不必主动核实 TA 的身份。","一旦这些学长学姐拉您入群 (非学院、老乡群)、谈起他的“项目”、描述他的家境贫寒、向您推销课程、询问您要不要低价买他的教材和其他日用品。请务必不要害羞，要求让他发送自己的学生卡或学生证。必须要看到他学生卡学生证上的专业、学号和姓名 (照片挡上是正常的，毕竟大家都照得很丑)，确认身份之后再愉快的聊天。"],"style":"text-indent: 1.5em; "},{"tag":"text","type":"info","heading":"询问模板","text":["学长(姐)好，感谢学长(姐)的关心。因为涉及到金钱，我能要求看一下学长(姐)的学生卡或者学生证的正面照片吗? 谢谢学长(姐)。"]},{"tag":"ul","type":"warning","heading":"务必核实身份","text":["请不要担心您主动要身份证明对方会生气。大部分学长学姐都会配合您证明自己身份的。如果真的有学长学姐炸毛了，Mr.Hope 建议您减少跟他的交流，因为他们性格可能略微敏感，也不适合作为一个关系很熟的学长学姐相处。","每年仅 Mr.Hope 知道的本校新生被骗的金额就有三千至六千，大部分都是即使心有顾虑，也没好意思要求“热情”的“学长学姐”自证身份。另外请在校生务必理解这一点，每年的骗子真的会有很多，而且他们会跟您很像。","如果您在 Mr.Hope 的新生群被添加，专有的头衔如“20本物理”可以作为身份的证明，","如果只是卡的背面或者学生证封面的话，八成是从空间或者网上找来的，务必不要信。"]},{"tag":"text","type":"warning","heading":"警惕转专业的学长学姐","text":["网上大部分的骗子都会声称自己是 XX 专业的，刚转进来。请务必警惕，因为这样 TA 既可以不用叙述自己原来是什么专业，遇到自己所描述的专业，还可以以转专业刚转进来为由，合理的不认识伪装专业的其他正常校内学生。"]},{"tag":"title","text":"警惕任何群聊"},{"tag":"text","heading":"小型群聊","text":["人的从众心理是很强的，所以无比警惕任何拉您进入的小型群聊。","一个 30-50 人的群聊里，很有可能存在十个左右的“学长学姐”托和 10-20 个“新生”的托，利用学长学姐的相互证实来让您详细他们说的某个付费内容 (课程、商品等) 是非常好的，同时发动其他“新生”托报名，让群里真实的十多个新生不知不觉见盲从，完成骗局。"]},{"tag":"text","heading":"大型群聊","text":["每年都有一些别有用心的人建立新生群，仅提供一些全国通用的简单解答，而伺机推销被褥、生活用品、培训班等产品或进行其他广告推销，请警惕并小心这些群。","譬如“同学有品”团队，全国性的建立新群并在群内伺机推销自己的产品。相关群号 601197224。"]},{"tag":"title","text":"卖床上用品"},{"tag":"text","type":"info","heading":"相关背景","text":["由于被褥体积大、难以邮寄，而且家里需要留一套假期用，同时考虑到床铺尺寸等原因 (宽只有 1.5m)， 相当一部分新生需要购买全新的一套床上用品。而床上用品一套的价格可以是好几百，所以此处会有相当多的骗子。"]},{"tag":"text","text":["这些QQ号主要以卖被子为主，通常自称学长学姐、说有价格优惠的床上用品，一整套 400 - 600 元，开学送到寝室。","通常这些伪装成学长学姐的骗子会引导您添加微信并试图说服您付款，同时以最快的速度骗取多人。当被人发现后，他们立即退出该学校所有群聊，同时删除删除并拉黑您的微信和QQ，卷钱跑路。","还有一部分骗子采取更加隐蔽的手段，会半真半假的建立微信或QQ群并拉您和一定数量的其他新生入群，利用上文所讲的群聊带托的行为，可隐蔽的大量诈骗，临近开学才卷钱跑路。"]},{"tag":"text","type":"warning","heading":"是否有真学长学姐","text":["几乎没有，床上用品的盈利非常少，大部分学长学姐都可以通过家教等行为获得更高的付出投入比，基本不会有人卖床上用品。","尽管比例不多，但也会有相当数量的学长学姐空间默认可见，并且会晒出大量的个人信息，骗子在混入新生群之后如果用心很容易冒充他们，给您他们的照片甚至 P 过的学生卡学生证照片扮作李鬼。","即使是真的学长学姐，Mr.Hope 也友情提示您担忧一下床上用品质量，他们的盈利可能就来自这里。","在大部分情况下，通过网购(推荐淘宝)选择销量较高的产品反而能在同样价格下获得更好的产品。"]},{"tag":"title","text":"四六级、教师资格证、PS、PR、公务员的群"},{"tag":"text","text":["这种也是非常常见的套路，一般会引诱您加入微信或者QQ群，然后会在群里前期发免费的课让您试听。","之后和被褥的类似，群里会有其他“学长学姐”的托向您介绍某个或某些个付费的课程“非常棒”、“他在没有其他的准备听课之后多高分通过”，并让其他“学长学姐”的托附和，不知不觉让您和其他新生在他们新生托的打头下完成购买。","或者他们可能打悲情牌，说自己的家境不好或者是生活费不够用了，以自己的项目为由，给您打折诱骗您购买一些课程或者是一些所谓的破解版安装包 (其实网上直接能找到)。"]},{"tag":"title","text":"资料墙、新生墙"},{"tag":"text","text":["可以说，99.5% 以上的此类账号都不是什么好东西，主要分为两种。"]},{"tag":"text","heading":"装作官方","text":["这部分一般叫资料墙 (或官方资料墙)，会打着官方的口吻，向您免费分享一些其实烂大街的高数、大学物理、政治等“口诀”、“资料”。","当您失去戒心时，他们会假冒学校官方下发虚假通知，骗取您的金钱或是您的个人信息 (如手持身份证照片、QQ密码等) 来出卖或贷款。"]},{"tag":"text","heading":"广告","text":["这类一般叫新生墙，他们并不会直接给您分享全部的资料，而是强迫您病毒式地将他们的账号推广信息发送到空间或转发到群聊，以最大限度的快速扩充有效的新生好友。","之后他们再以上千元的价格把账号卖个其他骗推销床品、被褥等骗钱，或是相对来讲还有点良心，只是发一些他们可以抽取佣金的商品链接 (就像带货主播一样)。"]},{"tag":"title","text":"装惨卖惨类"},{"tag":"text","text":["此类骗子会在谎称是您学长学姐的同时，声称自己家庭贫困，会向您推销文具、土特产、茶叶等。","实际上它们的成本会很低。"]},{"tag":"text","type":"warning","text":["作为一个师范大学，学校的资助中心能够扶持到每一个贫困生。任何贫困生都可以向学校贷款获得学费和生活费，利息从离校就业后才开始计算。","同时，学校会给极度贫困的学生发放助学金，足够满足在校内进行基本的生活需要。","所以任何一个卖惨要您帮助的学长学姐都是骗子!"]},{"tag":"title","text":"其他"},{"tag":"text","text":["基于篇幅的限制，Mr.Hope 仅列举以上常见的主要诈骗行为，还有更多的骗局会把手伸向大家，请大家务必小心。"]}],"cite":[],"id":"guide/prepare/cheat"}