{"title":"党员组织关系接转","author":"Mr.Hope","time":"2022 年 7 月 29 日","shareable":true,"content":[{"tag":"text","type":"info","heading":"新生党员应在入学时及时办理党员组织关系接转。"},{"tag":"title","text":"党组织关系转接"},{"tag":"ul","text":["吉林省内党员组织关系转入，在全国党员管理信息系统中直接接收 (除金融机构和部分央企外) ，不要求有纸质“党员组织关系介绍信”","吉林省外党员组织关系转入，接收纸质“党员组织关系介绍信”，抬头为“中共东北师范大学委员会组织部”，接收单位为“东北师范大学 XX 学院 (部) ”。"]},{"tag":"text","type":"tip","heading":"省内学生","text":["各学院 (部) 转入的吉林省内学生党员，需明确所转入的具体党支部名称，请咨询学院 (部) 组织员老师，信息如下:"]},{"tag":"img","src":"https://mp.innenu.com/img/prepare/league-2022-post.png"},{"tag":"text","type":"note","text":["如有疑问，可向党委组织部来电咨询。"]},{"tag":"phone","header":"马老师","fName":"马","num":"0431-85099307"}],"cite":[],"id":"guide/prepare/league"}