{"title":"乒乓球馆、健美操俱乐部、室内篮球、排球馆","time":"2020 年 9 月 1 日","photo":["https://mp.innenu.com/img/scenery/benbu/sports/indoor1.jpg","https://mp.innenu.com/img/scenery/benbu/sports/indoor2.jpg","https://mp.innenu.com/img/scenery/benbu/sports/indoor3.jpg"],"id":"map/benbu/sports/indoor","author":"fy","cite":[],"content":[{"tag":"title","text":"乒乓球馆、健美操俱乐部、室内篮球、排球馆"},{"tag":"p","text":["四馆位于北苑食堂一楼半(一楼与二楼之间的高地)，不过这些场馆都需要花钱，但价格都不贵。"]}]}