{"title":"选课系统使用说明","author":"Mr.Hope","time":"2022 年 6 月 27 日","shareable":true,"content":[{"tag":"title","text":"东北师范大学选课系统使用说明"},{"tag":"ul","heading":"步骤一","text":["进入选课网站"]},{"tag":"action","header":"本科生","content":"http://xk.nenu.edu.cn/"},{"tag":"action","header":"研究生","content":"http://dsyjs.nenu.edu.cn/yjsxk/"},{"tag":"ul","text":["输入用户名和密码","点击【登录系统】按钮"]},{"tag":"img","src":"https://mp.innenu.com/img/select/login.png"},{"tag":"text","type":"info","heading":"选课系统登陆","path":"guide/select/system/login"},{"tag":"p","heading":"步骤二","text":["系统登录成功后，进入选课系统登录信息确认，确认无问题，点击右下方【进入选课】按钮，等待约 3 秒钟正式进入选课系统"],"style":"text-indent: 1.5em; "},{"tag":"img","src":"https://mp.innenu.com/img/select/info.png"},{"tag":"p","heading":"步骤三","text":["成功进入选课系统，选课界面分为 7 个区域"],"style":"text-indent: 1.5em; "},{"tag":"img","src":"https://mp.innenu.com/img/select/layout.jpg"},{"tag":"p","heading":"个人基本信息","text":["显示当前登陆账号的基本信息"],"style":"text-indent: 1.5em; "},{"tag":"p","heading":"课程自定义检索区","text":["课程检索区。选择条件，点击【查询】，检索自己期望的课程。"],"style":"text-indent: 1.5em; "},{"tag":"p","heading":"待选课程显示区","text":["默认显示的为当前学期，任务中的授课对象含有学生所在的年级及专业的课程；若是在区域 2(自定义检索区)输入条件后点击【查询】，则显示根据区域 2(自定义检索区)的查询条件检索出的课程。"],"style":"text-indent: 1.5em; "},{"tag":"p","heading":"个人学分统计区","text":["本学期选课情况；显示本学期的学分选择限制条件及已选学分，已修学分情况；显示学生入学以来修读的及格学分、不及格学分及正在修学分的统计情况(双击可查看具体课程信息)。"],"style":"text-indent: 1.5em; "},{"tag":"p","heading":"操作区","text":["点击区域 3(课程显示区)的课程，在该区域中进行选择，或是点击区域 6(个人课表区)中已选课程的信息，在此区域中退选。"],"style":"text-indent: 1.5em; "},{"tag":"p","heading":"个人课表显示区","text":["该区域显示所有您已经选择的课程。点击该区域的课程将在区域 5(操作区)显示，您可以在区域 5(操作区)退选或者改变志愿顺序。"],"style":"text-indent: 1.5em; "},{"tag":"p","heading":"公告信息及课程计划统计区","text":["显示选课相关信息及公告信息；点击右上角课程计划，显示当前学生所在专业在校期间所需修读的课程计划(仅供参考)。"],"style":"text-indent: 1.5em; "},{"tag":"title","text":"具体操作简介"},{"tag":"p","heading":"选课","style":"text-indent: 1.5em; "},{"tag":"img","src":"https://mp.innenu.com/img/select/select1.jpg","desc":"在区域 3(课程显示区)点击一门课程，可以看到当前学期开课的该课程所有开课通知单信息。"},{"tag":"img","src":"https://mp.innenu.com/img/select/select2.jpg","desc":"在区域 5(操作区)点击【选课】填写自己的志愿"},{"tag":"img","src":"https://mp.innenu.com/img/select/select3.jpg","desc":"在区域 5(操作区)点击【选课】填写自己的志愿"},{"tag":"img","src":"https://mp.innenu.com/img/select/select4.jpg","desc":"第二志愿选择后，课表显示如下图"},{"tag":"img","src":"https://mp.innenu.com/img/select/select5.jpg","desc":"第二志愿选择后，课表显示见图"},{"tag":"p","heading":"退选","style":"text-indent: 1.5em; "},{"tag":"img","src":"https://mp.innenu.com/img/select/refund1.jpg","desc":"在区域 6(个人课表区)选择要【退选】的课程信息，在区域 5(操作区)会显示相应的课程"},{"tag":"img","src":"https://mp.innenu.com/img/select/refund2.jpg","desc":"在区域 5(操作区)点击对应课程前的【退选】按钮"},{"tag":"img","src":"https://mp.innenu.com/img/select/refund3.jpg","desc":"在弹出的对话框中选择【退选】，点击【确定】即可"},{"tag":"img","src":"https://mp.innenu.com/img/select/refund4.jpg","desc":"退选后课表显示如图"}],"cite":[],"id":"guide/select/system/guide"}