{"title":"元晖支教团","author":"Mr.Hope","time":"2021年9月9日","shareable":true,"content":[{"tag":"title","text":"简介"},{"tag":"p","text":["元晖支教团由历史悠久，受众广泛的三个支教团组合而成，连续多年奔赴青海、甘肃、黑龙江、四川、河北、宁夏、广西等贫困地区进行暑期支教，累计总时长超过8500小时，志愿者人数800余人，受益学生近15000人。并将坚持去偏远贫困地区支教，为更多的学生带去希望的种子"],"style":"text-indent: 1.5em; "}],"images":[],"id":"guide/association/volunteer/yuanhui","scopeData":{"@type":"general","uniq_id":"guide/association/volunteer/yuanhui","title":"元晖支教团","digest":"元晖支教团由历史悠久，受众广泛的三个支教团组合而成，连续多年奔赴青海、甘肃、黑龙江、四川、河北、宁夏、广西等贫困地区进行暑期支教，累计总时长超过8500小时，志愿者人数800余人，受益学生近15000人。并将坚持去偏远贫困地区支教，为更多的","thumbs":["https://mp.innenu.com/img/inNENU.jpg"],"tags":["简介"]}}