{"title":"红丝带","author":"Mr.Hope","time":"2021年9月9日","shareable":true,"content":[["title",{"text":"简介"}],["p",{"text":["东北师范大学红丝带志愿者协会成立于2006年4月，开于2017年被正式任命为东北师范大学“校园禁毒宣传教育志愿服务队”。","我们的工作宗旨是:“禁毒防艾，消除歧视”。","我们的工作目标是:“让艾滋病和毒品远高校园”。"],"style":"text-indent: 1.5em; "}]],"cite":[],"id":"guide/association/volunteer/redribbon"}