{"title":"研究生服务办理","author":"Mr.Hope","time":"2022 年 6 月 27 日","grey":true,"shareable":true,"content":[{"tag":"list","header":"东师日常","items":[{"text":"障碍报修","icon":"repair","path":"guide/action/repair"},{"text":"班车激活","icon":"bus","path":"guide/action/bus"}]},{"tag":"list","header":"学习相关","items":[{"text":"本部图书馆学术沙龙座位预约","icon":"time","path":"guide/action/benbu-salon"},{"text":"毕业生图书馆离校手续办理","icon":"leave","path":"guide/action/library-leave"}]}],"cite":[],"id":"guide/action/post"}