{"title":"环境科学","desc":"来源: 2022 本科招生指南","time":"2022 年 7 月 14 日","cite":["https://book.eol.cn/books/cusm/mobile/index.html"],"shareable":true,"content":[{"tag":"title","text":"专业简介"},{"tag":"p","text":["本专业旨在面向环境保护和生态文明建设的国家战略需求，培养德智体美劳全面发展，具有高尚的职业道德，宽厚的环境科于及相大工国法力.能够在环境污染与控制创浩潜力的应用型人才或学术性人才。"]},{"tag":"title","text":"主干课程"},{"tag":"ul","text":["环境学","环境化学","环境仪器分析","环境监测","环境影响与评价","环境风险分析与管理","区域环境规划","环境管理学","综合实习"]},{"tag":"title","text":"学费价格"},{"tag":"text","text":["3850 元/年"]},{"tag":"title","text":"就业方向"},{"tag":"text","text":["毕业生可在科研院所、政府或企事业单位从事环境保护相关领域的研究开发、污染治理、环境监测、评价、规划、管理或环境教育与咨询等工作。"]}],"id":"intro/school/environment/science"}