{"title":"档案馆","grey":true,"author":"Mr.Hope","time":"2021年12月3日","shareable":true,"content":[{"tag":"account","name":"档案馆","logo":"https://mp.innenu.com/img/media/official.png","detail":"东北师范大学档案馆","wxid":"gh_6831c1b199d0","wxcode":"https://mp.innenu.com/img/media/archive-wechat.jpg","account":"archive","mail":"archives@nenu.edu.cn","site":"https://dag.nenu.edu.cn/"},{"tag":"list","content":[{"text":"档案馆介绍","icon":"intro","path":"intro/apt/archive/intro"},{"text":"联系方式","icon":"phone","path":"intro/apt/archive/contact"}]}],"id":"intro/apt/archive/index","scopeData":{"@type":"general","uniq_id":"intro/apt/archive/index","title":"档案馆","digest":"","thumbs":["https://mp.innenu.com/img/inNENU.jpg"],"tags":["档案馆"]}}