{"title":"报到","grey":true,"author":"Mr.Hope","time":"2022 年 7 月 23 日","shareable":true,"content":[{"tag":"list","header":"报到要求","items":[{"text":"新生报到需要满足的条件","icon":"alert","path":"guide/epidemic/requirement"},{"text":"专业所在校区","icon":"gate","path":"guide/check/locate"}]},{"tag":"list","header":"报到流程","items":[{"text":"报到时间地点","icon":"time","path":"guide/check/location-and-time"},{"text":"报到流程","icon":"flow","path":"guide/check/flow"},{"text":"缴费相关","icon":"money","path":"guide/check/pay"},{"text":"绿色通道","icon":"green-tunnel","path":"guide/check/green-tunnel"}]},{"tag":"list","header":"相关事务","items":[{"text":"使用校园卡","icon":"card","path":"guide/card/prepare"},{"text":"防盗防骗攻略","icon":"safe","path":"guide/check/guard"},{"text":"入学体检","icon":"medical-exam","path":"guide/check/medical-examination"},{"text":"党员组织关系接转","icon":"league","path":"guide/prepare/league"},{"text":"团员组织关系接转","icon":"league","path":"guide/prepare/group"},{"text":"户口迁移","icon":"more","path":"guide/check/hukou"},{"text":"保险","icon":"insurance","path":"guide/check/insurance/index"}]},{"tag":"list","header":"防盗防骗攻略","items":[{"text":"防盗防骗攻略","icon":"safe","path":"guide/check/guard"}]}],"cite":[],"id":"guide/check/index"}