{"title":"小贴士","author":"Mr.Hope","time":"2021年11月27日","grey":true,"shareable":true,"content":[{"tag":"text","type":"tip","text":["此页面内容仍在完善中..."]},{"tag":"list","header":"数码技巧","content":[{"text":"电脑相关","icon":"office","path":"guide/tip/pc/index"},{"text":"使用 IE Tab 访问学校系统","icon":"system","path":"guide/system/limit/ietab"}]},{"tag":"list","header":"生活常识","content":[{"text":"洗衣相关","icon":"washer","path":"guide/tip/washing/index"}]},{"tag":"list","header":"过冬贴士","content":[{"text":"冬季御寒衣物选择","icon":"life","path":"guide/tip/winter/cloth"},{"text":"保暖要领","icon":"idea","path":"guide/tip/winter/warm"}]},{"tag":"list","content":[{"text":"东北习俗","icon":"star","path":"guide/tip/custom/index"}]}],"id":"guide/tip/index","scopeData":{"@type":"general","uniq_id":"guide/tip/index","title":"小贴士","digest":"此页面内容仍在完善中...","thumbs":["https://mp.innenu.com/img/inNENU.jpg"],"tags":["小贴士"]}}