{"title":"汉语言文学(公费师范)专业介绍","desc":"来源: 2022 年本科招生指南","time":"2022 年 7 月 14 日","cite":["https://book.eol.cn/books/cusm/mobile/index.html"],"shareable":true,"content":[{"tag":"title","text":"专业简介"},{"tag":"p","text":["为公费师范方向，旨在培养教育家潜质型卓越语文教师，推动中国教师教育立足“高原”进取“高峰”，将四种核心素养作为人才培养的目标定位，即发现教师教育存量问题的洞察力、把握教育发展大势的前瞻力、富于智慧、魅力、方法和实效的领导力、解决现实问题和谋划未来进路的创新力。实行本硕一体化培养，学生本科毕业后，经考核符合要求者可直接攻读教育硕士专业学位研究生。"]},{"tag":"title","text":"培养方向"},{"tag":"p","text":["主要培养学生具备扎实的专业知识基础，主动担当的人文教育情怀，以及良好的师德修养与品格；具备一流基础教育师资队伍的教学能力与育人能力，具有与时俱进的学习能力与反思意识，具有全球化的开阔视野与现代化的教育理念。"]},{"tag":"title","text":"主干课程"},{"tag":"ul","text":["中国现代文学史","中国当代文学史","国学经典导读","中国古代文学史(上、中、下)","古代汉语(上、下)","现代汉语(上、下)","文学概论","外国文学史(上、下)","语言学概论","美学原理","文献学概论"]},{"tag":"title","text":"学费价格"},{"tag":"text","text":["无，国家公费培养"]},{"tag":"title","text":"就业方向"},{"tag":"text","text":["按国家师范生公费教育政策，从事基础教育工作。"]}],"id":"intro/school/chinese/normal"}