{"title":"中国现当代文学专业介绍","desc":"来源: 东北师范大学文学院官网","author":"Mr.Hope","time":"2021年8月15日","shareable":true,"content":[["title",{"text":"专业简介"}],["p",{"text":["中国现当代文学专业历史厚重，学术底蕴深厚，张毕来、蒋锡金、孙中田、何善周、思基、张泗洋、张芬、张钧、萧新茹、逄增玉、刘雨等一批在国内外学术界享有盛名的学者曾在此任教，在鲁迅研究、茅盾研究、区域文化与文学、新生代小说研究、中国现代文学的现代性、生命体验与文学创作等领域取得了丰硕的成果。","本专业1981 年获得硕士学位授予权，1986年获得博士学位授予权，设有中国语言文学博士后科研流动站。2010年被批准为省重点建设学科。目前，学科共有教师 11人，其中教授 6人，副教授4 人，讲师 1人。成员全部具有博士学位，学缘、年龄及梯队建设合理。","近五年，学科新增国家社科基金重点、一般项目4项；在《新华文摘》《当代作家评论》《文艺争鸣》《光明日报》《社会科学战线》《当代文坛》等重要期刊报纸发表论文数十篇，出版学术著作十余部。影视文学、海外汉学、生态文学、解放区文学、改革文学、新世纪文学、工业小说、儿童文学研究成为新的学术研究增长点。"],"style":"text-indent: 1.5em; "}]],"cite":[],"id":"intro/school/chinese/present-chinese"}