{"title":"保险介绍","author":"Mr.Hope","time":"2022 年 6 月 27 日","shareable":true,"content":[{"tag":"title","text":"保险内容"},{"tag":"text","text":["学校会组织学生统一办理“长春市城乡居民基本医疗保险”、“大学生医疗补充保险”(商业补充保险)，并为全体学生提供“大学生公费医疗”，以保障学生的健康成长需要。"]},{"tag":"text","type":"tip","heading":"建议办理医保的原因","text":["当代大学生伴随身体素质的下降，身体健康状况不容乐观，据教育部数据，大学生这一特殊群体中有 15%—35%存在不同程度身心健康问题","大学生体质健康指标近年来仅增长 0.2%，整体体质呈下降趋势。","在全国各高校，每年由亍体质问题等被迫退学的大学生数量在不断增加"]},{"tag":"title","text":"保费价格"},{"tag":"ul","text":["长春市城乡居民基本医疗保险 2022 年度为 230 元","大学生医疗补充保险为 65 元/年"]},{"tag":"ul","type":"note","heading":"保费上涨","text":["医疗费用每年以 10%的增长率逐年攀升","居民医保次均住院费用由 2012 年的 5698 元一路上涨到 2020 年的 7546 元，期间涨幅为 32.43%","医疗成本的快速上涨，商业医疗保险赔付的金额也在逐年上涨","大学生城乡居民基本医保由 40 元 (2017 年) 上调至 140 元 (2018 年) 上调至 200 元 (2019 年) 再上调至 230 元 (2021 年)"]},{"tag":"title","text":"相关详情"},{"tag":"text","type":"info","heading":"城乡居民基本医疗保险","path":"guide/check/insurance/base"},{"tag":"text","type":"info","heading":"大学生医疗补充保险","path":"guide/check/insurance/supplement"},{"tag":"text","type":"info","heading":"大学生公费医疗","path":"guide/check/insurance/public"}],"cite":[],"id":"guide/check/insurance/intro"}