{"title":"课程免修","author":"Mr.Hope","time":"2021年11月23日","shareable":true,"content":[["title",{"text":"相关政策"}],["ol",{"text":["先修课平均学分绩点 ≥ 2.5 的同学，可在每学期末提出申请免修某一门课程，经学院院长批准后，下学期初由学院统一安排免修考试。成绩≥75准予免修该门课程，给予学分。","符合缓考、免修条件并按规定的程序、时间已办理缓考、免修手续者，经学院审核批准后，根据课程形式由教务处或相关学院组织考试工作，该考试与本学期补考同时同卷进行，成绩如实记载。免修不再提供补考机会。"]}],["ol",{"type":"tip","heading":"Mr.Hope の 解释","text":["先修课是指在学习一门学科前，应该掌握的前提学科。","原则上，申请一门课程的免修需要这门课先修课 ≥ 2.5，而且原则上一学期只能免修一门。","实际操作时，很多课程没有明确的先修课，而且可以同时申请多门。"]}],["title",{"text":"执行流程"}],["img",{"src":"https://mp.innenu.com/img/action/exemption.jpg"}],["title",{"text":"课程免修申请"}],["list",{"header":false,"content":[{"text":"免修申请","icon":"exemption","path":"guide/system/under/index"}]}],["title",{"text":"英语免修"}],["list",{"header":false,"content":[{"text":"英语免修申请条件","icon":"plan","path":"guide/course/english/exemption"},{"text":"英语免修申请条件","icon":"exemption","path":"guide/system/under/exemption/english"}]}],["title",{"text":"计算机免修"}],["p",{"heading":"免修条件","text":["通过学校计算机水平考试或国家计算机等级考试(一级)的学生，可免修必修课程(大一上修的那门)","通过国家计算机等级考试(二级及以上)的学生，可免修选修课程(大一下修的那门)。"],"style":"text-indent: 1.5em; "}]],"cite":[],"id":"guide/study/exemption","images":["https://mp.innenu.com/img/action/exemption.jpg"]}