{"title":"监督电话","author":"Mr.Hope","time":"2021年12月3日","shareable":true,"content":[{"tag":"p","text":["本页面的电话均为后勤保障部的办公电话。如果同学们在生活中遇到问题，请先在小程序的对应页面通过联系方式联系商家。","如果和商家无法产生纠纷达成一致、或想对商家的行为进行投诉，请拨打下方电话。"],"style":"text-indent: 1.5em; "},{"tag":"title","text":"浴池、菜鸟驿站(本部)、北苑、南苑监督电话"},{"tag":"phone","fName":"本部监督电话","num":"0431-85099915","org":"东北师范大学"},{"tag":"title","text":"快递中心(净月)、一食堂、二食堂"},{"tag":"phone","num":"0431-84536098","fName":"净月监督电话","org":"东北师范大学"}],"id":"intro/apt/logistics/contact","scopeData":{"@type":"general","uniq_id":"intro/apt/logistics/contact","title":"监督电话","digest":"本页面的电话均为后勤保障部的办公电话。如果同学们在生活中遇到问题，请先在小程序的对应页面通过联系方式联系商家。 如果和商家无法产生纠纷达成一致、或想对商家的行为进行投诉，请拨打下方电话。","thumbs":["https://mp.innenu.com/img/inNENU.jpg"],"tags":["浴池、菜鸟驿站(本部)、北苑、南苑监督电话","快递中心(净月)、一食堂、二食堂"]}}