{"title":"中日联谊医院","author":"Mr.Hope","time":"2022 年 8 月 2 日","shareable":true,"content":[{"tag":"list","items":[{"text":"医院简介","icon":"about","path":"guide/life/hostpital/zhongri/intro"},{"text":"就诊流程","icon":"flow","path":"guide/life/hostpital/zhongri/flow"},{"text":"院内导航","icon":"map","path":"guide/life/hostpital/zhongri/navigate"},{"text":"医院联系方式","icon":"phone","path":"guide/life/hostpital/zhongri/contact"}]}],"cite":[],"id":"guide/life/hostpital/zhongri/index"}