{"title":"中日联谊医院院内导航","time":"2022 年 8 月 2 日","shareable":true,"cite":["http://www.zrlyyy.com/zhyy/yndh/"],"content":[{"tag":"title","text":"简介"},{"tag":"p","text":["智慧导航系统将院内挂号、收费、检查检验、药房和各科室、各类便民设施的具体位置“搬”到手机上，分楼层展示，支持搜索并自动规划路线。通过医院高清3D室内地图的三维视角向患者提供院区科室与设施实时导航以及位置分享等功能，构建了一个精细化、智能化的便民惠民导诊服务系统，所有的路线可以通过室内导航，一目了然，可以有效帮助来院就诊人员查找相关科室，解决了医院长期以来患者问路难的问题。"]},{"tag":"title","text":"使用方式"},{"tag":"text","text":["用户需打开蓝牙功能"]},{"tag":"img","src":"https://mp.innenu.com/img/life/hospital/zhongri-wechat.png","desc":"使用微信扫码并关注"},{"tag":"text","text":["进入微信公众号后，，进入医院地图，在几秒钟之内就能定位到您当前所处的实时位置。"]},{"tag":"img","src":"https://mp.innenu.com/img/life/hospital/zhongri-navigate1.png","desc":"点击屏幕右下方“更多-院内导航”"},{"tag":"img","src":"https://mp.innenu.com/img/life/hospital/zhongri-navigate2.png","desc":"点击图中搜索框，可直接点选相应设施或科室名称"},{"tag":"img","src":"https://mp.innenu.com/img/life/hospital/zhongri-navigate3.png","desc":"也可在搜索框手工/语音输入需要查询的地点。"},{"tag":"img","src":"https://mp.innenu.com/img/life/hospital/zhongri-navigate4.png","desc":"点击“去这里”按钮，系统将自动规划最佳路径，并提供走楼梯或电梯的选择。"},{"tag":"img","src":"https://mp.innenu.com/img/life/hospital/zhongri-navigate5.png","desc":"点击“开始导航”，跟随线路指引和语音提示，到达目的地。"},{"tag":"img","src":"https://mp.innenu.com/img/life/hospital/zhongri-navigate6.png","desc":"在导航的过程中，如果遇到跨楼层的线路指引，还会出现实景图片，这样让大家找起路来，更加方便了。"},{"tag":"title","text":"院内找“人”"},{"tag":"p","text":["院内导航系统自带“发送位置”和“共享位置”功能，通过微信分享的方式将自己的位置发给亲友，可以互相看见对方实时所在地，能够更方便快速的找到亲友。"]},{"tag":"img","src":"https://mp.innenu.com/img/life/hospital/zhongri-navigate7.png"}],"id":"guide/life/hostpital/zhongri/navigate"}