{"title":"东师小窝氛围","shareable":true,"content":[{"tag":"title","text":"团队氛围"},{"tag":"p","text":["小窝成员之间培养默契、促进感情离不开一年一度的小窝年会，小窝年会可以说是热闹、精彩、好吃好喝好玩一应俱全，年会的舞台让有特长的同学绽放光彩，让内向怯场的同学敢于突破；温馨的游戏环节让部门同学间更加熟悉，还能让同学们交到部门以外的朋友！小窝年会堆成小山水果零食让人感叹：好多吃的我好幸福！"],"style":"text-indent: 1.5em; "},{"tag":"img","src":"https://mp.innenu.com/img/organization/xiaowo-party1.jpg"},{"tag":"img","src":"https://mp.innenu.com/img/organization/xiaowo-party2.jpg"}],"images":["https://mp.innenu.com/img/organization/xiaowo-party1.jpg","https://mp.innenu.com/img/organization/xiaowo-party2.jpg"],"id":"guide/organization/dorm/env","scopeData":{"@type":"general","uniq_id":"guide/organization/dorm/env","cover":"https://mp.innenu.com/img/organization/xiaowo-party1.jpg","title":"东师小窝氛围","digest":"小窝成员之间培养默契、促进感情离不开一年一度的小窝年会，小窝年会可以说是热闹、精彩、好吃好喝好玩一应俱全，年会的舞台让有特长的同学绽放光彩，让内向怯场的同学敢于突破；温馨的游戏环节让部门同学间更加熟悉，还能让同学们交到部门以外的朋友！小窝年","thumbs":["https://mp.innenu.com/img/organization/xiaowo-party1.jpg","https://mp.innenu.com/img/organization/xiaowo-party2.jpg"],"tags":["团队氛围"]}}