{"title":"东师小窝","shareable":true,"content":[{"tag":"account","name":"东师小窝","logo":"https://mp.innenu.com/img/organization/xiaowo.png","detail":"东北师范大学学生宿舍自我管理委员会","desc":"东师小蜗牛们的温暖家园","qq":3544543750,"qqcode":"https://mp.innenu.com/img/media/xiaowo-qq.jpg","wxid":"Nenuxiaowo","wxcode":"https://mp.innenu.com/img/media/xiaowo-wechat.jpg","account":"xiaowo","path":"xiaowo","wx":"Nenuxiaowo","qqQRCode":"https://mp.innenu.com/img/media/xiaowo-qq.jpg","wxQRCode":"https://mp.innenu.com/img/media/xiaowo-wechat.jpg"},{"tag":"card","cover":"https://mp.innenu.com/img/media/join.png","logo":"https://mp.innenu.com/img/organization/xiaowo.png","name":"东师小窝","title":"我们在纳新","url":"page?id=/guide/organization/dorm/intake","type":"page","src":"https://mp.innenu.com/img/media/join.png"},{"tag":"title","text":"组织介绍"},{"tag":"p","text":["东师小窝“学名”为东北师范大学学生宿舍自我管理委员会，于2015年正式成立，跨越本部与净月两个校区，是在学生处指导下的一个校级组织，负责组织同学们在宿舍中进行自我教育、自我管理、自我服务。建立初衷是增强学生的宿舍安全意识、自我管理能力。虽然东师小窝成立时间最短，但随着小窝高度活跃，毅然成为学生不可或缺的组织之一。","东师小窝分两大部门: 宿管部与楼管部。宿管部是小窝的“大脑”，由办公室、策划部、安全部、新媒体部组成。楼管部是小窝的“心脏”，是最贴近学生生活的一个部门。从建成这几年起，通过一届届小窝人的接续奋斗，东师小窝不断成长，部门越来越完善。小窝现拥有QQ、微信两大宣传载体；稳定的供应商伙伴关系；顺畅的上达渠道……以此来保证小窝的高质量运营。","东师小窝作为黏合剂，保持高等院校与学生的紧密联系: 为学生谋求福利，将其需求转告于校方；此外，将学校战略细分实体化措施落到实处，多次负责活动收效斐然，甚至广受关注。","东师小窝不仅仅是一个有温度、有责任、有创意的组织，也是东师大学集体生活的建设者和守护者。东师小窝伴随每一位东师人从初来乍到，到茁壮成长，再到毕业离别。东师小窝代替东北师大传达对学生健康安全的关心和完善自身的期望。","此为东师小窝的官方微信公众号和QQ，欢迎大家的关注。"],"style":"text-indent: 1.5em; "},{"tag":"title","text":"小窝结构"},{"tag":"list","header":false,"content":[{"text":"查看小窝部门组成","icon":"apartment","path":"guide/organization/dorm/apartment"}]},{"tag":"title","text":"小窝精彩"},{"tag":"list","header":false,"content":[{"text":"查看小窝活动","icon":"activity","path":"guide/organization/dorm/activity"}]},{"tag":"title","text":"小窝情怀"},{"tag":"list","header":false,"content":[{"text":"查看小窝氛围","icon":"environment","path":"guide/organization/dorm/env"}]}],"images":[],"id":"guide/organization/dorm/index","scopeData":{"@type":"general","uniq_id":"guide/organization/dorm/index","title":"东师小窝","digest":"东师小窝“学名”为东北师范大学学生宿舍自我管理委员会，于2015年正式成立，跨越本部与净月两个校区，是在学生处指导下的一个校级组织，负责组织同学们在宿舍中进行自我教育、自我管理、自我服务。建立初衷是增强学生的宿舍安全意识、自我管理能力。虽然","thumbs":["https://mp.innenu.com/img/inNENU.jpg"],"tags":["组织介绍","小窝结构","小窝精彩","小窝情怀"]}}