{"title":"东师小窝纳新","shareable":true,"content":[{"tag":"text","text":["东师小窝不仅仅是一个组织，也是我们大学集体生活的建设者和守护者。这是一个有温度、有责任、有创意的组织，欢迎大家的加入。"]},{"tag":"title","text":"本部纳新"},{"tag":"img","src":"https://mp.innenu.com/img/organization/xiaowo-intake1.jpg"},{"tag":"img","src":"https://mp.innenu.com/img/organization/xiaowo-intake2.jpg"}],"images":["https://mp.innenu.com/img/organization/xiaowo-intake1.jpg","https://mp.innenu.com/img/organization/xiaowo-intake2.jpg"],"id":"guide/organization/dorm/intake","scopeData":{"@type":"general","uniq_id":"guide/organization/dorm/intake","cover":"https://mp.innenu.com/img/organization/xiaowo-intake1.jpg","title":"东师小窝纳新","digest":"东师小窝不仅仅是一个组织，也是我们大学集体生活的建设者和守护者。这是一个有温度、有责任、有创意的组织，欢迎大家的加入。","thumbs":["https://mp.innenu.com/img/organization/xiaowo-intake1.jpg","https://mp.innenu.com/img/organization/xiaowo-intake2.jpg"],"tags":["本部纳新"]}}