{"title":"大学英语水平测试","grey":true,"author":"Mr.Hope","time":"2021年11月21日","shareable":true,"content":[{"tag":"list","content":[{"text":"测试介绍","icon":"intro","path":"guide/exam/cet/intro"},{"text":"测试报名","icon":"apply","path":"guide/exam/cet/apply"},{"text":"考试内容与评分标准","icon":"contract","path":"guide/exam/cet/content"},{"text":"考试流程","icon":"flow","path":"guide/exam/cet/flow"},{"text":"分数查询与解释","icon":"score","path":"guide/exam/cet/score"},{"text":"常见问题","icon":"faq","path":"guide/exam/cet/faq"}]},{"tag":"list","content":[{"text":"2021年下半年考试时间","icon":"time","path":"guide/exam/cet/time"}]}],"id":"guide/exam/cet/index","scopeData":{"@type":"general","uniq_id":"guide/exam/cet/index","title":"大学英语水平测试","digest":"","thumbs":["https://mp.innenu.com/img/inNENU.jpg"],"tags":[]}}