{"title":"“播爱·蒲公英”协会","author":"Mr.Hope","time":"2021年9月9日","shareable":true,"content":[{"tag":"title","text":"简介"},{"tag":"p","text":["成立于2011年11月，以“小爱汇聚大爱、小我温暖大家、小点辐射大面\"为核心理念，开展了一系列学习帮扶、志愿服务等活动。"],"style":"text-indent: 1.5em; "}],"id":"guide/association/volunteer/dandelion","scopeData":{"@type":"general","uniq_id":"guide/association/volunteer/dandelion","title":"“播爱·蒲公英”协会","digest":"成立于2011年11月，以“小爱汇聚大爱、小我温暖大家、小点辐射大面\"为核心理念，开展了一系列学习帮扶、志愿服务等活动。","thumbs":["https://mp.innenu.com/img/inNENU.jpg"],"tags":["简介"]}}