{"title":"志远支教团","author":"Mr.Hope","time":"2021年9月9日","shareable":true,"content":[{"tag":"title","text":"简介"},{"tag":"p","text":["“志远”支教团由文学院指导，下设星星辽原、豫见明天、远方有你、蜀遇你、札木琴五个地方分团。号召学生学习冯志远老师胸怀祖国、献身教育的崇高品德，由学生自发组织，每年前往南北各地进行支教活动。"],"style":"text-indent: 1.5em; "}],"images":[],"id":"guide/association/volunteer/zhiyuan","scopeData":{"@type":"general","uniq_id":"guide/association/volunteer/zhiyuan","title":"志远支教团","digest":"“志远”支教团由文学院指导，下设星星辽原、豫见明天、远方有你、蜀遇你、札木琴五个地方分团。号召学生学习冯志远老师胸怀祖国、献身教育的崇高品德，由学生自发组织，每年前往南北各地进行支教活动。","thumbs":["https://mp.innenu.com/img/inNENU.jpg"],"tags":["简介"]}}