{"title":"选课流程","author":"Mr.Hope","time":"2021年8月15日","shareable":true,"content":[{"tag":"text","heading":"提示: 新生第一学期选课为注课，不用抢课"},{"tag":"img","src":"https://mp.innenu.com/img/course/register.png"}],"images":["https://mp.innenu.com/img/course/register.png"],"id":"guide/select/flow","scopeData":{"@type":"general","uniq_id":"guide/select/flow","cover":"https://mp.innenu.com/img/course/register.png","title":"选课流程","digest":"提示: 新生第一学期选课为注课，不用抢课 ","thumbs":["https://mp.innenu.com/img/course/register.png"],"tags":[]}}