{"title":"师范类专业认证解释","author":"Mr.Hope","time":"2022 年 7 月 11 日","shareable":true,"content":[{"tag":"text","type":"tip","text":["此页内容为 Mr.Hope 对《普通高等学校师范类专业认证实施办法 (暂行)》的相关解读。"]},{"tag":"text","heading":"什么是师范类专业认证? 为什么要认证?","text":["师范类专业认证是为了规范化全国师范专业的实力，对高校专业质量予以监督和保障，从多个维度通过认证分级来衡量高校的师范类专业教学质量。","师范类专业认证精确到每个高校的每个专业，实实在在的按专业衡量水平。"]},{"tag":"text","heading":"师范类专业认证共有几级? 有哪些别名?","text":["师范类专业认证共有三级，其中一级最低三级最高。","一级认证意味着满足了师范类专业办学的基本要求，所以又叫基础认证。","二级认证意味着通过了师范类专业办学质量合格标准，所以又叫合格认证。","三级认证意味着师范类办学质量卓越，所以又叫卓越认证。"]},{"tag":"text","heading":"不同等级的师范认证有哪些好处?","text":["通过二级师范认证的专业，可以在校内自行组织面试，无需参加中小学教师资格考试面试统考。也就是说只要参加笔试统考，在校内按要求完成课程与实习活动并通过校内的简单面试考核即可获得教师资格证。","通过三级师范认证的专业，可以在校内自行组织笔试和面试，无需参加中小学教师资格考试笔试和面试统考。也就是说只需要按照专业培养方案完成教师相关课程与实习，并在校内教师课程考试达标、同时通过校内面试考核，即可获得教师资格证。"]}],"cite":[],"id":"guide/normal/authorize/explain"}