{"title":"长春龙嘉机场简介","desc":"相关资料来自长春市龙嘉国际机场官网","author":"Mr.Hope","time":"2021年8月28日","shareable":true,"content":[{"tag":"p","text":["长春龙嘉国际机场(Changchun Longjia International Airport，IATA: CGQ，ICAO: ZYCC)，位于吉林省长春市九台区，距长春市中心约32公里，为4E级民用机场，是中国东北地区四大国际机场之一，东北亚航空枢纽门户，东北亚区域重要的航空交通枢纽，干线机场。","2005年8月，长春龙嘉国际机场投入使用，正式通航。此后，长春龙嘉国际机场陆续扩建。目前，机场有两座航站楼，总面积20.1万平方米，有60个机位，一条3200米的跑道。运营航线150条，通航城市73个。","2019年，机场旅客吞吐量1393.4969万人次，同比增长7.4%；货邮吞吐量88901.6吨，同比增长7.0%；飞机起降98816架次，同比增长6.5%；分别位居中国第30位、第31位、第37位。"],"style":"text-indent: 1.5em; "},{"tag":"title","text":"建设规模"},{"tag":"ul","heading":"T1航站楼","text":["总面积: 7.3万平方米","机位数量: 32个","设计容量: 1600万人次"]},{"tag":"ul","heading":"T2航站楼","text":["总面积: 12.8万平方米","机位数量: 28个","设计容量: 1600万人次"]},{"tag":"text","heading":"建设规划","text":["长春龙嘉国际机场三期设计规模为客运吞吐量3800万人次、货邮吞吐量27万吨。","长春龙嘉国际机场枢纽一期北区先行建设施工，并于2018年6月与机场T2航站楼同步投入使用。工程完工后，将适时进行枢纽一期南区建设，按照规划，一期南区将与地铁线、九台隧道同步建设，包括龙嘉高铁站东扩站房、地铁站、长途客运站、综合换乘大厅。按照规划，还将建设枢纽二期工程和T3航站楼，枢纽二期位于长吉高铁线与未来的T3航站楼之间，将来枢纽二期与T3航站楼同步建设。"]},{"tag":"title","text":"航线航点"},{"tag":"text","text":["长春龙嘉国际机场有中国南方航空一家基地航空公司，有运营航线150条，通航城市73个。"]}],"images":[],"id":"guide/traffic/plane/intro","scopeData":{"@type":"general","uniq_id":"guide/traffic/plane/intro","title":"长春龙嘉机场简介","digest":"长春龙嘉国际机场(Changchun Longjia International Airport，IATA: CGQ，ICAO: ZYCC)，位于吉林省长春市九台区，距长春市中心约32公里，为4E级民用机场，是中国东北地区四大国际机场之一，","thumbs":["https://mp.innenu.com/img/inNENU.jpg"],"tags":["建设规模","航线航点"]}}