{"title":"学院党委副书记通讯录","desc":"信息来源: 学生处官网","time":"2021年12月3日","shareable":true,"content":[["title",{"text":"教育学部"}],["phone",{"lName":"韩","fName":"东","num":"0431-85099547","title":"党委副书记兼副院长","org":"东北师范大学","street":"吉林省长春市人民大街5268号","postCode":"130024","mail":"handong@nenu.edu.cn"}],["title",{"text":"心理学院"}],["phone",{"lName":"郭","fName":"庆童","num":"0431-85098084","title":"党委副书记兼副院长","org":"东北师范大学","street":"吉林省长春市人民大街5268号","postCode":"130024","mail":"guoqt242@nenu.edu.cn"}],["title",{"text":"政法学院"}],["phone",{"lName":"李","fName":"红权","num":"0431-84536166","title":"党委副书记兼副院长","org":"东北师范大学","street":"吉林省长春市净月大街 2555 号","postCode":"130117","mail":"lihq146@nenu.edu.cn"}],["title",{"text":"经济与管理学院"}],["phone",{"lName":"赵","fName":"建立","num":"0431-84536096","title":"党委副书记兼副院长","org":"东北师范大学","street":"吉林省长春市净月大街 2555 号","postCode":"130117","mail":"zhaojl290@nenu.edu.cn"}],["title",{"text":"文学院"}],["phone",{"fName":"未知","num":"0431-85099364","title":"党委副书记兼副院长","org":"东北师范大学","street":"吉林省长春市人民大街5268号","postCode":"130024"}],["title",{"text":"历史文化学院"}],["phone",{"lName":"董","fName":"俊","num":"0431-85099092","title":"党委副书记兼副院长","org":"东北师范大学","street":"吉林省长春市人民大街5268号","postCode":"130024","mail":"dongj315@nenu.edu.cn"}],["title",{"text":"外国语学院"}],["phone",{"lName":"商","fName":"应美","num":"0431-85099727","title":"党委副书记兼副院长","org":"东北师范大学","street":"吉林省长春市人民大街5268号","postCode":"130024","mail":"shangym238@nenu.edu.cn"}],["title",{"text":"音乐学院"}],["phone",{"lName":"董","fName":"琰","num":"0431-84536269","title":"党委副书记","org":"东北师范大学","street":"吉林省长春市净月大街 2555 号","postCode":"130117","mail":"dongy211@nenu.edu.cn"}],["title",{"text":"美术学院"}],["phone",{"lName":"赵","fName":"雪","num":"0431-84536269","title":"党委副书记兼副院长","org":"东北师范大学","street":"吉林省长春市净月大街 2555 号","postCode":"130117","mail":"zhaox717@nenu.edu.cn"}],["title",{"text":"马克思主义学部"}],["phone",{"lName":"潘","fName":"宛莹","num":"0431-85099512","title":"党委副书记兼副院长","org":"东北师范大学","street":"吉林省长春市人民大街5268号","postCode":"130024","mail":"panwy650@nenu.edu.cn"}],["title",{"text":"数学与统计学院"}],["phone",{"lName":"任","fName":"丽涛","num":"0431-85099577","title":"党委副书记兼副院长","org":"东北师范大学","street":"吉林省长春市人民大街5268号","postCode":"130024","mail":"renlt124@nenu.edu.cn"}],["title",{"text":"信息科学与技术学院"}],["phone",{"lName":"滕","fName":"继波","num":"0431-84536227","title":"党委副书记兼副院长","org":"东北师范大学","street":"吉林省长春市净月大街 2555 号","postCode":"130117","mail":"tengjb030@nenu.edu.cn"}],["title",{"text":"物理学院"}],["phone",{"lName":"臧","fName":"丹","num":"0431-85099649","title":"党委副书记兼副院长","org":"东北师范大学","street":"吉林省长春市人民大街5268号","postCode":"130024","mail":"zangd764@nenu.edu.cn"}],["title",{"text":"化学学院"}],["phone",{"lName":"杨","fName":"雨龙","num":"0431-85099963","title":"党委副书记兼副院长","org":"东北师范大学","street":"吉林省长春市人民大街5268号","postCode":"130024","mail":"yangyl887@nenu.edu.cn"}],["title",{"text":"生命科学学院"}],["phone",{"lName":"刘","fName":"德赢","num":"0431-85099928","title":"党委副书记兼副院长","org":"东北师范大学","street":"吉林省长春市人民大街5268号","postCode":"130024","mail":"liudeying@nenu.edu.cn"}],["title",{"text":"地理科学学院"}],["phone",{"lName":"陈","fName":"静","num":"0431-85099216","title":"党委副书记兼副院长","org":"东北师范大学","street":"吉林省长春市人民大街5268号","postCode":"130024","mail":"chenjing@nenu.edu.cn"}],["title",{"text":"环境学院"}],["phone",{"lName":"赵","fName":"轩","num":"0431-89165618","title":"党委副书记兼副院长","org":"东北师范大学","street":"吉林省长春市人民大街5268号","postCode":"130024","mail":"zhaox703@nenu.edu.cn"}],["title",{"text":"体育学院"}],["phone",{"lName":"常","fName":"益","num":"0431-85099616","title":"党委副书记兼副院长","org":"东北师范大学","street":"吉林省长春市人民大街5268号","postCode":"130024","mail":"changy123@nenu.edu.cn"}],["title",{"text":"传媒科学学院"}],["phone",{"lName":"张","fName":"奎山","num":"0431-84536478","title":"党委副书记兼副院长","org":"东北师范大学","street":"吉林省长春市人民大街5268号","postCode":"130024","mail":"zhangks007@nenu.edu.cn"}],["title",{"text":"民族教育学院"}],["phone",{"lName":"马","fName":"荣华","num":"0431-84536306","title":"党委副书记兼副院长","org":"东北师范大学","street":"吉林省长春市净月大街 2555 号","postCode":"130117","mail":"mronghua@nenu.edu.cn"}],["title",{"text":"罗格斯大学纽瓦克学院"}],["phone",{"lName":"赵","fName":"玉宝","num":"0431-84536017","title":"党委副书记兼副院长","org":"东北师范大学","street":"吉林省长春市净月大街 2555 号","postCode":"130117","mail":"zhaoyb571@nenu.edu.cn"}],["title",{"text":"国际汉学院"}],["phone",{"lName":"刘","fName":"国军","num":"0431-85099525","title":"党委副书记兼副院长","org":"东北师范大学","street":"吉林省长春市人民大街5268号","postCode":"130024","mail":"85099525@nenu.edu.cn"}]],"cite":[],"id":"intro/apt/student/league-shuji"}