{"title":"本科生补考、免修","author":"Mr.Hope","time":"2021年11月23日","shareable":true,"cite":["http://my.nenu.edu.cn/hallIndex/showAppDetail?appid=c6b655a4f8d04021bdef15a2af69530d"],"content":[["title",{"text":"执行流程"}],["img",{"src":"https://mp.innenu.com/img/action/exemption.jpg"}],["title",{"text":"相关内容"}],["list",{"header":false,"content":[{"text":"本科免修申请","desc":"制作中","path":"guide/system/under/index"},{"text":"本科补考申请","desc":"制作中","path":"guide/system/under/index"}]}]],"id":"guide/action/under/exemption","images":["https://mp.innenu.com/img/action/exemption.jpg"]}