{"title":"本科补办学生证","author":"Mr.Hope","time":"2021年11月23日","shareable":true,"content":[["text",{"text":["请通过本科教学服务系统进行办理。"]}],["copy",{"header":"校内","text":"http://dsjx.nenu.edu.cn/ggxx/xj/xs_zjbl_list.jsp"}],["copy",{"header":"校外","text":"https://dsjx.webvpn.nenu.edu.cn/ggxx/xj/xs_zjbl_list.jsp"}],["title",{"text":"收费标准"}],["text",{"text":["学生证补办收取工本费15元；学生证更换需持旧证，收取工本费5元。"]}],["title",{"text":"执行流程"}],["img",{"src":"https://mp.innenu.com/img/action/get-student-id.jpg"}]],"cite":[],"id":"guide/action/under/student-id","images":["https://mp.innenu.com/img/action/get-student-id.jpg"]}