{"title":"疫情管理","grey":true,"author":"Mr.Hope","time":"2021年8月23日","shareable":true,"content":[{"tag":"text","type":"info","text":["如今，新冠疫情的全国大流行已经成为常态并将在未来很长一段时间内持续。学校也应对新冠疫情，制作并完善了现有的运行模式。"]},{"tag":"list","header":"返校相关","content":[{"text":"返校/报到需要满足的条件","icon":"alert","path":"guide/epidemic/requirement"},{"text":"长春疫情管控地区","icon":"ban","path":"guide/epidemic/changchun-restrict"},{"text":"疫情管理调整","icon":"virus","path":"guide/epidemic/manage"},{"text":"常见问题","icon":"faq","path":"guide/epidemic/faq"}]},{"tag":"list","header":"吉祥码","content":[{"text":"吉祥码简介","icon":"intro","path":"guide/epidemic/jixiang-code/intro"},{"text":"注册吉祥码","icon":"time","path":"guide/epidemic/jixiang-code/register"},{"text":"吉祥码常见问题","icon":"faq","path":"guide/epidemic/jixiang-code/faq"}]},{"tag":"list","header":"通信行程卡","content":[{"text":"通信行程卡介绍","icon":"intro","path":"guide/epidemic/history-visit/intro"},{"text":"通信行程卡常见问题","icon":"faq","path":"guide/epidemic/history-visit/faq"}]},{"tag":"list","header":"东师e起战疫","content":[{"text":"小程序介绍","icon":"intro","path":"guide/epidemic/miniprogram/intro"},{"text":"小程序登陆","icon":"account","path":"guide/epidemic/miniprogram/login"},{"text":"返校打卡","icon":"check","path":"guide/epidemic/miniprogram/return"},{"text":"返校码说明","icon":"intro","path":"guide/epidemic/miniprogram/return-code"}]}],"images":[],"id":"guide/epidemic/index","scopeData":{"@type":"general","uniq_id":"guide/epidemic/index","title":"疫情管理","digest":"如今，新冠疫情的全国大流行已经成为常态并将在未来很长一段时间内持续。学校也应对新冠疫情，制作并完善了现有的运行模式。","thumbs":["https://mp.innenu.com/img/inNENU.jpg"],"tags":[]}}