{"title":"校园邮箱","author":"Mr.Hope","time":"2021年8月15日","shareable":true,"content":[{"tag":"title","text":"登陆地址"},{"tag":"copy","text":"http://mail.nenu.edu.cn/"},{"tag":"list","header":"账号获取","content":[{"text":"统一身份认证","icon":"apply","path":"guide/account/authorize"}]},{"tag":"text","type":"tip","heading":"Mr.Hope の 提示","text":["为了您的安全，建议勾选 \"SSL 安全登录\" 与 \"全程 SSL\"。"]},{"tag":"img","src":"https://mp.innenu.com/img/account/email-login.jpg","desc":"邮箱登录页面"},{"tag":"img","src":"https://mp.innenu.com/img/account/email.jpg","desc":"网页版邮箱页面"}],"images":["https://mp.innenu.com/img/account/email-login.jpg","https://mp.innenu.com/img/account/email.jpg"],"id":"guide/account/mail","scopeData":{"@type":"general","uniq_id":"guide/account/mail","cover":"https://mp.innenu.com/img/account/email-login.jpg","title":"校园邮箱","digest":"Mr.Hope の 提示 为了您的安全，建议勾选 \"SSL 安全登录\" 与 \"全程 SSL\"。","thumbs":["https://mp.innenu.com/img/account/email-login.jpg","https://mp.innenu.com/img/account/email.jpg"],"tags":["登陆地址"]}}