{"title":"饮食相关类","author":"Mr.Hope","time":"2021年11月14日","shareable":true,"content":[{"tag":"text","type":"tip","text":["以下内容往年校内超市均有售"]},{"tag":"text","heading":"水杯","text":["寝室喝水用"]},{"tag":"text","heading":"水瓶","text":["上课喝水用"]},{"tag":"text","heading":"饭盒","text":["吃泡面、生病的时候打饭、吃廉价外卖的时候架着塑料袋的时候用。","目前大部份外卖和食堂档口都会给塑料盒或者桶，而且如果生活费富裕只是偶尔泡面的话，购买桶装也不是不可以，所以请自行考虑您是否需要。"]},{"tag":"text","heading":"筷子、勺子","text":["最好准备一个，在寝室叫外卖就别要餐具了。","虽然食堂大部分档口打包的时候都可以要一双一次性筷子，但环保要从小事做起。"]},{"tag":"text","heading":"洗洁精、钢丝球","text":["洗上面的三个"]},{"tag":"text","heading":"水果刀","text":["能削水果就行了，太吓人的不仅保卫处查寝会被没收，您可能还会被要求写情况说明与检讨，外加一份通报批评。"]},{"tag":"text","type":"info","text":["学校规定刃口不能大于 12cm。"]}],"cite":[],"id":"guide/necessity/food"}