{"title":"商务英语","desc":"来源: 2021 年本科招生指南","time":"2022 年 6 月 27 日","shareable":true,"content":[{"tag":"title","text":"专业简介"},{"tag":"p","text":["为普通类专业，旨在培养适应国家与地方经济社会发展，对外交流与合作的需要，具有扎实的英语语言基本功和相关商务专业知识，拥有良好的人文素养、中国情怀和国际视野，具备较强的跨文化交流能力、商务沟通能力和创新创业能力，能熟练使用英语从事跨境电子商务领域工作的国际化复合型人才。"],"style":"text-indent: 1.5em; "},{"tag":"title","text":"主干课程"},{"tag":"ul","text":["综合商务英语","跨文化商务交际导论","管理学","西方经济学","跨境电子商务"]},{"tag":"text","type":"info","text":["商务类课程为全英授课"]},{"tag":"title","text":"就业方向"},{"tag":"text","text":["企事业单位、政府机关等。"]}],"cite":[],"id":"intro/school/foreign/business"}