{"title":"长春西站-到净月","author":"Mr.Hope","time":"2022 年 6 月 30 日","shareable":true,"content":[{"tag":"title","text":"腾讯地图导航","env":["wx"]},{"tag":"functional-list","header":false,"items":[{"type":"navigator","text":"长春西站南 1 出口导航到净月","url":"plugin://routePlan/index?key=NLVBZ-PGJRQ-T7K5F-GQ54N-GIXDH-FCBC4&referer=东师青年+&startPoint={\"latitude\":43.877099,\"longitude\":125.201158,\"name\":\"长春西站南 1 出口\"}&endPoint={\"latitude\":43.828525,\"longitude\":125.43107,\"name\":\"净月校区\"}&mode=transit&themeColor=#2ecc71","openType":"navigate"},{"type":"navigator","text":"长春西站南 2 出口导航到净月","url":"plugin://routePlan/index?key=NLVBZ-PGJRQ-T7K5F-GQ54N-GIXDH-FCBC4&referer=东师青年+&startPoint={\"latitude\":43.876565,\"longitude\":125.200213,\"name\":\"长春西站南 2 出口\"}&endPoint={\"latitude\":43.828525,\"longitude\":125.43107,\"name\":\"净月校区\"}&mode=transit&themeColor=#2ecc71","openType":"navigate"}],"env":["wx"]},{"tag":"text","type":"note","text":["导航功能仅在微信小程序上提供"],"env":["qq"]},{"tag":"title","text":"到校方式"},{"tag":"text","text":["同学们主要有三种交通方式到达净月校区。"]},{"tag":"text","type":"tip","heading":"轨道交通换乘(推荐)","text":["轨道交通是最便捷最快的的方式。票价 5 元。"],"path":"guide/arrival/train-w-jingyue/railway"},{"tag":"text","type":"info","heading":"出租车","text":["如果您有太多的行李很难自行搬运，或您到达火车站已经是晚上，轨道交通已经停运，那么您也许需要打车。"],"path":"guide/arrival/train-w-jingyue/taxi"},{"tag":"text","type":"warning","heading":"公交转轻轨","text":["此选项仅为那些携带了无法通过地铁安检物品的人列出!"],"path":"guide/arrival/train-w-jingyue/bus"},{"tag":"title","text":"新生接待处"},{"tag":"text","text":["学校在长春站北出站口设置新生接待处，提供新生咨询服务。"]},{"tag":"text","type":"tip","text":["由于新冠疫情，学校不再安排大巴进行统一接送。新生同学需要自行选择并乘坐交通工具到达学校参与报到。"]}],"cite":[],"id":"guide/arrival/train-w-jingyue/index"}