{"title":"长春西站-到净月-打车","author":"Mr.Hope","time":"2021年12月2日","shareable":true,"content":[{"tag":"text","text":["如果您到达火车站已经是晚上，轨道交通已经停运，那么您也许需要打车。","在其他情况下，Mr.Hope 推荐您使用轨道交通。"]},{"tag":"list","header":false,"items":[{"text":"轨道交通","icon":"train","path":"guide/arrival/train-w-jingyue/railway"}]},{"tag":"text","type":"tip","text":["一般情况下，半夜是无法办理报到的，所以您可能要找一个酒店住一晚。酒店请您自行导航，这里不做额外介绍。"]},{"tag":"title","text":"流程"},{"tag":"ol","text":["出站并刷吉祥码和身份证完成核验","右侧掉头并前往出租车乘降中心","排队候车并上车","告知师傅到东北师范大学净月校区，在净月大街上的正门下车"]},{"tag":"list","header":false,"items":[{"text":"吉祥码注册与使用","icon":"register","path":"guide/epidemic/jixiang-code/index"}]},{"tag":"img","src":"https://mp.innenu.com/img/arrival/train-west-exit.jpg","desc":"长春西站出站口"},{"tag":"img","src":"https://mp.innenu.com/img/arrival/train-west-taxi-way.jpg","desc":"长春西站出租车乘降中心位置"},{"tag":"text","type":"tip","text":["由于疫情原因，您必须先出站，之后右转掉头往回走，才能到达出租车乘降中心，请特别注意。"]},{"tag":"img","src":"https://mp.innenu.com/img/arrival/train-west-taxi-entrance.jpg","desc":"长春西站出租车乘降中心入口"},{"tag":"text","type":"tip","text":["不可能有司机不知道东北师范大学净月校区。如果司机的确看起来不知道，建议您赶紧检查是不是黑车。"]},{"tag":"title","text":"价格与时间"},{"tag":"p","text":["从长春西站约 50 元，","平均用时应该在 50 分钟左右。"],"style":"text-indent: 1.5em; "},{"tag":"text","type":"tip","text":["在出租车乘降中心请排队等待上车。","请不要被乘降中心附近拉客拼车的人吸引! 队伍在非恶劣天气下会前进的很快，恶劣天气最多等待半个小时(因为这个时候打车来火车站的人也很多)，切勿不要听信在附近拉客的人的说辞。"]},{"tag":"list","header":false,"items":[{"text":"更多打车相关提示","icon":"taxi","path":"guide/arrival/taxi"}]}],"cite":[],"id":"guide/arrival/train-w-jingyue/taxi"}