{"title":"资助体系介绍","time":"2022 年 8 月 12 日","shareable":true,"id":"intro/subsidize/intro","author":"Mr.Hope","cite":[],"content":[{"tag":"title","text":"资助体系介绍"},{"tag":"text","text":["我校目前的资助政策体系包括『奖、贷、助、补、勤、减、免』七个方向。","我校“四维驱动”发展型资助工作模式主要包括『精准资助』、『信仰资助』、『素质资助』、『人文资助』"]},{"tag":"title","text":"资助体系详情"},{"tag":"ul","heading":"“奖”","text":["国家设立的国家奖学金、国家励志奖学金","学校设立的学校励志奖学金"]},{"tag":"list","header":false,"items":[{"text":"奖学金详情","icon":"scholarship","path":"intro/subsidize/scholarship"}]},{"tag":"list","header":"“贷”","items":[{"text":"国家助学贷款","icon":"charge","path":"intro/subsidize/loan/index"},{"text":"毕业生基层就业学费补偿","icon":"money","path":"intro/subsidize/reimburse"},{"text":"服兵役学生国家教育资助","icon":"military","path":"intro/subsidize/military/intro"}]},{"tag":"ul","heading":"“助”","text":["国家助学金","学校助学金","本科生助学金","社会捐助奖助学金"]},{"tag":"list","header":false,"items":[{"text":"助学金详情","icon":"heart","path":"intro/subsidize/help/intro"}]},{"tag":"ul","heading":"“补”","text":["临时困难补助:\n由学校出资设立，及时缓解学生因突发状况等导致的临时生活困难。原则上每生每次资助额度不超过 2000 元，具体金额将根据学生情况酌情审批。","个性化资助项目:\n学校设立暖心工程、励志工程、就业形象提升工程等多种个性化资助项目，为家庭经济困难学生成长成才助力赋能。"]},{"tag":"text","heading":"“勤”","text":["勤工助学是学校资助育人的主渠道、主阵地，是同学们获得资助的有效途径，也是做好大学期间能力储备和积累的有效平台。"]},{"tag":"list","header":false,"items":[{"text":"勤工助学详情","icon":"more","path":"intro/subsidize/work"}]},{"tag":"text","heading":"“减”","text":["学校对家庭经济特别困难的孤残学生、烈士子女、优抚家庭子女等，根据实际情况，提供相关证明材料，经查验合格后减免相应学费。"]},{"tag":"p","heading":"“免”","text":["从 2007 年秋季入学的新生起，国家在东北师范大学等六所教育部直属师范大学实行公费师范生教育，2020 年新增优师计划师范生教育。","公费教育师范生和优师计划师范生在校学习期间，免除学费、免缴住宿费，并补助生活费每月 600 元。每年发 10 个月，寒暑假 (2 月、8 月) 不发放。"]}]}