{"title":"奖学金资助","time":"2022 年 8 月 9 日","shareable":true,"id":"intro/subsidize/scholarship","author":"Mr.Hope","cite":[],"content":[{"tag":"text","type":"info","text":["奖学金资助主要分为国家设立的国家奖学金、国家励志奖学金和学校设立了的学校励志奖学金三部分。"]},{"tag":"title","text":"国家奖学金"},{"tag":"p","text":["奖励在校学生中特别优秀的学生（含第二学士学位），奖励标准为每生每年 8000 元。"]},{"tag":"text","type":"note","text":["同一学年内，获得国家奖学金的家庭经济困难学生可以同时申请并获得国家助学金，但不能同时获得国家励志奖学金。"]},{"tag":"title","text":"国家励志奖学金"},{"tag":"p","text":["奖励资助家庭经济困难学生中品学兼优的学生（含第二学士学位），即专门针对家庭经济困难学生的奖学金，奖励资助标准为每生每年 5000 元。"]},{"tag":"text","type":"note","text":["同一学年内，申请国家励志奖学金的学生可以同时申请并获得国家助学金，但不能同时获得国家奖学金。"]},{"tag":"title","text":"学校励志奖学金"},{"tag":"p","text":["由学校出资设立，奖励资助家庭经济困难学生中品学兼优的学生，奖励资助标准为每生 1000 — 3000 元。"]},{"tag":"text","type":"note","text":["同一学年内，获得国家励志奖学金的一般资助对象，不能同时获得学校励志奖学金。"]}]}