{"title":"净月打印复印","author":"Mr.Hope","time":"2021年9月9日","shareable":true,"content":[{"tag":"title","text":"校内位置"},{"tag":"text","text":["二食堂超市对面师大图文复印店"]},{"tag":"img","src":"https://mp.innenu.com/img/shop/jingyue-copy.jpg","desc":"师大图文复印店，可以复印和打印"},{"tag":"title","text":"校外位置"},{"tag":"text","text":["暂无信息"]}],"images":["https://mp.innenu.com/img/shop/jingyue-copy.jpg"],"id":"guide/life/print/jingyue","scopeData":{"@type":"general","uniq_id":"guide/life/print/jingyue","cover":"https://mp.innenu.com/img/shop/jingyue-copy.jpg","title":"净月打印复印","digest":"二食堂超市对面师大图文复印店暂无信息","thumbs":["https://mp.innenu.com/img/shop/jingyue-copy.jpg"],"tags":["校内位置","校外位置"]}}