{"title":"校外访问知网","author":"Mr.Hope","time":"2022 年 6 月 27 日","shareable":true,"outdated":true,"content":[{"tag":"title","text":"访问入口"},{"tag":"action","content":"https://fsso.cnki.net/"},{"tag":"p","heading":"登陆地址","text":["使用非校园 IP 地址打开浏览器，输入入口网址，在页面上的 “选择高校／机构” 下拉框中选 择“东北师范大学”，点击 “前往”。"]},{"tag":"img","src":"https://mp.innenu.com/img/account/cnki1.jpg"},{"tag":"ul","text":["跳转至 “东北师范大学” 身份验证界面","输入用户名和密码，用户名为学号，密码为校园邮箱密码"]},{"tag":"img","src":"https://mp.innenu.com/img/account/cnki2.jpg"},{"tag":"ul","text":["选择“不要再询问我” 并点击 “同意”。","通过验证，就可以顺利访问图书馆订购的 CNKI 数据库的学术资源了!"]},{"tag":"img","src":"https://mp.innenu.com/img/account/cnki3.jpg"}],"cite":[],"id":"guide/network/CNKI"}