{"title":"校园网计费","author":"Mr.Hope","time":"2022 年 6 月 27 日","shareable":true,"content":[{"tag":"title","text":"校园网价格"},{"tag":"text","text":["校园网为 20 元包月预付费制，满足开通条件即会自动开通"]},{"tag":"ul","type":"tip","heading":"Mr.Hope の 解释","text":["预付费制即先交款后使用，需要一次性充值 20 元以上才可以正常使用。","每个周期(30 天)会自动从您的网费账号中扣除 ￥20，如果在下一个计费周期开始时您的余额不足 20 元，则停止计费。","当您充值后金额达到 ￥20 后，立即扣费并开始下一个周期。"]}],"cite":[],"id":"guide/network/fee"}