{"title":"数院明日乡支教团","time":"2022 年 6 月 27 日","shareable":true,"id":"guide/association/volunteer/mingri","author":"Mr.Hope","cite":[],"content":[{"tag":"title","text":"简介"},{"tag":"p","text":["“明日乡”成立于 2008 年汶川地震之际，是由东北师范大学学生自发组织的服务地震灾区以及西南贫困地区的公益支教团，连续十年组织志愿者进行以支教为主、主题交流为辅的暑期夏令营活动。","十二年间，明日乡服务 21 所学校，陪伴 3500 余名儿童的成长，志愿者人数达 1080 余人，服务时数累计超过 112800 小时。"]}]}