{"title":"本科 2020 年招生专业","author":"Mr.Hope","time":"2021年11月21日","shareable":true,"content":[{"tag":"p","text":["为了解决新生同学们不知道自己的专业属于哪个学院哪个校区的问题，Mr.Hope 现收集各学院专业招生信息，整理如下:"],"style":"text-indent: 1.5em; "},{"tag":"title","text":"本部各学院与其招生专业"},{"tag":"ul","heading":"教育学部","text":["小学教育(公费师范): ￥0/年","学前教育(公费师范): ￥0/年","教育学类(学前教育,小学教育,教育学): ￥3850/年"]},{"tag":"ul","heading":"心理学院","text":["心理学(公费师范): ￥0/年","心理学: ￥3850/年"]},{"tag":"ul","heading":"文学院","text":["汉语言文学(公费师范): ￥0/年","汉语言文学: ￥3850/年"]},{"tag":"ul","heading":"历史文化学院","text":["历史学(公费师范): ￥0/年","历史学: ￥3850/年"]},{"tag":"ul","heading":"外国语学院","text":["英语(公费师范): ￥0/年","英语: ￥5060/年"]},{"tag":"ul","heading":"马克思主义学部","text":["马克思主义理论类(思想政治教育,哲学,社会学): ￥3850/年"]},{"tag":"ul","heading":"数学与统计学院","text":["数学与应用数学(公费师范): ￥0/年","数学类: ￥3850/年"]},{"tag":"ul","heading":"物理学院","text":["物理学(公费师范): ￥0/年","物理学类: ￥3850/年"]},{"tag":"ul","heading":"化学学院","text":["化学(公费师范): ￥0/年","化学: ￥3850/年"]},{"tag":"ul","heading":"生命科学学院","text":["生物科学(公费师范): ￥0/年","生物科学类: ￥3850/年"]},{"tag":"ul","heading":"地理科学学院","text":["地理科学(公费师范): ￥0/年","地理科学类(地理科学,人文地理与城乡规划,地理信息科学): ￥3850/年"]},{"tag":"ul","heading":"体育学院","text":["体育教育(公费师范): ￥0/年","体育教育: ￥4620/年","运动训练: ￥9000/年","武术与民族传统体育: ￥9000/年"]},{"tag":"list","header":false,"content":[{"text":"本部校区校门介绍","icon":"gate","path":"guide/check/benbu"},{"text":"本部校区寝室介绍","icon":"dorm","path":"guide/dorm/locate/benbu"}]},{"tag":"title","text":"净月各学院与其招生专业"},{"tag":"ul","heading":"政法学院","text":["思想政治教育(公费师范): ￥0/年","政治学类: ￥3850/年"]},{"tag":"ul","heading":"经济与管理学院","text":["经济学类: ￥3850/年","会计学(中外合作办学): ￥28000/年"]},{"tag":"ul","heading":"外国语学院","text":["日语: ￥3850/年","俄语: ￥3850/年","商务英语: ￥5060/年"]},{"tag":"ul","heading":"音乐学院","text":["音乐学(声乐): ￥12000/年","音乐学(声乐,师范): ￥12000/年","音乐学(钢琴): ￥12000/年","音乐学(钢琴,师范): ￥12000/年","音乐学(器乐): ￥12000/年","舞蹈编导: ￥12000/年"]},{"tag":"ul","heading":"美术学院","text":["美术学(师范): ￥12000/年","美术学(非师范): ￥12000/年","设计学类: ￥12000/年","雕塑: ￥12000/年"]},{"tag":"ul","heading":"信息科学与技术学院","text":["教育技术学(公费师范): ￥0/年","教育技术学: ￥3850/年","计算机科学与技术: ￥5060/年","图书馆学: ￥3850/年","智能科学与技术: ￥5060/年","计算机科学与技术(中外合作办学): ￥19000/年"]},{"tag":"ul","heading":"环境学院","text":["环境科学与工程类: ￥3850/年"]},{"tag":"ul","heading":"传媒学院","text":["新闻传播学类: ￥6600/年","数字媒体技术: ￥5060/年","广播电视编导: ￥12000/年","播音与主持艺术: ￥12000/年"]},{"tag":"list","header":false,"content":[{"text":"净月校区校门介绍","icon":"gate","path":"guide/check/jingyue"},{"text":"净月校区寝室介绍","icon":"dorm","path":"guide/dorm/locate/jingyue"}]}],"id":"intro/enroll/under/major/2020","scopeData":{"@type":"general","uniq_id":"intro/enroll/under/major/2020","title":"本科 2020 年招生专业","digest":"为了解决新生同学们不知道自己的专业属于哪个学院哪个校区的问题，Mr.Hope 现收集各学院专业招生信息，整理如下:教育学部 小学教育(公费师范): ￥0/年 学前教育(公费师范): ￥0/年 教育学类(学前教育,小学教育,教育学): ￥38","thumbs":["https://mp.innenu.com/img/inNENU.jpg"],"tags":["本部各学院与其招生专业","净月各学院与其招生专业"]}}