{"title":"教务处创新实验区建设办公室人员信息","author":"Mr.Hope","time":"2021年8月15日","shareable":true,"content":[{"tag":"title","text":"主任"},{"tag":"ul","heading":"张拓","text":["办公地点: 校本部综合行政楼226","办公电话: 0431-85098325","电子信箱: zhangt492@nenu.edu.cn","工作职责: 负责师范生教育实践工作，非师范生专业实践工作"]},{"tag":"title","text":"职员"},{"tag":"ul","heading":"张志伟","text":["办公地点: 校本部综合行政楼226","办公电话: 0431-85098325","电子信箱: zhangzw257@nenu.edu.cn","工作职责: 协助管理非师范生专业实践工作"]},{"tag":"ul","heading":"侯瑞","text":["办公地点: 校本部综合行政楼226","办公电话: 0431-85098325","电子信箱: hour023@nenu.edu.cn","工作职责: 协助管理师范生教育实践工作。负责师范生应用实践工作。负责大学生创新创业工作"]},{"tag":"ul","heading":"韩斯文","text":["办公地点: 校本部综合行政楼226","办公电话: 0431-85098325","电子信箱: hansw144@nenu.edu.cn","工作职责: 负责师范生基础实践工作、协助管理非师范生专业实践教学工作、协助管理实践教学平台建设工作"]}],"id":"intro/apartment/course/info/innovate","scopeData":{"@type":"general","uniq_id":"intro/apartment/course/info/innovate","title":"教务处创新实验区建设办公室人员信息","digest":"张拓 办公地点: 校本部综合行政楼226 办公电话: 0431-85098325 电子信箱: zhangt492@nenu.edu.cn 工作职责: 负责师范生教育实践工作，非师范生专业实践工作张志伟 办公地点: 校本部综合行政楼226 办","thumbs":["https://mp.innenu.com/img/inNENU.jpg"],"tags":["主任","职员"]}}