{"title":"洗浴充值","author":"Mr.Hope","time":"2021年8月31日","shareable":true,"content":[{"tag":"title","text":"充值简介"},{"tag":"text","text":["浴池的服务是由学校委托第三方提供的，所以浴池有自己的小钱包👛，❌不支持一卡通。","您需要自己充值到浴池钱包👛，才能正常使用洗浴服务。"]},{"tag":"text","heading":"具体操作","text":["充值的地点在微信公众号“台州博诚”，您需要在微信搜索并关注该公众号。"]},{"tag":"img","src":"https://mp.innenu.com/img/bath/account.jpg","desc":"公众号"},{"tag":"title","text":"钱包充值"},{"tag":"text","text":["点击公众号内“钱包充值”菜单并选择自己的校区"]},{"tag":"img","src":"https://mp.innenu.com/img/bath/charge-menu.jpg","desc":"充值菜单"},{"tag":"text","text":["之后输入自己充值的金额 (不能低于￥20) 并支付"]},{"tag":"text","type":"tip","text":["首次点击时请按照要求进行微信登陆"]},{"tag":"img","src":"https://mp.innenu.com/img/bath/charge-pay.jpg","desc":"充值页面"},{"tag":"title","text":"钱包金额查看"},{"tag":"img","src":"https://mp.innenu.com/img/bath/personal-center.jpg","desc":"点击个人中心"},{"tag":"img","src":"https://mp.innenu.com/img/bath/wallet.png","desc":"个人中心页面会显示钱包余额"},{"tag":"title","text":"钱包金额提现"},{"tag":"text","text":["仍然点击公众号内“钱包充值”菜单并选择自己的校区，但这次点击充值页面的“提现”按钮"]},{"tag":"img","src":"https://mp.innenu.com/img/bath/charge-pay.jpg","desc":"充值页面"},{"tag":"text","text":["点击提现即可对钱包金额进行提现，显示提现成功字样后请等待提现申请通过系统审批。"]},{"tag":"img","src":"https://mp.innenu.com/img/bath/return.jpg","desc":"提现页面"},{"tag":"img","src":"https://mp.innenu.com/img/bath/return-success.jpg","desc":"发起提现成功提示"},{"tag":"img","src":"https://mp.innenu.com/img/bath/return-wait.jpg","desc":"此时只是发起提现申请，提现未成功需要等候通知"},{"tag":"text","type":"tip","text":["满一元提现是微信的要求。","另外克扣是由于微信在充值时会收取 0.06% 的渠道费，不是服务商昧下了"]},{"tag":"text","text":["24小时候，微信会通知提现成功并自动将退款退回微信余额。"]}],"images":["https://mp.innenu.com/img/bath/account.jpg","https://mp.innenu.com/img/bath/charge-menu.jpg","https://mp.innenu.com/img/bath/charge-pay.jpg","https://mp.innenu.com/img/bath/personal-center.jpg","https://mp.innenu.com/img/bath/wallet.png","https://mp.innenu.com/img/bath/charge-pay.jpg","https://mp.innenu.com/img/bath/return.jpg","https://mp.innenu.com/img/bath/return-success.jpg","https://mp.innenu.com/img/bath/return-wait.jpg"],"id":"guide/bath/charge","scopeData":{"@type":"general","uniq_id":"guide/bath/charge","cover":"https://mp.innenu.com/img/bath/account.jpg","title":"洗浴充值","digest":"浴池的服务是由学校委托第三方提供的，所以浴池有自己的小钱包👛，❌不支持一卡通。 您需要自己充值到浴池钱包👛，才能正常使用洗浴服务。具体操作 充值的地点在微信公众号“台州博诚”，您需要在微信搜索并关注该公众号。点击公众号内“钱包充值”菜单","thumbs":["https://mp.innenu.com/img/bath/account.jpg","https://mp.innenu.com/img/bath/charge-menu.jpg","https://mp.innenu.com/img/bath/charge-pay.jpg","https://mp.innenu.com/img/bath/personal-center.jpg","https://mp.innenu.com/img/bath/wallet.png","https://mp.innenu.com/img/bath/charge-pay.jpg","https://mp.innenu.com/img/bath/return.jpg","https://mp.innenu.com/img/bath/return-success.jpg","https://mp.innenu.com/img/bath/return-wait.jpg"],"tags":["充值简介","钱包充值","钱包金额查看","钱包金额提现"]}}