{"title":"吉祥码","author":"Mr.Hope","time":"2022 年 6 月 27 日","grey":true,"shareable":true,"cite":["http://jl.gov.cn/jxm/"],"content":[{"tag":"card","title":"吉祥码","desc":"快速打开吉祥码","logo":"https://mp.innenu.com/img/epidemic/jixiang-code-icon.png","name":"吉事办","options":{"appId":"wx5f0c843a23b032cc","path":"package1/pages/qrcode/index"}},{"tag":"list","items":[{"text":"吉祥码简介","icon":"intro","path":"guide/epidemic/jixiang-code/intro"},{"text":"注册吉祥码","icon":"register","path":"guide/epidemic/jixiang-code/register"},{"text":"吉祥码常见问题","icon":"faq","path":"guide/epidemic/jixiang-code/faq"}]},{"tag":"text","heading":"自助扫码","text":["目前长春各地点已经基本安放了扫码机器。","人员需要自行在机器上完成扫码。"]},{"tag":"img","src":"https://mp.innenu.com/img/arrival/jixiang-code-scan.jpg","desc":"自助扫码机"}],"id":"guide/epidemic/jixiang-code/index"}