{"title":"东北习俗","author":"Mr.Hope、倾澜","time":"2021年11月28日","grey":true,"shareable":true,"content":[{"tag":"text","type":"tip","text":["此页面内容仍在完善中..."]},{"tag":"list","content":[{"text":"过年","path":"guide/tip/custom/year"},{"text":"冰雪文化","path":"guide/tip/custom/snow"}]}],"id":"guide/tip/custom/index","scopeData":{"@type":"general","uniq_id":"guide/tip/custom/index","title":"东北习俗","digest":"此页面内容仍在完善中...","thumbs":["https://mp.innenu.com/img/inNENU.jpg"],"tags":["东北习俗"]}}