{"title":"证件材料类","time":"2022 年 8 月 1 日","shareable":true,"id":"guide/necessity/material","author":"Mr.Hope","cite":[],"content":[{"tag":"title","text":"一定不要忘记这些物品"},{"tag":"text","type":"info","heading":"录取通知书","text":["报到时证明身份。","虽然忘带了也不要紧，但是会非常麻烦 (核验身份证，院长签字等)，而且您大概是不想一开学这么被导员深刻地记住的"]},{"tag":"text","type":"info","heading":"身份证及正反两面复印件","text":["无需太多，如果不够用也可以到学校的打印店打印"]},{"tag":"text","type":"info","heading":"党团组织关系材料","text":["省外党员需要有介绍信 (团员和省内党员无需介绍信)","团员证或党员证"]},{"tag":"text","type":"info","heading":"档案材料","text":["就是高中母校交给同学们的装在牛皮档案里的材料","一般为个人档案，个人档案数据电子化的省份可能只有团籍档案"]},{"tag":"text","type":"info","heading":"一寸、小二寸、二寸照片若干张","text":["报到时就需要交给学院、宿管阿姨，所以请务必提前准备好。","以后陆续也要用。白底蓝底红底都需要，以备不时之需。","必备: 一寸照片 6 张、二寸照片 2 张(要求近期、正面、免冠、半身)。","另外，拍的证件照要留好电子版。一方面如果以后照片不够的话可以再印，另一方面很多考试报名是需要上传电子证件照。","学校有照相馆，若忘带带照片，可以到学校现拍。"]},{"tag":"text","type":"tip","heading":"照片底色","text":["党团相关一般使用红底","其他材料如个人简历等一般使用蓝底或白底。","大学英语四六级报名要求蓝底电子照。","寝室人员管理记录这种材料的照片贴什么底色都行。"]},{"tag":"text","type":"info","heading":"若干现金"},{"tag":"ul","type":"info","heading":"特殊考生","text":["艺术类考生需带《东北师范大学艺术类专业考试合格证》(如果有)","公费师范生需带“本人或本人及其监护人签字的公费师范生协议书一式四份”","优师专项生需带“本人或本人及其监护人签字的优师专项协议书一式五份”"]}]}