{"title":"洗护用品类","author":"Mr.Hope","time":"2022 年 7 月 30 日","shareable":true,"content":[{"tag":"text","type":"tip","text":["标记 “*” 的意味着往年校内超市有售"]},{"tag":"title","text":"推荐在学校超市直接购买的"},{"tag":"ul","text":["牙刷*","牙膏*","漱口杯*","洗面奶*","沐浴球*","搓澡巾(南方的同学们可以尝试一下)*","洗发水*","沐浴露*","洗衣粉 / 洗衣液*","鞋刷*","盆子*(两个，大盆洗外服，小盆洗脚、内衣内裤和袜子)","暖壶*","香皂 / 香皂盒*","肥皂 / 肥皂盒*","刷子*","毛巾*"]},{"tag":"title","text":"建议自行购买的"},{"tag":"ul","text":["剃须刀","护肤品","护手霜"]},{"tag":"title","text":"医药卫生用品类"},{"tag":"ul","heading":"推荐在学校超市直接购买的","text":["纸卷*","纸巾*","纸巾筒*","感冒药*","肠胃药*","湿巾*","创可贴*","卫生巾(男生就不要备这个了)*","花露水*","风油精*","清凉油*"]},{"tag":"ul","heading":"建议自行购买的","text":["防晒霜","其他常用药","小型家用药箱"]},{"tag":"text","type":"tip","text":["校医院药品是通过“大学生公费医疗”报销的，所以在新生学籍注册前，在校医院需要全额消费。"]}],"cite":[],"id":"guide/necessity/washing"}