{"title":"专业介绍","grey":true,"time":"2022 年 6 月 27 日","shareable":true,"id":"intro/school/major","author":"Mr.Hope","cite":[],"content":[{"tag":"grid","items":[{"text":"教育学部","color":"blue","name":"Education","icon":"education","path":"intro/school/education/enroll"},{"text":"心理学院","color":"orange","name":"Psychology","icon":"psychology","path":"intro/school/psychology/enroll"},{"text":"政法学院","color":"red","name":"Politics","icon":"politics","path":"intro/school/politics/enroll"},{"text":"经济与管理学院","color":"purple","name":"Economy","icon":"economy","path":"intro/school/economy/enroll"},{"text":"文学院","color":"cyan","name":"Chinese","icon":"chinese","path":"intro/school/chinese/enroll"},{"text":"历史文化学院","color":"olive","name":"History","icon":"history","path":"intro/school/history/enroll"},{"text":"外国语学院","color":"mauve","name":"Foreign","icon":"foreign","path":"intro/school/foreign/enroll"},{"text":"音乐学院","color":"blue","name":"Music","icon":"music","path":"intro/school/music/enroll"},{"text":"美术学院","color":"orange","name":"Art","icon":"art","path":"intro/school/art/enroll"},{"text":"马克思主义学部","color":"red","name":"Marx","icon":"marx","path":"intro/school/marx/enroll"},{"text":"数学与统计学院","color":"purple","name":"Math","icon":"math","path":"intro/school/math/enroll"},{"text":"信息科学与技术学院","color":"cyan","name":"Politic","icon":"ist","path":"intro/school/ist/enroll"},{"text":"物理学院","color":"olive","name":"Physics","icon":"physics","path":"intro/school/physics/enroll"},{"text":"化学学院","color":"mauve","name":"Chemistry","icon":"chemistry","path":"intro/school/chemistry/enroll"},{"text":"生命科学学院","color":"blue","name":"Biology","icon":"biology","path":"intro/school/biology/enroll"},{"text":"地理科学学院","color":"orange","name":"Geography","icon":"geography","path":"intro/school/geography/enroll"},{"text":"环境学院","color":"red","name":"Env","icon":"environment","path":"intro/school/environment/enroll"},{"text":"体育学院","color":"purple","name":"PE","icon":"basketball","path":"intro/school/pe/enroll"},{"text":"传媒科学学院","color":"cyan","name":"Media","icon":"media","path":"intro/school/media/enroll"},{"text":"民族教育学院","color":"olive","name":"People","icon":"people","path":"intro/school/people/index"},{"text":"国际汉学院","color":"mauve","name":"Internation","icon":"network","path":"intro/school/internation/enroll"},{"text":"纽瓦克学院","color":"blue","name":"Newark","icon":"school","path":"intro/school/newark/enroll"}]}]}