{"title":"后勤管理处","grey":true,"author":"Mr.Hope","time":"2021年12月2日","shareable":true,"content":[{"tag":"account","name":"后勤管理处","logo":"https://mp.innenu.com/img/media/logistics.jpg","detail":"东北师范大学后勤管理处","wxid":"dongshihouqin","wxcode":"https://mp.innenu.com/img/media/logistics-wechat.jpg","account":"logistics","mail":"houqin@nenu.edu.cn","site":"http://www.library.nenu.edu.cn/"},{"tag":"list","content":[{"text":"机构设置","icon":"about","path":"intro/apartment/logistics/intro"},{"text":"学校服务监督电话","icon":"phone","path":"intro/apartment/logistics/contact"},{"text":"学生公寓管理办法","icon":"punish","path":"intro/apartment/logistics/rule"}]}],"id":"intro/apartment/logistics/index","scopeData":{"@type":"general","uniq_id":"intro/apartment/logistics/index","title":"后勤管理处","digest":"","thumbs":["https://mp.innenu.com/img/inNENU.jpg"],"tags":["后勤管理处"]}}