{"title":"吉祥码简介","time":"2022 年 7 月 11 日","shareable":true,"id":"guide/epidemic/jixiang-code/intro","author":"Mr.Hope","cite":["http://www.jl.gov.cn/wgmj/desws/"],"content":[{"tag":"title","text":"吉祥码简介"},{"tag":"p","text":["“数字吉林”领导小组办公室推出的“人人有码、码上行动”，在当前疫情期间为群众提供健康码，可以方便群众出行和企业复产复工，未来将作为网上办事、享受数字政府服务、便捷外出通行等活动的个人“身份码”，取名为“吉祥码”。","目前，“吉祥码”是以全省统一身份认证的实名数据为基础，结合防疫大数据信息对比校验后生成的个人专属二维码。根据系统排查出的个人健康指数差异，吉祥码有绿码、黄码、红码三种颜色，分别代表未见异常人员﹔自述有发热、气促、呼吸道症状的人员，确诊病例治愈出院 7 天内、无症状感染者解除隔离 7 天内，本省份防疫信息重点人员数据库中未做健康检测的人员;确诊病例、疑似病例、无症状感染者，正在实施集中或居家隔离医学观察确诊病例、疑似病例、无症状感染者的密切接触者、不明原因发热病人，有高风险地区旅居史隔离未满 7 天的人员，正在实施集中或居家隔离医学观察的入境人员。身份码(黑白码)只能作为个人身份登记码，用于扫码进行个人信息电子登记，不能作为健康信息码。","可作为居民进入村(小区)、学校、机场、火车站、商场、宾馆、酒店、金融经营网点、医疗机构、企事业单位办公楼、工厂、公园等人员密集场所和乘坐公共交通工具的重要电子凭证。"]}]}