{"title":"老乡群","author":"Mr.Hope","desc":"如需补充或替换请联系 QQ 1178522294\n替换条件:\n· 群内已有东师该省份学生不少于 50\n· 群主已失联且活跃的管理员两人以下 / 替换的群活跃人数大于原群 (任选其一)","time":"2022 年 6 月 27 日","shareable":true,"content":[{"tag":"title","text":"东北师范大学老乡群"},{"tag":"text","type":"warning","heading":"郑重声明","text":["⚠显然不存在“官方”老乡群，Mr.Hope 仅保证以下老乡群的大部分成员均为东北师范大学学生。加群之后的任何后果与责任自负。"]},{"tag":"text","text":["吉林"]},{"tag":"action","content":"882426824"},{"tag":"text","text":["黑龙江"]},{"tag":"action","content":"1140357621"},{"tag":"text","text":["东北师范大学辽宁群"]},{"tag":"action","content":"184208758"},{"tag":"text","text":["为内蒙古喝彩"]},{"tag":"action","content":"64016787"},{"tag":"text","text":["湖北省老乡群"]},{"tag":"action","content":"315504674"},{"tag":"text","text":["河北老乡群"]},{"tag":"action","content":"666048072"},{"tag":"text","text":["湖南老乡群"]},{"tag":"action","content":"157808753"},{"tag":"text","text":["天津老乡群"]},{"tag":"action","content":"822145879"},{"tag":"text","text":["22-23 东北师范大学四川老乡群"]},{"tag":"action","content":"499313769"},{"tag":"text","text":["北京青年北漂在东师"]},{"tag":"action","content":"174840954"},{"tag":"text","text":["上海学生群"]},{"tag":"action","content":"250805068"},{"tag":"text","text":["江苏人在东师"]},{"tag":"action","content":"470036355"},{"tag":"text","text":["江西老乡会"]},{"tag":"action","content":"962204345"},{"tag":"text","text":["山东同学群"]},{"tag":"action","content":"233854449"},{"tag":"text","text":["新疆新生群"]},{"tag":"action","content":"307427221"},{"tag":"text","type":"warning","text":["新疆老乡群日常关闭群号搜索，Mr.Hope 暂时未能和相关群的群主或管理员取得有效联系。所以请自行找人拉您进群。"]},{"tag":"text","text":["西藏东师藏娃群"]},{"tag":"action","content":"274507376"},{"tag":"text","text":["广东省新生群"]},{"tag":"action","content":"794986523"},{"tag":"text","text":["广西东师桂友会"]},{"tag":"action","content":"518898289"},{"tag":"text","text":["山西"]},{"tag":"action","content":"303745491"},{"tag":"text","text":["青海"]},{"tag":"action","content":"193593119"},{"tag":"text","text":["宁夏"]},{"tag":"action","content":"366354996"},{"tag":"text","text":["安徽"]},{"tag":"action","content":"340128156"},{"tag":"text","text":["福建"]},{"tag":"action","content":"107092900"},{"tag":"text","text":["重庆市"]},{"tag":"action","content":"327126156"},{"tag":"text","text":["浙江省"]},{"tag":"action","content":"299414484"},{"tag":"text","text":["河南省"]},{"tag":"action","content":"282119075"},{"tag":"text","text":["海南省"]},{"tag":"action","content":"48355600"},{"tag":"text","text":["贵州省"]},{"tag":"action","content":"98786880"},{"tag":"text","text":["云南省"]},{"tag":"action","content":"457556109"},{"tag":"text","text":["陕西省"]},{"tag":"action","content":"585179914"},{"tag":"text","text":["甘肃省"]},{"tag":"action","content":"577264612"}],"cite":[],"id":"guide/prepare/qq-group/fellow"}