{"title":"菜鸟驿站身份码","time":"2022 年 8 月 5 日","shareable":true,"id":"guide/express/cainiao-code","author":"Mr.Hope、战俊华","cite":[],"content":[{"tag":"title","text":"简介"},{"tag":"p","text":["为了在疫情情况下减少人员接触，校园驿站均配置了自助扫描机进行自动服务。","使用身份码可以作为身份验证，完成自助取件。"]},{"tag":"title","text":"获得身份码"},{"tag":"ol","heading":"菜鸟 App","text":["可以在各大应用商店搜索并下载“菜鸟”","通过淘宝/支付宝/手机号登陆，并完成实名认证","在首页找到并使用身份码。"]},{"tag":"ol","heading":"淘宝 App","text":["点击“我的淘宝”，下滑并找到“我的快递”","在首页找到并使用身份码"]},{"tag":"img","src":"https://mp.innenu.com/img/express/taobao-code.jpg","desc":"“我的快递”位置"}]}