{"title":"长春疫情管控地区","author":"Mr.Hope","time":"2021年8月23日","shareable":true,"content":[{"tag":"title","text":"长春疫情管控地区"},{"tag":"text","type":"danger","heading":"特别注意","text":["Mr.Hope 不保证每日更新此资讯。请自行关注微信公众号“长春疾控”查阅每日发布的最新消息。"]},{"tag":"doc","name":"长春疫情管控地区 (8.23)","url":"https://mp.innenu.com/file/epidemic/changhun-restrict-0823.pdf","icon":"pdf"}],"images":[],"id":"guide/epidemic/changchun-restrict","scopeData":{"@type":"general","uniq_id":"guide/epidemic/changchun-restrict","title":"长春疫情管控地区","digest":"特别注意 Mr.Hope 不保证每日更新此资讯。请自行关注微信公众号“长春疾控”查阅每日发布的最新消息。","thumbs":["https://mp.innenu.com/img/inNENU.jpg"],"tags":["长春疫情管控地区"]}}