{"title":"社团","author":"Mr.Hope","time":"2021年9月9日","grey":true,"shareable":true,"content":[{"tag":"title","text":"本部校区"},{"tag":"list","header":false,"content":[{"text":"天宇协会","path":"guide/association/study/astronomy"},{"text":"物院教师技能协会","path":"guide/association/study/teach"},{"text":"科技爱好者协会","path":"guide/association/study/technology"},{"text":"物理学术竞赛协会","path":"guide/association/study/phy-contest"},{"text":"数学建模协会","path":"guide/association/study/math-modal"},{"text":"乐群协会","path":"guide/association/study/lequn"},{"text":"D.N.A协会","path":"guide/association/study/dna"}]},{"tag":"list","header":"净月校区","content":[{"text":"待更新"}]},{"tag":"text","type":"info","heading":"入驻说明","text":["欢迎社团入驻本页面，请联系 QQ 1178522294"]}],"images":[],"id":"guide/association/study/index","scopeData":{"@type":"general","uniq_id":"guide/association/study/index","title":"社团","digest":"入驻说明 欢迎社团入驻本页面，请联系 QQ 1178522294","thumbs":["https://mp.innenu.com/img/inNENU.jpg"],"tags":["本部校区"]}}