{"title":"模拟联合国协会","author":"Mr.Hope","time":"2021年9月16日","shareable":true,"content":[{"tag":"intro","name":"模拟联合国协会","detail":"东北师范大学模拟联合国协会","desc":"东北师范大学模拟联合国协会，简称东师模联(NENUMUN)，协会秉承“全球视野，青年使命”的活动理念，已开展多次模联活动。本公众平台，将会给大家推动协会内部活动信息和各高校模联大会参会信息。","logo":"https://mp.innenu.com/img/association/mun.png","wx":"gh_6a5ebeb38e0a","wxQRCode":"https://mp.innenu.com/img/media/mun-wx-qrcode.jpg","path":"mun"},{"tag":"title","text":"社团简介"},{"tag":"p","text":["东北师范大学模拟联合国协会(Model United Nations Association of Northeast Normal University)，简称东师模联(NENUMUN)，致力于为我校学生提供了解联合国组织，深入理解国际热点问题施展外交能力与领导才华的平台。同时根植于国际政治这一基础，发展东师模联文化，培养学生团队合作能力和国际视野。","从2006年第一届模拟联合国大会举办至今，东师模联已成功举办了十三届东北师范大学模拟联合国大会，东北师范大学首届外交官风采大赛、第四届东北地区高校模拟联合国论坛、首届立场文件大赛和第一届长春市中学生模拟联合国大会。"],"style":"text-indent: 1.5em; "},{"tag":"img","src":"https://mp.innenu.com/img/association/mun.webp"},{"tag":"title","text":"部门设置"},{"tag":"text","type":"info","heading":"学术部","text":["学术部主要工作是为社团举办的各种会议提供学术支持，包括设计会场，撰写文件和主持会议等。在日常工作中，学术部收集与整理学术资料，对模联成员进行学术指导与培训，是保持社团专业性的核心部门。"]},{"tag":"text","type":"info","heading":"宣传部","text":["宣传部负责模拟联合国协会的微信公众号运营，具体工作包括制作宣传海报、发布微信推送和qq空间动态、拍摄活动照片等，是模联的门户，对塑造模联对外形象发挥着至关重要的作用。"]},{"tag":"text","type":"info","heading":"会务部","text":["会务部在日常工作中负责活动策划与筹备、校际信息交流与信息整理等工作，在会议期间主要负责会前准备与会期服务。会务部的工作囊括内容广泛，存在于每个微小细节之中，是模联的重要支柱。"]},{"tag":"text","type":"info","heading":"财务部","text":["财务部管理并记录社团所有经费支出，制作财务报表，整理财务资料，并协助、监督各部门经费的合理分配与使用，服务模联的日常运行，是社团中的重要部门。"]}],"images":["https://mp.innenu.com/img/association/mun.webp"],"id":"guide/association/study/mun","scopeData":{"@type":"general","uniq_id":"guide/association/study/mun","cover":"https://mp.innenu.com/img/association/mun.webp","title":"模拟联合国协会","digest":"东北师范大学模拟联合国协会(Model United Nations Association of Northeast Normal University)，简称东师模联(NENUMUN)，致力于为我校学生提供了解联合国组织，深入理解国际热","thumbs":["https://mp.innenu.com/img/association/mun.webp"],"tags":["社团简介","部门设置"]}}