{"title":"选课内容","author":"Mr.Hope","time":"2021年12月3日","shareable":true,"content":[{"tag":"title","text":"课程类型"},{"tag":"ul","text":["通识教育选修课","通识教育必修课","师资教育选修课","师资教育必修课","专业教育选修课","专业教育必修课"]},{"tag":"list","header":"具体详情请见","items":[{"text":"通识教育课程","icon":"content","path":"guide/course/general/index"},{"text":"专业教育课程","icon":"content","path":"guide/course/professional"},{"text":"发展课程课程","icon":"content","path":"guide/course/develop"}]},{"tag":"title","text":"关于选修课"},{"tag":"p","text":["2015 版课程计划将通识选修课程分为三大类: 社会与行为科学、人文与艺术、自然科学。选课时课程名称旁边会有显示对应课程的类别。不同专业对每个类别所选分数的要求是不同的，所以大家一定要仔细看好课程计划里对自己专业的选修课要求。"],"style":"text-indent: 1.5em; "},{"tag":"list","header":"相关内容","items":[{"text":"通识选修课介绍","icon":"content","path":"guide/course/general/elective"},{"text":"网课介绍","icon":"wifi","path":"guide/course/net-course"}]}],"cite":[],"id":"guide/select/content"}