{"title":"选课介绍","author":"Mr.Hope","time":"2021年9月6日","shareable":true,"content":[{"tag":"title","text":"选/注课"},{"tag":"p","text":["在高等教育中，专业被进一步细化，不同专业要开设自己的不同的课程。","大学选课即允许学生对学校所开设的课程有一定的选择自由，包括选择课程、任课教师和上课时间，选择适合自己的学习量和学习进程。","我校开设的课程主要分为通识课程、专业课程和教师方向课程三部分。其中，所有的课程均分为必修和选修两部分。"],"style":"text-indent: 1.5em; "},{"tag":"title","text":"必修课与选修课"},{"tag":"ul","text":["必修课: 在必修课上，学校、学院会按照不同学年、学期，依次或同时开设多个课堂，设置不同的授课老师，给予学生自行选择教师和课堂的权力。","选修课: 会同时开设多门课程，总学分数会大于应当修读的学分数量。学生可以依照自己的兴趣爱好、发展方向，自由自主在开设的课程里自主选择想要修读的课程。"]},{"tag":"title","text":"选课的意义"},{"tag":"p","text":["选课是学生选择修读课程的程序，分为三个阶段: 预选、正选和退补选。","由于学校在开设课程时，会限制课程容量，而很多课程由于轻松、有趣的特点，大部分人都会感兴趣，这会导致想要修读这些课程的人数会远远超越课程容量，而选课程序就是确定上课名单的手段。","在三个阶段中，系统会逐一根据规定按照规则，确定谁可以选定对应的课程。在有序进行公平、公正的三个选课阶段后，生成对应的课程人员名单。","最终选定某门课程的学生需要在开课时间内前往授课地点进行课程学习，并接收根据课程名单设置的平时、期中(可能存在)、期末的统一考核。考核结束后，由教师通过课程系统按照课程人员名单登记成绩，通过者获得对应的课程学分。"],"style":"text-indent: 1.5em; "},{"tag":"text","type":"note","heading":"蹭课","text":["所谓的蹭课，就是您没有选上这门课，但是您去教室旁听。","除了少数特殊课程，如体育课、中美合办部分专业的课程(学费一年28000)这种的确不应该允许旁听的课程，其他课程都可以在不影响正常选课同学学习的情况下进行旁听。","旁听因为没有选课，无法参加期末的考核，所以无法获得学分。"]}],"cite":[],"id":"guide/select/intro"}