{"title":"本部眼镜店","author":"Mr.Hope","time":"2021年11月22日","shareable":true,"content":[{"tag":"title","text":"校内"},{"tag":"text","text":["本部校区内现有一家镜舍眼镜店，位于浴池一楼。"]},{"tag":"text","heading":"店铺位置","text":["位于浴池一楼正门内。","您需要走进浴池正门，即可在右面看到镜舍的店门。"]},{"tag":"img","src":"https://mp.innenu.com/img/life/benbu/jingshe-location.jpg","desc":"镜舍位置"},{"tag":"img","src":"https://mp.innenu.com/img/life/benbu/jingshe.jpg"},{"tag":"list","content":[{"text":"店铺详情","path":"guide/life/glasses/jingshe"}]},{"tag":"title","text":"校外"},{"tag":"text","text":["文昌路上有一家查尔斯眼镜店。"]}],"id":"guide/life/glasses/benbu","images":["https://mp.innenu.com/img/life/benbu/jingshe-location.jpg","https://mp.innenu.com/img/life/benbu/jingshe.jpg"],"scopeData":{"@type":"general","uniq_id":"guide/life/glasses/benbu","title":"本部眼镜店","cover":"https://mp.innenu.com/img/life/benbu/jingshe-location.jpg","digest":"本部校区内现有一家镜舍眼镜店，位于浴池一楼。店铺位置 位于浴池一楼正门内。 您需要走进浴池正门，即可在右面看到镜舍的店门。文昌路上有一家查尔斯眼镜店。","thumbs":["https://mp.innenu.com/img/life/benbu/jingshe-location.jpg","https://mp.innenu.com/img/life/benbu/jingshe.jpg"],"tags":["校内","校外"]}}