{"title":"优秀毕业生建议","desc":"Mr.Hope 诚邀各专业优秀毕业生与在校生为学弟学妹们送出自己的建议。","time":"2022 年 8 月 9 日","grey":true,"shareable":true,"id":"guide/advice/index","author":"Mr.Hope","cite":[],"content":[{"tag":"title","text":"教育学部"},{"tag":"list","header":false,"items":[{"text":"董玥彤","icon":"idea","path":"guide/advice/education/dong"},{"text":"林传舜","icon":"idea","path":"guide/advice/education/lin"}]},{"tag":"title","text":"文学院"},{"tag":"list","header":false,"items":[{"text":"李雨徽","icon":"idea","path":"guide/advice/chinese/li"}]},{"tag":"title","text":"物理学院"},{"tag":"list","header":false,"items":[{"text":"顾卓成","desc":"公费师范","icon":"idea","path":"guide/advice/physics/gu"},{"text":"张歌扬","desc":"物理学","icon":"idea","path":"guide/advice/physics/zhang"},{"text":"张哲","desc":"材料物理","icon":"idea","path":"guide/advice/physics/zhe"}]},{"tag":"title","text":"生命科学学院"},{"tag":"list","header":false,"items":[{"text":"崔秀琳","icon":"idea","path":"guide/advice/biology/cui"}]},{"tag":"title","text":"政法学院"},{"tag":"list","header":false,"items":[{"text":"王文辛","icon":"idea","path":"guide/advice/politics/wang"}]},{"tag":"title","text":"心理学院"},{"tag":"list","header":false,"items":[{"text":"黄技鹏","icon":"idea","path":"guide/advice/psychology/huang"}]},{"tag":"text","type":"note","text":["另外感谢黄禧愿意接受约稿，稿费 200元 / 852字。(因质量原因不计划采纳)"]},{"tag":"list","header":false,"items":[{"text":"黄禧稿件原文","url":"info?path=Odropped/huangxi"}]}]}