{"title":"纽瓦克学院招生","time":"2022 年 8 月 5 日","shareable":true,"id":"intro/school/newark/enroll","author":"Mr.Hope","cite":[],"content":[{"tag":"title","text":"本科招生情况"},{"tag":"text","type":"warning","text":["罗格斯大学·纽瓦克学院现已停招。"]},{"tag":"list","header":"专业介绍","items":[{"text":"公共事业管理","path":"intro/school/newark/public"},{"text":"金融学","path":"intro/school/newark/finance"},{"text":"物流管理学","path":"intro/school/newark/supply"}]}]}