{"title":"纽瓦克学院","grey":true,"time":"2022 年 8 月 5 日","shareable":true,"id":"intro/school/newark/index","author":"Mr.Hope","cite":[],"content":[{"tag":"text","type":"warning","text":["罗格斯大学·纽瓦克学院现已停招。"]},{"tag":"list","items":[{"text":"学院简介","icon":"about","path":"intro/school/newark/intro"},{"text":"专业介绍","icon":"intro","path":"intro/school/newark/enroll"}]},{"tag":"action","header":"官网地址","content":"http://newark.nenu.edu.cn/"}]}