{"title":"NCRE 考试报名","author":"Mr.Hope","time":"2022年1月24日","shareable":true,"content":[{"tag":"title","text":"报名规定与流程"},{"tag":"text","heading":"科目限制","text":["单次考试每名考生最多可报3个科目，级别不限。考生不得在同次考试（包括省内、省外考点）中重复报考同一科目，重复报考者按违规处理。"]},{"tag":"text","heading":"报名流程","text":["网上报名采用全国计算机等级考试报名系统报名，考生自行登录报名网站 http://ncre-bm.neea.cn 进行报名操作。考生按系统提示进行账号注册，注册提交的个人信息必须真实、准确，注册成功后登录系统，填写个人基本信息、报考信息、上传本人近期免冠照片后确认报考信息，确认报考信息后考生点击报名页面上的支付按钮，报名页面将跳转到支付平台的页面，按照支付平台的提示信息完成考试费支付。支付成功后，考生不能修改报考信息或退考退费。"]},{"tag":"img","src":"https://mp.innenu.com/img/exam/ncre-apply-flow.png"},{"tag":"text","heading":"费用","text":["考生缴费标准按吉财综函字[2000]第68号文件执行，收费标准为：二、三、四级报名费每人120元。"]},{"tag":"text","heading":"照片规格要求","text":["照片应为本人近期正面免冠彩色证件照；照片尺寸最小为192*144（高*宽，单位：像素），成像区大小为48mm*33mm(高*宽)；照片格式为JPG格式；照片大小：20KB-200KB"]},{"tag":"text","type":"warning","text":["照片需为近期免冠照片。照片需保证头部占位正确，比例协调，成像清晰，色彩自然，避免头发遮挡眉毛、耳朵，避免脸色铁青、发绿、发黄、苍白等偏色照片，避免和人物无关物品出现。"]},{"tag":"title","text":"东北师范大学考点要求"},{"tag":"text","type":"info","heading":"仅限本校","text":["东北师范大学的在校生只能在本校考点报名，不得跨校报名。本部校区考点代码：220029；净月校区考点代码：220034。"]},{"tag":"text","type":"info","heading":"研究生需自行上报信息","text":["东北师大考点已将本校本科生的学籍信息导入报名系统，请考生报名时准确选择校区，不可跨校区报考。鉴于研究生报考人数不多，故未将研究生学籍信息导入报名系统，研究生需要以邮件形式将基本信息发送到指定信箱（87911575@qq.com）进行预报名，然后待考点回复邮件后方可登录报名网站进行正式报名。","研究生基本信息包括: 姓名、民族、身份证号、院系、专业、学号及报考考点（注明校区）等信息。"]},{"tag":"text","type":"info","heading":"防疫安排","text":["为保证考试顺利进行，请考生严格执行当地政府以及学校公布的各项疫情防控要求。如果考试期间对疫情防控工作有特殊要求考试前将在校园网公布。"]}],"cite":[],"id":"guide/exam/ncre/apply"}