{"title":"本部存取款","author":"Mr.Hope","time":"2021年11月22日","shareable":true,"content":[{"tag":"title","text":"校内 ATM"},{"tag":"location","title":"ATM 位置","points":[{"latitude":43.86279,"longitude":125.332517,"detail":"本部超市旁"}]},{"tag":"text","text":["目前已有 ATM 入驻的银行有交通银行(可存钱)、中国邮政储蓄银行、中国农业银行、长春农业银行、中国建设银行等"]},{"tag":"img","src":"https://mp.innenu.com/img/life/benbu/atm1.jpg"},{"tag":"img","src":"https://mp.innenu.com/img/life/benbu/atm2.jpg"},{"tag":"title","text":"校外银行"},{"tag":"location","title":"校外银行","points":[{"latitude":43.863856,"longitude":125.327805,"name":"交通银行"},{"latitude":43.863774,"longitude":125.327014,"name":"中国银行"},{"latitude":43.865864,"longitude":125.325717,"name":"中国工商银行"},{"latitude":43.865182,"longitude":125.325864,"name":"华夏银行"}]},{"tag":"text","text":["离本部最近的是交通银行和中国银行，位于学校北门外旁边，在自由大路上。"]}],"id":"guide/life/atm/benbu","images":["https://mp.innenu.com/img/life/benbu/atm1.jpg","https://mp.innenu.com/img/life/benbu/atm2.jpg"],"scopeData":{"@type":"general","uniq_id":"guide/life/atm/benbu","title":"本部存取款","cover":"https://mp.innenu.com/img/life/benbu/atm1.jpg","digest":"目前已有 ATM 入驻的银行有交通银行(可存钱)、中国邮政储蓄银行、中国农业银行、长春农业银行、中国建设银行等离本部最近的是交通银行和中国银行，位于学校北门外旁边，在自由大路上。","thumbs":["https://mp.innenu.com/img/life/benbu/atm1.jpg","https://mp.innenu.com/img/life/benbu/atm2.jpg"],"tags":["校内 ATM","校外银行"]}}