{"title":"五险一金","author":"Mr.Hope","time":"2021年8月15日","shareable":true,"content":[["ul",{"type":"info","heading":"五险","text":["养老保险","医疗保险","失业保险","工伤保险","生育保险"]}],["text",{"type":"tip","text":["养老保险、医疗保险和失业保险由企业和个人共同缴纳保费；工伤保险和生育保险完全由企业承担，个人不需要缴纳。"]}],["text",{"type":"info","heading":"一金","text":["住房公积金"]}]],"cite":[],"id":"guide/job/defination/insurance"}