{"title":"毕业生基层就业学费补偿","time":"2022 年 8 月 9 日","shareable":true,"id":"intro/subsidize/reimburse","author":"Mr.Hope","cite":["https://mp.weixin.qq.com/s/27IA7UOyJhH8rIIsqM7uDA"],"content":[{"tag":"title","text":"简介"},{"tag":"p","text":["在读期间通过自筹方式缴纳学费的学生，毕业当年自愿到国家规定的中西部地区和艰苦偏远地区县级以下基层单位就业，签约服务年限三年及以上的，国家为其补偿学费或偿还国家助学贷款与利息。"]},{"tag":"title","text":"补助金额"},{"tag":"p","text":["本科生每年受助额度不超过 12000 元，分三年发放资助金，每年需进行在职在岗确认。"]}]}