{"title":"中小学教师资格考试","author":"Mr.Hope","time":"2021年9月5日","grey":true,"shareable":true,"content":[{"tag":"p","text":["中小学教师资格考试的目的是考查申请人是否具备教师职业道德、基本素养、教育教学能力和教师专业发展潜质。严把教师入口关，择优选拔乐教、适教人员取得教师资格。"],"style":"text-indent: 1.5em; "},{"tag":"list","header":"介绍","content":[{"text":"介绍","icon":"intro","path":"guide/exam/ntce/intro"},{"text":"考试科目","icon":"subject","path":"guide/exam/ntce/subject"},{"text":"考试详情","icon":"more","path":"guide/exam/ntce/detail"}]},{"tag":"list","content":[{"text":"考试大纲","icon":"rule","path":"guide/exam/ntce/outline"}]},{"tag":"list","content":[{"text":"常见问题","icon":"faq","path":"guide/exam/ntce/faq"}]}],"images":[],"id":"guide/exam/ntce/index","scopeData":{"@type":"general","uniq_id":"guide/exam/ntce/index","title":"中小学教师资格考试","digest":"中小学教师资格考试的目的是考查申请人是否具备教师职业道德、基本素养、教育教学能力和教师专业发展潜质。严把教师入口关，择优选拔乐教、适教人员取得教师资格。","thumbs":["https://mp.innenu.com/img/inNENU.jpg"],"tags":[]}}