{"title":"吉祥码常见问题","author":"Mr.Hope","time":"2021年8月15日","shareable":true,"content":[{"tag":"img","src":"https://mp.innenu.com/img/prepare/jixiang-desc.jpg"}],"images":["https://mp.innenu.com/img/prepare/jixiang-desc.jpg"],"id":"guide/epidemic/jixiang-code/faq","scopeData":{"@type":"general","uniq_id":"guide/epidemic/jixiang-code/faq","cover":"https://mp.innenu.com/img/prepare/jixiang-desc.jpg","title":"吉祥码常见问题","digest":"","thumbs":["https://mp.innenu.com/img/prepare/jixiang-desc.jpg"],"tags":[]}}