{"title":"吉祥码常见问题","author":"Mr.Hope","time":"2021年11月23日","shareable":true,"cite":["http://jl.gov.cn/jxm/"],"content":[{"tag":"img","src":"https://mp.innenu.com/img/epidemic/jixiang-desc.jpg"}],"id":"guide/epidemic/jixiang-code/faq","images":["https://mp.innenu.com/img/epidemic/jixiang-desc.jpg"],"scopeData":{"@type":"general","uniq_id":"guide/epidemic/jixiang-code/faq","title":"吉祥码常见问题","cover":"https://mp.innenu.com/img/epidemic/jixiang-desc.jpg","digest":"","thumbs":["https://mp.innenu.com/img/epidemic/jixiang-desc.jpg"],"tags":["吉祥码常见问题"]}}