{"title":"账户","grey":true,"author":"Mr.Hope","time":"2021年12月2日","shareable":true,"content":[{"tag":"p","heading":"统一身份认证介绍","text":["学校为每个人分配了一个统一身份，这个身份就是您的邮箱账号和密码。","无论您登录校园网、进入内网查看通知、查看是否欠书未还、查看校园卡余额以及消费记录、进入本科生或研究生选课平台、查成绩、查课表、访问 BB 平台、本科教学服务系统等等，各种与信息查询提交的有关的操作都需要这个统一身份。"],"style":"text-indent: 1.5em; "},{"tag":"list","header":"了解更多","content":[{"text":"统一身份认证","icon":"authorize","path":"guide/account/authorize"}]},{"tag":"list","header":"校园邮箱","content":[{"text":"邮箱介绍","icon":"email","path":"guide/account/mail/intro"},{"text":"安卓邮箱客户端设置","icon":"android","path":"guide/account/mail/android"},{"text":"iOS 邮箱客户端设置","icon":"apple","path":"guide/account/mail/ios"},{"text":"Windows 邮箱客户端设置","icon":"windows","path":"guide/account/mail/windows"}]},{"tag":"list","header":"企业微信","content":[{"text":"企业号介绍","icon":"wechat","path":"guide/account/wechat/intro"},{"text":"企业号认证","icon":"account","path":"guide/account/wechat/authorize"},{"text":"手机号更改","icon":"phone","path":"guide/account/wechat/change"}]}],"id":"guide/account/index","scopeData":{"@type":"general","uniq_id":"guide/account/index","title":"账户","digest":"统一身份认证介绍 学校为每个人分配了一个统一身份，这个身份就是您的邮箱账号和密码。 无论您登录校园网、进入内网查看通知、查看是否欠书未还、查看校园卡余额以及消费记录、进入本科生或研究生选课平台、查成绩、查课表、访问 BB 平台、本科教学服务","thumbs":["https://mp.innenu.com/img/inNENU.jpg"],"tags":["账户"]}}