{"title":"八度烘焙","author":"Mr.Hope","time":"2021年11月22日","shareable":true,"content":[{"tag":"title","text":"店铺位置"},{"tag":"location","title":"八度烘焙","points":[{"latitude":43.862772,"longitude":125.333208,"detail":"位于北苑地下一楼"}]},{"tag":"img","src":"https://mp.innenu.com/img/life/benbu/badu.jpg","desc":"八度烘焙"},{"tag":"carousel","images":["https://mp.innenu.com/img/life/benbu/badu1.jpg","https://mp.innenu.com/img/life/benbu/badu2.jpg","https://mp.innenu.com/img/life/benbu/badu3.jpg","https://mp.innenu.com/img/life/benbu/badu4.jpg","https://mp.innenu.com/img/life/benbu/badu5.jpg"]},{"tag":"title","text":"促销活动"},{"tag":"img","src":"https://mp.innenu.com/img/life/benbu/badu-activity1.jpg","desc":"储值活动"},{"tag":"img","src":"https://mp.innenu.com/img/life/benbu/badu-activity2.jpg","desc":"集赞活动"}],"cite":[],"id":"guide/life/bake/badu"}