{"name":"苏东吴东北师大物业服务驿站","desc":"主动、热情、优质、高效，我们是东吴物业。","id":"gh_0e448c3e8eff","logo":"https://mp.innenu.com/img/media/sudonghao.png","qrcode":"https://mp.innenu.com/img/media/sudonghao-qrcode.jpg","article":[{"cover":"https://mmbiz.qpic.cn/mmbiz_jpg/OLQbibldxL4VZOYFuZJgiaG7XVPribsMEyiaHLnia6iaVicfvSARXsvDEzMFETstHJyzdFhhcygPvm8qjIEXhkf0q6pibw/0?wx_fmt=jpeg","title":"平凡中的坚守，细微中的守护","desc":"在学校后勤保障部的领导下和东北师大项目部所有工程师傅的共同努力下，开学迎新保障工作顺利完成。","url":"https://mp.weixin.qq.com/s/zVIIYzrQUgHBK5fckJjGYg"},{"cover":"https://mmbiz.qpic.cn/mmbiz_jpg/OLQbibldxL4VPr2OLzyo2NnjjNlAemwR8bHKgBR5P9FrVJ8BS9SSyjeMLLOLyyOKtQa2CsCvz02DMz2ibRafgePQ/0?wx_fmt=jpeg","title":"东师相“寓”，苏东吴在等你","desc":"精心筹划，用心服务，以心迎新，东吴物业东北师大项目部2021年迎新工作顺利完成。","url":"https://mp.weixin.qq.com/s/sPt2M8ARrPOKypcvu7iqTw"},{"cover":"https://mmbiz.qpic.cn/mmbiz_jpg/OLQbibldxL4V7BxFmgsDaSsKliagicMvV6LaJpLOqZ4lEuAZzmAUTkaIiaLo554ttmgPWbIyQzfyZwxEqyaDFS95qw/0?wx_fmt=jpeg","title":"书香筑梦暖人心，爱心传递在东师","desc":"后勤保障部党委联合东吴物业公司组织 “我为师生办实事”主题党日活动。","url":"https://mp.weixin.qq.com/s/6ppngA-eksIeFnWfeyzv1A"},{"cover":"https://mmbiz.qpic.cn/mmbiz_jpg/OLQbibldxL4XHzSYR137ibhPlH5jy0jdjTm8aAFukjlg1nqHx2CxpHm1s3z885gufVSu9icDicliaL6N0icTSwn9mBCg/0?wx_fmt=jpeg","title":"练技能，当能手，展风采","desc":"东吴物业长春分部举办公共楼宇员工操作能手竞赛。","url":"https://mp.weixin.qq.com/s/Qyr63of86a0kdw1VkQIMqw"},{"cover":"https://mmbiz.qpic.cn/mmbiz_png/OLQbibldxL4Wfgu5QsQwZdEvavb73fmgiblf3RqaSJRU87nxacDmiahcyBEZ7uwRRcJVicZrfib1rENjnNNLDesL3Kw/0?wx_fmt=png","title":"平安校园在我心，安全行动手中行","desc":"在我国，11月9日的月日恰好与火警号码119相同，而且这一天前后，正值风干物燥，火灾多发之际，全国各地都在紧","url":"https://mp.weixin.qq.com/s/cDYOXHQI9_M9n1d-wCaKGw"},{"cover":"https://mmbiz.qpic.cn/mmbiz_jpg/OLQbibldxL4UL86R5Vn4eFtQK1g1VrIicgqpaoIKJeQhlZdNw8ECFibgK8Greyo0qOic6zb9houJQmUKbnXI0EgicyQ/0?wx_fmt=jpeg","title":"月满华诞，浓情东吴","desc":"中秋佳节逢国庆，明月千里寄相思。在东北师范大学， 东吴妈妈让你的思念与不安化为乌有。","url":"https://mp.weixin.qq.com/s/YhPKOYlU0Ne3x2MfteT6SQ"},{"cover":"https://mmbiz.qpic.cn/mmbiz_jpg/OLQbibldxL4WmVzyLkGcichzxRtdibPcDY2SHjxPhFicJ7xjjNDiaA5tbFkzQby7L9j8voaT8JicKDGUlTZdAvNIAfLQ/0?wx_fmt=jpeg","title":"“粽”情端午，缤纷东师","desc":"为传承和弘扬中华传统民俗文化，在端午佳节到来之际，东吴物业东北师大项目部举办以“品味端午，粽情东吴”为主题的端午节活动。","url":"https://mp.weixin.qq.com/s/ai9-rb9hggacOuwX_wAEcg"},{"cover":"https://mmbiz.qpic.cn/mmbiz_jpg/OLQbibldxL4UVMqZcUSRHLriaicwsGk8HJvRO0yBjFiboAqDJlxgZMavweRjdky0mDA2M8mxYeEiasQo7jmXQmvXgPg/0?wx_fmt=jpeg","title":"雷锋日|“学雷锋、战疫情、送温暖”","desc":"东吴物业长春分部在冬华公寓一楼大厅，组织宿管阿姨为留校的5名同学进行免费理发服务。","url":"https://mp.weixin.qq.com/s/szsW911eaq6CBGvgbiLOtg"},{"cover":"https://mmbiz.qpic.cn/mmbiz_png/OLQbibldxL4Vy5kx8OnYib1I37Y8XXaTPiazibzFguhCYjJx8yN91fvyrnGutwGJzicMJLowVUhDBnReLQqIfomk7gg/0?wx_fmt=png","title":"“疫”线的坚守，别样的暖意——记防疫期间的宿管阿姨","desc":"一段来自假期留校生发来的视频，献给奋战中的你们!","url":"https://mp.weixin.qq.com/s/KuoIUlzpV2Md7orL0cYh_Q"},{"cover":"https://mmbiz.qpic.cn/mmbiz_jpg/OLQbibldxL4W1c7gQ01X86Sc3YThyiaETtKIQOf1UAibmngbjx5WuK86LKM6a7SiaI6r30wqcX16QIfnoF1gsAFCOg/0?wx_fmt=jpeg","title":"众志成城，防控疫情|为师大平安校园筑起刚强防疫线","desc":"防止疫情扩散，东吴物业长春物业分部，积极响应国家、学校、公司要求，采取了一系列有效应对措施。","url":"https://mp.weixin.qq.com/s/NPFF-8NPHaWbekcpC-BObg"},{"cover":"https://mmbiz.qpic.cn/mmbiz_jpg/OLQbibldxL4UU3tnxpQuJzU6DBYaicpkYGuYwe06x8a4VILXK0erFr7ju3h4nEQPdEaeukBHictpdywlutPas8FaA/0?wx_fmt=jpeg","title":"安全规范，记在心间|一场来自宿管阿姨的“期末考试”","desc":"东吴物业东北师大项目部值班条线考核圆满成功","url":"https://mp.weixin.qq.com/s/g7WXqK0bzggcABP22EvEzw"},{"cover":"https://mmbiz.qpic.cn/mmbiz_png/OLQbibldxL4U6PTVZzl9eHebWWndjfyuCw9KV91AWeubGgcYRrAAjn4c2zVqsrBHUrqTjUoy0SutX5DeBIuANhA/0?wx_fmt=png","title":"提升项目服务品质，树立企业品牌形象","desc":"苏东吴东北师范大学持续推进星级项目建设","url":"https://mp.weixin.qq.com/s/TsvWeyyObgI6r7hpKvUXwA"},{"cover":"https://mmbiz.qpic.cn/mmbiz_jpg/OLQbibldxL4VSoAIt6KCVz6baPqnkgxVwYWwbZHFpwhibVu5Dq0udiaQ19tF80HRMib0LLGQJbo4fyoZfNx98EgksQ/0?wx_fmt=jpeg","title":"重宣传树消防意识， 齐努力创和谐校园","desc":"11·9消防宣传日|“消除火灾隐患，杜绝违章电器，构建和谐校园。","url":"https://mp.weixin.qq.com/s/B7hqIXkmszpxQ34B2nOWUQ"},{"cover":"https://mmbiz.qpic.cn/mmbiz_jpg/OLQbibldxL4WfxKdlyucdDWWRDGicvDiadrkzmkfz6QPafHHQ7mxdicu3LTR4CC3mO2ZVyZY7LPwaTAVm1ibNIeV7vg/0?wx_fmt=jpeg","title":"喜迎国庆|东吴儿女在长春，与祖国同心同行","desc":"东吴物业长春分部全体员工祝福祖国繁荣昌盛，国泰民安。","url":"https://mp.weixin.qq.com/s/v-OzG18RTyhrpduOFQLfFQ"},{"cover":"https://mmbiz.qpic.cn/mmbiz_jpg/OLQbibldxL4WlvTXSlfq41SrqA5l6FDWQ5OZXjqDkiazcd6B76x0ElYltpC1aDxewSavPMqPN4x25zkibJnSzhfew/0?wx_fmt=jpeg","title":"天青色等烟雨，苏东吴在等你","desc":"勤奋创新，为人师表；天道酬勤，逐梦青春。 苏东吴热烈欢迎东北师范大学2019级新生的到来!","url":"https://mp.weixin.qq.com/s/zlnf94AhomwvhSvD-L8VpQ"},{"cover":"https://mmbiz.qpic.cn/mmbiz_png/OLQbibldxL4V8gCkVWnKBdNDjTI9x0qBRpdZFMH3UfnV2eVAplQKanPp9ad97bbNygicPm0agqd4aZdV7ric3wOEw/0?wx_fmt=png","title":"抗洪抢险齐上阵，措施得当保​平安","desc":"综合体育馆管理中心“6•2”抗洪抢险表彰会","url":"https://mp.weixin.qq.com/s/yr4AySP86TdkoGJBn_M1bw"},{"cover":"https://mmbiz.qpic.cn/mmbiz_jpg/OLQbibldxL4UvSACnlfLLBvH5IxDTfj8SLYcPpZ7rjSRBI6RILIqW9K4viaOEDBUgUQbFNAkXZ7VaQjyP7ctWUSQ/0?wx_fmt=jpeg","title":"品味端午，“粽”情东吴","desc":"为传承和弘扬中华传统民俗文化，在端午佳节到来之际，6月4日下午，东北师大项目部举行了主题为“品味端午，粽情东吴”的端午节活动。","url":"https://mp.weixin.qq.com/s/QHlmrz3IKIqvJfXuKdrF4A"},{"cover":"https://mmbiz.qpic.cn/mmbiz_jpg/OLQbibldxL4UPuDWvuXKSuBKVcNWKWWo7JVibia3DDCG3tXlxY3tuVYZW8TyVN98YQzzfhMatebyvauu8jlxKxsZw/0?wx_fmt=jpeg","title":"妈妈，您辛苦了!","desc":"5.12别忘了回家看看自己的爹妈，祝福天下所有的父母健康、幸福、平安、快乐!","url":"https://mp.weixin.qq.com/s/SohHJtrflB9pknuMT7CHng"},{"cover":"https://mmbiz.qpic.cn/mmbiz_jpg/OLQbibldxL4W69Lm5MQ554hzcKGZoXCNTYSufv9L6zRaAMyuKA4vnBCYYRZicluYjEf1aoA5I9cKXFg3ebJ95ICw/0?wx_fmt=jpeg","title":"用心服务护航东师 凝心聚力展东吴风采","desc":"东吴物业东北师大项目部员工趣味运动会","url":"https://mp.weixin.qq.com/s/WUTpcyU_erYfCJzS-Ei86A"}]}