{"name":"东北师范大学招生办公室","desc":"关注我们，及时获取招生动态，了解招生政策","id":"nenuzsb","logo":"https://mp.innenu.com/img/media/official.png","qrcode":"https://mp.innenu.com/img/media/enroll-wechat.jpg","article":[{"cover":"http://mmbiz.qpic.cn/mmbiz_jpg/dz10wiatQOQGd6qhKMbGHbibviaVfGicWRElDMt3hwMp3gMka3onGVr961mR9DVMvhLRLpO7ibPZbORCD0eaXO1eo7g/0?wx_fmt=jpeg","title":"弦歌不缀 一诺千钧 | 聆听师长从教微语录","desc":"种得桃李满天下，心唯大我育青禾，弦歌不辍终不悔，师者一诺重千钧。75年来几代东师学人牢记育人初心肩担师者使命","url":"https://mp.weixin.qq.com/s/0pQTWbZOl2OQDt41Cf_ITw"},{"cover":"http://mmbiz.qpic.cn/mmbiz_jpg/ysE1q5sFFFh0jraNdqIG3HIgJa1zI13htZdWhgSwYd9dj424DbcElnYt3GeODj8I1QOIugzGf1YRcRK7yoBjTA/0?wx_fmt=jpeg&amp;random=0.9893710129433662","title":"东北师范大学承办民进中央“庆祝第三十七个教师节暨2021·中国教师发展论坛”","desc":"建设高质量教师教育体系，办好人民满意的教育","url":"https://mp.weixin.qq.com/s/peZ6E_e6q6kX4Y4-p6-jNw"},{"cover":"http://mmbiz.qpic.cn/mmbiz_jpg/ysE1q5sFFFhhseML5Aia5N9y9ISp3XgzkkkYQQFUD4LMdTH934d2jV4ibQic3DziasaLmIqHLjFZ3VL9VpesmFz2Ew/0?wx_fmt=jpeg&amp;random=0.8345394244062885","title":"中央广播电视总台中央新影发现之旅频道对东北师范大学进行报道","desc":"强师报国，求实创造，建设一流师范大学!","url":"https://mp.weixin.qq.com/s/empdtbXgqDVMPln1XWaYrQ"},{"cover":"http://mmbiz.qpic.cn/mmbiz_jpg/dz10wiatQOQGNymLapGVNRXDm3RVa826sVbwmZZicWgcicialBW2tfXC5T2DevVOyIqRc8AKZuO9SvRILdMQnptNicg/0?wx_fmt=jpeg","title":"教育部官网发布东北师大校长刘益春关于《中西部欠发达地区优秀教师定向培养计划》的解读文章","desc":"促进教育公平，推进中西部欠发达地区教育高质量发展","url":"https://mp.weixin.qq.com/s/-fNUkg2XA_afnZ3ujDTV9Q"},{"cover":"http://mmbiz.qpic.cn/mmbiz_jpg/dz10wiatQOQHP92RB0F3k7ZzC2V0JNV5JLwawtP4nTpGXQODWkCcib23rFOWDjsrIVp5wYQgFUztFzT1Sx0XchWw/0?wx_fmt=jpeg","title":"聚焦前沿 | 东北师范大学承办第十九届国际发光会议(ICL2020)","desc":"一起来涨知识吧!","url":"https://mp.weixin.qq.com/s/YH1Yuc2ESyFhzbhy3FPiLw"},{"cover":"http://mmbiz.qpic.cn/mmbiz_jpg/dz10wiatQOQHP92RB0F3k7ZzC2V0JNV5J2hrOqKP1uYbicepCuG9LolgYUmA2ZJY0pZOtXTjXglMwn7FrPYbITRg/0?wx_fmt=jpeg","title":"媒体 | 多家媒体报道由东北师范大学承办的第十九届国际发光会议(ICL2020)","desc":"此次会议得到多家媒体关注，让我们来一起看看吧!","url":"https://mp.weixin.qq.com/s/sWort8e4yfasPC0klHQyNg"},{"cover":"http://mmbiz.qpic.cn/mmbiz_jpg/dz10wiatQOQFfL1UB5MDrDPKSmNIHaibMHv4z25UaULBobaKo3og4H98IPwEkvEy8kA942GdnwmUcGHGuouXIEng/0?wx_fmt=jpeg","title":"风雨同舟，并肩前行@东师学子，如遇近期洪涝灾害可申请资助","desc":"东师的同学们，如遇紧急情况请向学校申请资助","url":"https://mp.weixin.qq.com/s/n5wPQVwbTjIQTiG1no5a9A"},{"cover":"http://mmbiz.qpic.cn/mmbiz_jpg/dz10wiatQOQGY54K8SPrPzHkSZybXEys7xhCd55RGKGVNjmPk5gYcAkbWXKsiaZvHxcnJI9fCHfrXf6WgOCeCaiaA/0?wx_fmt=jpeg","title":"我校2021年本科提前批次招生录取分数再创新高","url":"https://mp.weixin.qq.com/s/epoQuHgbM_b8u8LIOH9CCA"},{"cover":"http://mmbiz.qpic.cn/mmbiz_jpg/dz10wiatQOQFSG2AYMic5CXJT0vlsYCClSVI5dornxeic6ucdLoZEx2dA83br1oyzGWo62CzsjRibsraDLReRdtyFg/0?wx_fmt=jpeg&amp;amp;random=0.3690541131110261&amp;random=0.9751781270506295","title":"相约东师·名师讲专业 | 专业教师带你走近哲学、思想政治教育、社会学专业","desc":"东北师范大学欢迎你的到来!","url":"https://mp.weixin.qq.com/s/oW13EViQQDe8XJaOhnl9gA"},{"cover":"http://mmbiz.qpic.cn/mmbiz_jpg/dz10wiatQOQGSjYecFUIfq080BX7LsrvFBicRs7SYndNvUbavadexbx6TksiaBwQMTGN5C5uMwM6bANjL6xaxuGCw/0?wx_fmt=jpeg","title":"填报志愿必看!教育部权威认证，东北这所&quot;双一流&quot;高校的专业火爆","desc":"欢迎报考东北师范大学!","url":"https://mp.weixin.qq.com/s/SI60Y4P_KGjrlz8zG9-EnQ"},{"cover":"http://mmbiz.qpic.cn/mmbiz_jpg/dz10wiatQOQEQ74eSoZB2hiaAhbQNga3zVsiaoJZUwyf1ewp7cZ1VwB1Iyuxf0TNhYkYpEicX9WiaCKJT8L03M8tn7Q/0?wx_fmt=jpeg","title":"东师学长学姐等你来(第二期)","desc":"欢迎报考东北师范大学!","url":"https://mp.weixin.qq.com/s/3IjfjpIGCuXaIBG_hczUsg"},{"cover":"http://mmbiz.qpic.cn/mmbiz_jpg/dz10wiatQOQGebavz6icozQ1LF0yU9D3oicnicCMNQ31X6AicfqT7iapbhXgTlZwbEV4kibnK97pfjzmdiaXEkAphdXZ5Q/0?wx_fmt=jpeg","title":"聚焦!央视频、吉林广播电视台带你走进东北这所“双一流”大学!","desc":"欢迎报考东北师范大学!","url":"https://mp.weixin.qq.com/s/bxfzVupQKQxUIPQ4HtKa7A"},{"cover":"http://mmbiz.qpic.cn/mmbiz_jpg/dz10wiatQOQEQ74eSoZB2hiaAhbQNga3zV9xmgQODmqHjFoRcdMPGbQI1bJPxkeIWzHLqNkZ9P2BgYLSexolT1Wg/0?wx_fmt=jpeg","title":"东师学长学姐等你来(第一期)","desc":"欢迎报考东北师范大学!","url":"https://mp.weixin.qq.com/s/W2rillPrHZiuKWORZW5HJw"},{"cover":"http://mmbiz.qpic.cn/mmbiz_jpg/ysE1q5sFFFgEpyRXAccicuIyhbN7NxpsdhzcJMy8d4jNV0BIYMqeY0AbicTpoDcmicO7v5WshIicTGnWByaDpH3WpQ/0?wx_fmt=jpeg&amp;random=0.6106301812707688","title":"奶牛君带你一起“云游”东师校园!","desc":"解读招生政策，走进东师校园","url":"https://mp.weixin.qq.com/s/hN3kAce3kvKkbQzts6sFtQ"},{"cover":"http://mmbiz.qpic.cn/mmbiz_jpg/dz10wiatQOQHba7NziazVicVEK3hRo8hnvNFgxVzqVYSkEgKjVuDoRemuQJiaHG4iaBFJjOUVU39yzJxBp8fv9chiblA/0?wx_fmt=jpeg","title":"东师校友等你来(第二期)","desc":"东北师范大学欢迎你!","url":"https://mp.weixin.qq.com/s/3MlH27Uvyzm7T4-tlpEIpg"},{"cover":"http://mmbiz.qpic.cn/mmbiz_jpg/dz10wiatQOQFIH9RtA9MeOehOKf5JaMeZ8OZwUX1T4fzPBPzLpuUNJ5EZ57Gb5zJKPKOnzaZMgF5gnr67Rdbiazg/0?wx_fmt=jpeg","title":"东北师范大学2021年本科招生计划","desc":"欢迎报考东北师范大学!","url":"https://mp.weixin.qq.com/s/iIi3UP_gwRrYFKlAB3gJNw"},{"cover":"http://mmbiz.qpic.cn/mmbiz_jpg/dz10wiatQOQFIH9RtA9MeOehOKf5JaMeZicP9pBS3uqeIibic7ty9GXwRw92wzBD6ywbQCS6nYiaOVhiaRvyzDTWO1pg/0?wx_fmt=jpeg","title":"东北师范大学2021年本科招生指南正式发布!","desc":"欢迎报考东北师范大学!","url":"https://mp.weixin.qq.com/s/xF5a1P68fRo65Ne_7uDDFQ"},{"cover":"http://mmbiz.qpic.cn/mmbiz_jpg/dz10wiatQOQFIH9RtA9MeOehOKf5JaMeZ1GjrnXlbnFPtLs5lTBMKcDMzp4HVc3W9wZW0yziapRX6VMru3pjrQicg/0?wx_fmt=jpeg","title":"羲光隽永 科学报国 | 致敬东师校友陆家羲: 攻克两项世界数学难题的中学物理教师","desc":"学习榜样典型，践行东师精神!","url":"https://mp.weixin.qq.com/s/ZfWGTweFbSZPqoL6oIGQQQ"},{"cover":"http://mmbiz.qpic.cn/mmbiz_jpg/dz10wiatQOQHba7NziazVicVEK3hRo8hnvNFgxVzqVYSkEgKjVuDoRemuQJiaHG4iaBFJjOUVU39yzJxBp8fv9chiblA/0?wx_fmt=jpeg","title":"东师校友等你来(第一期)","desc":"欢迎报考东北师范大学!","url":"https://mp.weixin.qq.com/s/R7GdoofAKrQA8SeKZ6O0wg"},{"cover":"http://mmbiz.qpic.cn/mmbiz_jpg/dz10wiatQOQHba7NziazVicVEK3hRo8hnvNCNu4v4d9RO5Bial8qdDjIgb07GavFQGaagClHTIgfQnSnVMO6Ricx41A/0?wx_fmt=jpeg","title":"央视频频聚焦! 走进东北这所“双一流”硬核高校!","desc":"东北师范大学欢迎你的到来!","url":"https://mp.weixin.qq.com/s/ZTtVtjOHYjlPMunRhBPVnQ"},{"cover":"http://mmbiz.qpic.cn/mmbiz_jpg/dz10wiatQOQEjsFW7TIGIbibr5dTw7rXYEKEt4nEVRWQQ09K7mQWv9cbsUZDX4502j55Ba9MWibzBZpKfICgbQBzA/0?wx_fmt=jpeg","title":"占地167万㎡，有多个&quot;网红食堂&quot;，东北&quot;高颜值&quot;大学坐拥豪华配置","desc":"东北师范大学欢迎你的到来!","url":"https://mp.weixin.qq.com/s/2ShnoLn9pP5APKw9L-iVbg"},{"cover":"http://mmbiz.qpic.cn/mmbiz_jpg/dz10wiatQOQFSG2AYMic5CXJT0vlsYCClSDtO8hDNbMYXtrZ8AOsMqmd5Nn15Ut4TvpNhnsVgg3iaAAsjgVqj9Oog/0?wx_fmt=jpeg&amp;amp;random=0.12345056268543098&amp;random=0.383920945004667","title":"相约东师·名师讲专业 | 专业教师带你走近金融学、经济学、会计学、人力资源管理、市场营销、会计学(中外合作)专业","desc":"东北师范大学欢迎你的到来!","url":"https://mp.weixin.qq.com/s/yKH_TCIBaWUKPnOk_SdMIQ"},{"cover":"http://mmbiz.qpic.cn/mmbiz_jpg/dz10wiatQOQE0Dxp43041Ze1r6KicSLYQLaoC8ux03TibCiahO1s6g16NZp8viaI9fhsib75JYxwia8YMmicymC4wxtDzg/0?wx_fmt=jpeg&amp;amp;random=0.42708191484282576&amp;random=0.9224661236927172","title":"相约东师·名师讲专业 | 专业教师带你走近计算机科学与技术、智能科学与技术、教育技术学、图书馆学专业","desc":"东北师范大学欢迎你的到来!","url":"https://mp.weixin.qq.com/s/o2VaJxF_hyzFoBfru8caxA"},{"cover":"http://mmbiz.qpic.cn/mmbiz_jpg/dz10wiatQOQESuaQRSsQ4gfwSmIcKiadFwPnFIkHwNeKImRNEKjIkHFq65yoOOCTW1HMiaCCnXrwPh9uAqz3qszRg/0?wx_fmt=jpeg&amp;amp;random=0.5020514855508924&amp;random=0.22929416084367804","title":"相约东师·名师讲专业 | 专业教师带你走近思想政治教育(公费师范)、法学、行政管理、国际政治、政治学与行政学专业","desc":"东北师范大学欢迎你的到来!","url":"https://mp.weixin.qq.com/s/38ApuFJgbiaSU9aZmFVAHg"},{"cover":"http://mmbiz.qpic.cn/mmbiz_jpg/dz10wiatQOQEoW6MDKobEWavD6Q9E3brOEPco5MVX3EEgy4f4fHRzFrRmFxF3AcQ7JgAwzZuSexjyS4fkaK0FiaA/0?wx_fmt=jpeg","title":"权威发布 | 东北师范大学2021年国家优师专项计划招生简章","desc":"欢迎报考东北师范大学!","url":"https://mp.weixin.qq.com/s/nt8kziOto7eFCjcRZyHc5w"},{"cover":"http://mmbiz.qpic.cn/mmbiz_jpg/dz10wiatQOQEoW6MDKobEWavD6Q9E3brOvRqIcSXohShuY13icU8ZwdchlibF7JSV1FpwCqkrjVPnwJniczQAiabiaYQ/0?wx_fmt=jpeg","title":"权威发布 | 东北师范大学2021年第二学士学位招生简章","desc":"欢迎报考东北师范大学!","url":"https://mp.weixin.qq.com/s/wUUQPfiRYuOvfOKsVw11gw"},{"cover":"http://mmbiz.qpic.cn/mmbiz_jpg/dz10wiatQOQHUwM9qvrCVDqAzAjIPjm9OWLeeAlC9NHST46I2qHT5hrc8kgEBYOpibZqOZLpCVrqcVnoFRq1FXlQ/0?wx_fmt=jpeg","title":"权威发布｜东北师范大学2021年本科招生章程","desc":"欢迎报考东北师范大学!","url":"https://mp.weixin.qq.com/s/FbooBd0dKODpUr6onrljEQ"},{"cover":"http://mmbiz.qpic.cn/mmbiz_jpg/dz10wiatQOQHtjkKRqmuuZbrvValPicEVkribRonTJowXUCBjjfU1HMTEMb97KO0mzD5TUSdFVfzK2pXNcYC1VCeQ/0?wx_fmt=jpeg","title":"高考倒计时1天! 我们在东北师范大学等你! 请查收这份高考小贴士~","desc":"一份高考温馨小贴士“拍了拍”你","url":"https://mp.weixin.qq.com/s/Ss9OQ7BBqvqbSnGsRgqeHw"}]}