{"name":"东北师范大学地理科学学院","desc":"东北师范大学地理科学学院官方公众号","id":"geonenu","logo":"https://mp.innenu.com/img/media/geo.png","qrcode":"https://mp.innenu.com/img/media/geo-wechat.jpg","article":[{"cover":"http://mmbiz.qpic.cn/mmbiz_jpg/JjajDibgjHeBIX0XDljBRraFPmXfZExBYZZibJ1Xhb8LsnWlv7XjWUrC4T8FWn9rpBwXtHgZsduia0NibYWBGCqgtA/0?wx_fmt=jpeg","title":"喜报 | 我院研究生辅导员沈雯入选2021年吉林省高校辅导员年度人物","desc":"沈雯: 将育人育才使命镌刻在祖国的大地上","url":"https://mp.weixin.qq.com/s/wdsL2WFXXldIV3CQTtLSLQ"},{"cover":"http://mmbiz.qpic.cn/mmbiz_jpg/JjajDibgjHeBIX0XDljBRraFPmXfZExBYcCzPlkpj0Fjd4icteU6v5jRDW1icqYDzXfTmvJrIoMibPDWpo5r1ibIlIA/0?wx_fmt=jpeg","title":"学院新闻 | 地理科学学院党委举办“继承抗联精神，矢志热爱祖国”主题实践活动","desc":"地理科学学院党委于10月10日赴吉林辉南开展“继承抗联精神 矢志热爱祖国”主题实践活动。","url":"https://mp.weixin.qq.com/s/R8At66idE8txNd6z4SD-bA"},{"cover":"http://mmbiz.qpic.cn/mmbiz_jpg/JjajDibgjHeBEPFRricJ9XCslUhAaLPFALl84KBufVf6xm09Gu3TGAw6yBXcXVLr4OAT8VsJOMMfwvqSF2knJfgA/0?wx_fmt=jpeg","title":"学院新闻 | 我院承办中国地理学会地理模型与地理信息分析专业委员会2021年学术年会","desc":"9月24日-26日，由我院负责承办的“中国地理学会地理模型与地理信息分析专业委员会2021学术年会”在长春市召开","url":"https://mp.weixin.qq.com/s/MT8EPDrq8nUKN52yqBKPSg"},{"cover":"http://mmbiz.qpic.cn/mmbiz_jpg/JjajDibgjHeBFWvDz7MNnN5AfEUsPc7LbX7LzkMSCu8DjPYPmH7rpujQEaBmXJwyiafBj3vE6swiaXQsyPKhiatD6A/0?wx_fmt=jpeg","title":"实习展 | 地理与规划知识的学习，我们永远在路上","desc":"实习展 | 地理与规划知识的学习，我们永远在路上","url":"https://mp.weixin.qq.com/s/Br525vPyS07QkSB1LbwkbQ"},{"cover":"http://mmbiz.qpic.cn/mmbiz_jpg/JjajDibgjHeDDZ2yW6QgQ7nFVbnHe09DC0ic3GpjfZriaOGZOaPP7pcic8q19MVoufibbqR3uzQ6GSUqXxliawODDqMQ/0?wx_fmt=jpeg","title":"优博速览 | 寇新昌: 免耕条件下黑土微食物网对外源秸秆碳输入的响应机制","url":"https://mp.weixin.qq.com/s/YwjeENWF_qePN-mFX60W-w"},{"cover":"http://mmbiz.qpic.cn/mmbiz_jpg/JjajDibgjHeDpIcia6lDibq1zsqUOCKp0MUfjzQkwAWP7QUo3yaJicGVKfJSaqH29RbY49BDGhX04DYg1PicoxxFppg/0?wx_fmt=jpeg","title":"东北师范大学地理科学学院2022年接收优秀应届本科毕业生免试攻读研究生复试录取工作实施细则","url":"https://mp.weixin.qq.com/s/SqDg3LhvZo9SQIexPIffzA"},{"cover":"http://mmbiz.qpic.cn/mmbiz_jpg/JjajDibgjHeDZCftX87et3C78ZJz5kdI2NNAXGbQeZmZzWKc9MrHKnRiaTAicQdgfVCNjn7RebLYlhFt2JQu4nXlw/0?wx_fmt=jpeg","title":"学院新闻 | 地理科学学院2021级新生开学典礼隆重举行","desc":"9月14日，地理科学学院2021级新生开学典礼在地理大教室隆重举行。","url":"https://mp.weixin.qq.com/s/o3V3JHC3ozbECYe2-Dz_ew"},{"cover":"http://mmbiz.qpic.cn/mmbiz_jpg/JjajDibgjHeDAUSxMaAibNYOo3qSj6PMEkcpDWgiawwFz0ZkO73BzicTLsibUib0oouEhe9O0NULZy8FeKOC4IPyW3SQ/0?wx_fmt=jpeg","title":"开学典礼 | 院长白娥教授在2021级新生开学典礼上的讲话","url":"https://mp.weixin.qq.com/s/YebkAgxvYx5cHCfyB8Azog"},{"cover":"http://mmbiz.qpic.cn/mmbiz_jpg/JjajDibgjHeDAUSxMaAibNYOo3qSj6PMEkPlsL9G1uDQhibcVK8evpHNh6Uu1wQufLyhoUqHhzib9dtYlcS7oRfWiaA/0?wx_fmt=jpeg","title":"开学典礼 | 教师代表王昱副教授在2021级新生开学典礼上的讲话","url":"https://mp.weixin.qq.com/s/9fkt-q0URW88NL9kLwj2yw"},{"cover":"http://mmbiz.qpic.cn/mmbiz_jpg/JjajDibgjHeDAUSxMaAibNYOo3qSj6PMEkib2uDCic1Lzvrx40ce40uJLcE84fMaiaeNsQ7NCboI64ibbomedkJPM35A/0?wx_fmt=jpeg","title":"开学典礼 | 学生代表仲柏环在2021级新生开学典礼上的发言","url":"https://mp.weixin.qq.com/s/DfSdRxDOpQnUmV7pE3yV0A"},{"cover":"http://mmbiz.qpic.cn/mmbiz_jpg/JjajDibgjHeDAUSxMaAibNYOo3qSj6PMEk5Xgx8kqEkEHVQibJfQaPTiaL8SkN6h0oYibpiczobhEu8bbV1DBkibxrx9A/0?wx_fmt=jpeg","title":"开学典礼 | 新生代表张兆佳在2021级新生开学典礼上的发言","url":"https://mp.weixin.qq.com/s/zGwE5CoLaijlsjFTyq1rvQ"},{"cover":"http://mmbiz.qpic.cn/mmbiz_jpg/JjajDibgjHeBTwTHqSIYDCZn74CAF5M1jnRfEaIRuvNnYYv7zfAOQ4sXzAyjohYTNOtoT2YV39q0MhFCicCvyCMQ/0?wx_fmt=jpeg","title":"学院新闻 | 我院院长白娥教授当选为东北师范大学九三学社第十六届委员会主任委员","url":"https://mp.weixin.qq.com/s/3ZF-Kpv4ImBo_D5duj9ePQ"},{"cover":"http://mmbiz.qpic.cn/mmbiz_jpg/JjajDibgjHeCLJVUfbMpR370ibvvGGdo8HKrS8drezSnHahHErMjwnsSqwg4ws1sJmln07ibzqkVzSAF81kGVHMXQ/0?wx_fmt=jpeg","title":"热烈欢迎地理科学学院2021级新同学！","desc":"心之所向，梦想启航，热烈欢迎2021级新同学的加入，祝愿各位在东北师范大学地理科学学院，学有所成，梦想成真！","url":"https://mp.weixin.qq.com/s/PbkDKnnBeLP0ZKgdbma8tg"},{"cover":"http://mmbiz.qpic.cn/mmbiz_jpg/JjajDibgjHeDLUKerGRIZkZa9RicHK7AciaFMENxDCibtN3dzTSX3c9oicl203X3SHQ94h5HHEP14v9tep4nI6ibhbYA/0?wx_fmt=jpeg","title":"学院新闻 | 我校“长白山地理过程与生态安全教育部重点实验室” 顺利通过验收","desc":"8月14日，受教育部科学技术与信息化司委托，吉林省教育厅组织召开了“长白山地理过程与生态安全教育部重点实验室(东北师范大学)”建设项目验收会议","url":"https://mp.weixin.qq.com/s/J8-ILaQ7J7svRW06Ksn3Ag"},{"cover":"http://mmbiz.qpic.cn/mmbiz_jpg/JjajDibgjHeDo5d94DGL6QrY8V1oSdMJPTqOVxYoibpPgM2WYQu7ZjQgcECgqHKic8TicWFQFKc4feBzxW3Vuj1m3A/0?wx_fmt=jpeg","title":"百年风华 强国有我 | 地理科学学院师生庆祝中国共产党成立100周年","url":"https://mp.weixin.qq.com/s/kouYaidtNEUqTK-uZvRTrQ"},{"cover":"http://mmbiz.qpic.cn/mmbiz_jpg/JjajDibgjHeCKl7NYVNtb7bo3O8yUWDXRgXRkdAw8JoYcTiby8XIz4zmfofdCu1SZAw2adgtYULEuyjC23hGhthw/0?wx_fmt=jpeg","title":"重磅 | 习近平在庆祝中国共产党成立一百周年大会上的讲话","desc":"习近平: 在庆祝中国共产党成立一百周年大会上的讲话","url":"https://mp.weixin.qq.com/s/2yg2YKLSuk12XyfR505uOg"},{"cover":"http://mmbiz.qpic.cn/mmbiz_jpg/JjajDibgjHeDGsjNYa8agIIJeNhbuqosiaHmvhf86a2ZuNHOIoW0pbdl7j3YBYxian6vMlSLVysVtuCMUdQ7qLFvw/0?wx_fmt=jpeg","title":"会议通知 | 中国地理学会地理模型与地理信息分析专业委员会 2021年学术年会通知(第二轮)","desc":"中国地理学会地理模型与地理信息分析专业委员会拟于2021年9月在吉林省长春市举办学术年会。现发布会议第二轮通知，并邀请相关领域专家、学者、研究生参会，交流研究成果。","url":"https://mp.weixin.qq.com/s/jCwtq3MGHSLJc0RHWswgrA"},{"cover":"http://mmbiz.qpic.cn/mmbiz_jpg/JjajDibgjHeCGws72pyJIyfr2VSicOPsqDfp0RHjLulEIZwNJcOlzzlkFpAHiaRApbkkmiaBy2soES6iaMc1xEvdRgg/0?wx_fmt=jpeg","title":"学院新闻 | 我院学生在第七届吉林省高等学校大学生测绘技能竞赛中荣获佳绩","url":"https://mp.weixin.qq.com/s/B5O_2pJeD-uHrLqhXZ5o2w"},{"cover":"http://mmbiz.qpic.cn/mmbiz_jpg/JjajDibgjHeCGws72pyJIyfr2VSicOPsqDMialREI7F8TCLmMamic9KRPUX8JwjGtOf2iafg3sJBqEl6iaI7JqkBvZCQ/0?wx_fmt=jpeg","title":"成果 | 高德才等在《Soil Biology and Biochemistry》杂志发表论文揭示冻融循环对土壤碳、磷循环的影响","url":"https://mp.weixin.qq.com/s/7NzJQvd8c7750EWifpQJRQ"},{"cover":"http://mmbiz.qpic.cn/mmbiz_jpg/JjajDibgjHeAtjQPC5p7dLDrwicEOQP7Hso3t6aa8NWGoDZd9DqfndvP0YDxgdNBFicpJKqkmugC0BEW0MYCk5HaA/0?wx_fmt=jpeg","title":"印象 | 盛夏光年 · 不说再见","url":"https://mp.weixin.qq.com/s/_-v9eTk24bHbAL5YM7FbeA"},{"cover":"http://mmbiz.qpic.cn/mmbiz_jpg/JjajDibgjHeD3Leic82ich3qeKLmdxAnFmibeQHA6JR2DJKcPsBU7mB44L7F3v7JIeJybaoadAn3tmtZ0JuXu8mfVg/0?wx_fmt=jpeg","title":"学院新闻 | 我院荣获学校“百年追梦 强师报国”教职工合唱比赛三等奖","desc":"我院合唱团40余名教职工演唱了《不忘初心》和《七律—长征》两首歌曲，荣获合唱比赛三等奖。","url":"https://mp.weixin.qq.com/s/MpQHxZjsY15QDQ00A2bfWQ"},{"cover":"http://mmbiz.qpic.cn/mmbiz_jpg/JjajDibgjHeAhyka8FZAKrfEAGx1ia4NO8hDZo1TPicTIuRPC0S3rnS0QQ8ib6Gn4cZEv0uEjTRxdsXIiaicQGxabxNg/0?wx_fmt=jpeg","title":"会议报道 | 我院承办2021中国城市与区域管理学术年会","desc":"6月4日-6日，2021中国城市与区域管理学术年会在长春隆重召开，来自全国各地80多所高校和科研院所的专家、学者及研究生等300余位代表出席了大会","url":"https://mp.weixin.qq.com/s/nU9wmFIUMtqUrw5IFbOfRA"},{"cover":"http://mmbiz.qpic.cn/mmbiz_jpg/JjajDibgjHeAiaz8oY7vDYatZQ4jVD5MaJXj3BA8ksLqFUFlHTPxvJlpwSjAe0djV4JxGRxgUqk9OQbN8pNEXWgA/0?wx_fmt=jpeg","title":"“数学+地理学”交叉学科建设交流研讨会在我院召开","desc":"6月1日，东北师范大学前沿交叉研究院与地理科学学院联合举办了“数学+地理学”交叉学科建设交流研讨会。","url":"https://mp.weixin.qq.com/s/yJg1wgT4XnNCsBh6tX85Bw"},{"cover":"http://mmbiz.qpic.cn/mmbiz_jpg/JjajDibgjHeBH64OSOiaYbP2icHNqBy0OlaSxRaicwWEClYvgI03R4ZsP2ibDp3f18w5bWpWw3DVmia25J12poE8pMnw/0?wx_fmt=jpeg","title":"学院新闻 | 我院举办GIS学业规划和就业指导专题讲座","desc":"《GIS专业学科竞赛与实践技能学习经验之谈》和《GIS专业与就业》分享报告会","url":"https://mp.weixin.qq.com/s/qjcKP_4z5oZXOT8PUsQleA"}]}