{"name":"东师信科","detail":"东北师范大学信息科学与技术学院","desc":"欢迎关注东北师范大学信息科学与技术学院","id":"dsxk2017","logo":"https://mp.innenu.com/img/media/ist.png","qrcode":"https://mp.innenu.com/img/media/ist-qrcode.jpg","article":[{"cover":"http://mmbiz.qpic.cn/mmbiz_jpg/UYFyeYjCWKMbJUbhGh0J3fNWc5lNQ4nlytnEhcdM4EDFh5xYibkIWVbG1gJMpWXeWFo1wtCr9VWzNT0nrZBuv3A/0?wx_fmt=jpeg","title":"信息科学与技术学院学生会改革情况","desc":"学生会改革情况公开","url":"https://mp.weixin.qq.com/s/LI8dhSkjvr-vFrlbi-tOcw"},{"cover":"http://mmbiz.qpic.cn/mmbiz_jpg/UYFyeYjCWKMbJUbhGh0J3fNWc5lNQ4nlRX6q6t4SCVjoOGMBSMxLHQS63FYzcpT0NSQHfhzMqukwkH2uSyR4pA/0?wx_fmt=jpeg","title":"信息科学与技术学院研究生会改革情况","desc":"信息科学与技术学院研究生会改革情况","url":"https://mp.weixin.qq.com/s/oLFpYzP-UdCtmdU8zouLYA"},{"cover":"http://mmbiz.qpic.cn/mmbiz_jpg/UYFyeYjCWKNqd5WDJnCM3jjb50cHwnKIeic6MKyjzPxZ7WwauhPlJSZcwdWibSCC0WvYPQd67usouHibpvZC47qWw/0?wx_fmt=jpeg","title":"热血燃岁月，青春展风采","desc":"热血燃岁月，青春展风采","url":"https://mp.weixin.qq.com/s/EGLm-HsDajzG_BuHKmYUlA"},{"cover":"http://mmbiz.qpic.cn/mmbiz_jpg/UYFyeYjCWKOxFGzkyVShASqxYASLFJwKGlZ7OrgqdCrEQL9HW4xcMJt5n9Y99T7UyJsTOicmRRucStGtftCpGyg/0?wx_fmt=jpeg","title":"我为同学做件事 | 传创新精神，绘科研蓝图","desc":"学生会邀请高年级学生代表与21级新生们分享科研经历和比赛经验！","url":"https://mp.weixin.qq.com/s/UQBB8qS87uSClZ06wvNcww"},{"cover":"http://mmbiz.qpic.cn/mmbiz_jpg/UYFyeYjCWKNpaF1nBVB7LdcyhoJNib7IKN3mWbJaJoicibZz51NuU03Gw1SC18zmI2zULsdRh5IGSWZxmEetOAl2A/0?wx_fmt=jpeg","title":"萌新 | 东师初体验","desc":"盼望着，盼望着，宝们要来啦~","url":"https://mp.weixin.qq.com/s/VxqfD54VLO5Bj4r13aJz2g"},{"cover":"http://mmbiz.qpic.cn/mmbiz_jpg/UYFyeYjCWKNpaF1nBVB7LdcyhoJNib7IKpT75ViaO3az2Wty3utf3ciaGpeRnjJriahKib49Aj3kjHCsTwDibj9tTGGQ/0?wx_fmt=jpeg","title":"萌新来啦 | 防疫指南","desc":"新生入学防疫指南","url":"https://mp.weixin.qq.com/s/GuRYEblmYK2_IVgLbN7NXQ"},{"cover":"http://mmbiz.qpic.cn/mmbiz_jpg/UYFyeYjCWKOwFN5QrTLo8d1m2dIeicicJJYxVJv5szwAuHmibAOCL0UAG71IRC7L62Wyo25CPTOVDGicb0FEFJDWkw/0?wx_fmt=jpeg","title":"信息科学与技术学院隆重举行2021届学生毕业典礼暨学位授予仪式","desc":"我们的故事还在继续~","url":"https://mp.weixin.qq.com/s/O7TWuFbqtu7rR7au6-MNMw"},{"cover":"http://mmbiz.qpic.cn/mmbiz_jpg/UYFyeYjCWKPSfpt4mtniazS7yDEJKVNg6rDk2UtobOx3w8O2OZYRJJa4eKbLm5rtC5rw0eqzkG5S9KicSEhefSzQ/0?wx_fmt=jpeg","title":"喜讯|我院学子入选全国百名本专科生国家奖学金获奖学生优秀代表","desc":"我院学子赵梦宇入选全国百名本专科生国家奖学金获奖学生优秀代表","url":"https://mp.weixin.qq.com/s/MHSKwSrYw9hnBFDaFYHAlQ"},{"cover":"http://mmbiz.qpic.cn/mmbiz_jpg/UYFyeYjCWKOIqjSdQ6US9zYiannm9UMVbLhl7W8TibyuiaDMRnxEdGnP9mcCtRypC03dw5ZKLhZpSt2oFVQD269HA/0?wx_fmt=jpeg","title":"传承五四精神 凝聚青春力量","desc":"忆五四 · 峥嵘岁月","url":"https://mp.weixin.qq.com/s/rW59W0QPpNCnR9Uu3yGqhA"},{"cover":"http://mmbiz.qpic.cn/mmbiz_jpg/UYFyeYjCWKMk69J9ic8xhdN5ZwA3EOKZCo5ARbeT3H6u7uc5ZN3RRH6fV96HY0O9fmwlQb59WPiab6b0dgdtVqlg/0?wx_fmt=jpeg","title":"党史学习系列活动——优秀志愿者事迹分享交流会","desc":"我院成功举办“党史学习系列活动——优秀志愿者事迹分享交流会”","url":"https://mp.weixin.qq.com/s/HimaEU6wvcFR74-T9i58_w"},{"cover":"http://mmbiz.qpic.cn/mmbiz_jpg/UYFyeYjCWKN0hY4AkrIRxsDIGsiahtDBxIt90gSHGZbnTaj3Qia9FAYulYZN8mfSaIPialvhuvK2ibtIwiby9mnxN8g/0?wx_fmt=jpeg","title":"2020鼠你最棒，2021再创辉煌","desc":"2020即将成为过去，让我们紧抓鼠年的尾巴，去看看“鼠”于我们的2020发生了什么！","url":"https://mp.weixin.qq.com/s/qZM7JmuBDs4kH4foMNCRDQ"},{"cover":"http://mmbiz.qpic.cn/mmbiz_jpg/UYFyeYjCWKPSIcrCawFhwrsZiaf9rOa2354k7wkS3RLr2J6eV34crmib7ibXQ40uLbQJIWicBL0Oe8Y4CMuuJTwCJg/0?wx_fmt=jpeg","title":"“制止餐饮浪费，培养节约习惯”倡议书","desc":"呼吁同学们从自身做起，勤俭节约。","url":"https://mp.weixin.qq.com/s/-JK7ZoG1jRj_cQKzyz-2pA"},{"cover":"http://mmbiz.qpic.cn/mmbiz_jpg/UYFyeYjCWKO6fI5FRaQkof7InkCaQMBWFt7W3MFJfGHaplhiaHeylSvRUeeZwEV9VBfqial5OVjqLNYM1w3WayYA/0?wx_fmt=jpeg","title":"学生党支部特辑｜献礼建党百年青年成长汇报","desc":"党员拉手，薪火相传，前路浩荡，万物可期。","url":"https://mp.weixin.qq.com/s/na4LH_RqURqPRRWXGu9nRQ"}]}