{"name":"东北师范大学党委教师工作部","desc":"教师思想政治工作，师德师风建设","id":"dbsfdxdwjsgzb","logo":"https://mp.innenu.com/img/media/official.png","qrcode":"https://mp.innenu.com/img/media/league-teacher-wechat.jpg","article":[{"cover":"http://mmbiz.qpic.cn/mmbiz_jpg/ysE1q5sFFFg3YBNwbxh1GvtQgibiasZEqRK4AiaCYndfJ6hLDnwvWhFZVx1RILxGgiaVHQ6HiamibefZg21vCxeib7acg/0?wx_fmt=jpeg","title":"荣耀东师·誉满桃李 | 走近东师荣誉教授——盛连喜","desc":"满腔热情育桃李，披肝沥胆报国家。年过古稀未伏枥，满头白发犹未悔。","url":"https://mp.weixin.qq.com/s/3oX9mEYFohgEPusfaG3a_Q"},{"cover":"http://mmbiz.qpic.cn/mmbiz_jpg/ysE1q5sFFFgvlrLiaKbUKJrnVyTpvh5LSJUxPhfgIsaqUh82536qRibnpib8uTFhbo7T6w3bV3RwYtWPB2qdRKsqA/0?wx_fmt=jpeg","title":"荣耀东师·誉满桃李 | 走近东师荣誉教授——黄百渠","desc":"满腔热情育桃李，披肝沥胆报国家。年过古稀未伏枥，满头白发犹未悔。有那么一些人扎根东师数十载从风华正茂到步履蹒","url":"https://mp.weixin.qq.com/s/pKJ7khp8qG7fT02YJqn05Q"},{"cover":"http://mmbiz.qpic.cn/mmbiz_jpg/ysE1q5sFFFgvlrLiaKbUKJrnVyTpvh5LSJUxPhfgIsaqUh82536qRibnpib8uTFhbo7T6w3bV3RwYtWPB2qdRKsqA/0?wx_fmt=jpeg","title":"荣耀东师·誉满桃李 | 走近东师荣誉教授——张澍军","desc":"满腔热情育桃李，披肝沥胆报国家，年过古稀未伏枥，满头白发犹未悔。有那么一些人扎根东师数十载从风华正茂到步履蹒","url":"https://mp.weixin.qq.com/s/cmOA2nljZHWWaIZ8W6ujoA"},{"cover":"http://mmbiz.qpic.cn/mmbiz_jpg/ysE1q5sFFFgd0GXicsIUv7KYQPgh9w2riawT14QicbSAPKzJ9ibicdz3s4rDOLT7AVoicuPw3eh58vicdFetlRuh7dbWQ/0?wx_fmt=jpeg","title":"荣耀东师·誉满桃李 | 走近东师荣誉教授——史宁中","desc":"满腔热情育桃李，披肝沥胆报国家，年过古稀未伏枥，满头白发犹未悔。","url":"https://mp.weixin.qq.com/s/bKWdnuUDP-TuB6eHFJI2Qg"},{"cover":"http://mmbiz.qpic.cn/mmbiz_jpg/4w5B0X0icq7Cz568j12F1WItwtNNInjDhkpmiaWgNcia908rXF1P7Wxv2tDP1ZOgFMTK6yib659hqzxtVX0TEN2C4w/0?wx_fmt=jpeg","title":"习近平与教师们在一起","url":"https://mp.weixin.qq.com/s/PUdrO6xTba5TZuGRv2Lkwg"},{"cover":"http://mmbiz.qpic.cn/mmbiz_jpg/4w5B0X0icq7C0t61EH04y493PdsyKBNSGicqTupebHf7rWUQD3fCoQertoP3xvkoicZUlMop3bbWIVDVcqqkAAVHQ/0?wx_fmt=jpeg","title":"弦歌不辍  一诺千钧 |聆听师长从教微语录","desc":"种得桃李满天下，心唯大我育青禾，弦歌不辍终不悔，师者一诺重千钧。","url":"https://mp.weixin.qq.com/s/_yiEe-epdZvesVz8FIMhJw"},{"cover":"http://mmbiz.qpic.cn/mmbiz_jpg/ysE1q5sFFFjzGSibD2GFUSJnicsVKH7jvA0FxKwGUrWiaWqVovGVHBOAFGzdqicnBKbyt2WzBYrwahIr9kw5QmBWDw/0?wx_fmt=jpeg","title":"荣耀东师·誉满桃李 | 走近东师荣誉教授——田克勤","desc":"满腔热情育桃李，披肝沥胆报国家，年过古稀未伏枥，满头白发犹未悔。有那么一些人扎根东师数十载从风华正茂到步履蹒","url":"https://mp.weixin.qq.com/s/nfUJxtbcpJyJ2HIbfpC9lg"},{"cover":"http://mmbiz.qpic.cn/mmbiz_jpg/4w5B0X0icq7DJuXapVoa6fePhzxFWPQlPSRib5jVbjLMfQGuVlLCoiaeGpMa3ozKtMIu487JKx9Xw0sVdcicUT9F5A/0?wx_fmt=jpeg","title":"我校教师入选2021年度“吉林好人·最美教师暨黄大年式好老师”","desc":"9月6日，2021年度“吉林好人·最美教师暨黄大年式好老师”发布会在长春工业大学礼堂召开，我校第二届“郑德荣","url":"https://mp.weixin.qq.com/s/WgSyIRnQh3tGWDxR-jZxzg"},{"cover":"http://mmbiz.qpic.cn/mmbiz_jpg/4w5B0X0icq7DWBFgbW9LH0uJYJjOlv8RS4w1F1rgP4AB6sJriaPSx5PM4WVHbvDJtib7QQ2Uegn5Tp332EvQrs7Rw/0?wx_fmt=jpeg","title":"教育部公开曝光第七批8起违反教师职业行为十项准则典型案例","desc":"日前，教育部公开曝光第七批8起违反教师职业行为十项准则典型问题。教育部有关负责人指出，8起典型案例涉事教师都","url":"https://mp.weixin.qq.com/s/t4cS_WvoucTlUMXHg9yzcg"},{"cover":"http://mmbiz.qpic.cn/mmbiz_jpg/4w5B0X0icq7AHoxWCCiavJ6lmAjSohkbsrwwGh1PKXUZLDE0PouvNsc0B3OPVtw7lia5Z1LUWuLKfDMeciagUIicIoQ/0?wx_fmt=jpeg","title":"东北师范大学第二届“行知中国”优秀骨干教师教育实践培训活动走进红色胶东","desc":"7月5日至9日，我校第二批“行知中国”优秀骨干教师教育实践培训活动在胶东（威海）党性教育基地举办。此次培训由全校各学院选派优秀骨干教师代表参加。","url":"https://mp.weixin.qq.com/s/IC49fSl7CedBA_gBTdzpUA"},{"cover":"http://mmbiz.qpic.cn/mmbiz_jpg/4w5B0X0icq7BU8MFKGE291iaOuwuC5GW793cAn6niaMJdpO4eiaMzCxV2vJ0nZD0SkaIdKFUJc56AwiaHbuyZhbNUgQ/0?wx_fmt=jpeg","title":"“百年追梦  强师报国” ——追忆“红色理论家”郑德荣","desc":"为深入开展党史学习教育，涵养师德师风，共育两代师表，6月30日，党委教师工作部在传媒科学学院西楼313组织开","url":"https://mp.weixin.qq.com/s/D7nYxqMi0Xfb50kBn0ylzw"},{"cover":"http://mmbiz.qpic.cn/mmbiz_jpg/4w5B0X0icq7BU8MFKGE291iaOuwuC5GW791hWptpPI1oxuiaTFO3TuBdaxibbzjr6BJXwYOdmMcd1K9eWvQJtMZkQQ/0?wx_fmt=jpeg","title":"我校“全国教书育人楷模”高夯受邀参加庆祝中国共产党成立100周年大会观礼活动","desc":"奋斗百年路，启航新征程。7月1日，庆祝中国共产党成立100周年大会在北京天安门广场隆重举行。我校全国教书育人","url":"https://mp.weixin.qq.com/s/Ro4gEa_CWYv38o_LhILeWQ"},{"cover":"http://mmbiz.qpic.cn/mmbiz_jpg/4w5B0X0icq7ADBRiamSvpbI6yicMDjql0B3skzkJ4MAReY5ZUePeVsJK7iaFwmSehUlic0w23EcZaQ1QoP62u0Ra2Hw/0?wx_fmt=jpeg","title":"党委教师工作部副部长康秀云教授为教育部幼儿园园长培训中心（附属幼儿园）直属党支部作师德专题讲座","url":"https://mp.weixin.qq.com/s/SZ7S7EezqZbpnJwhsgy0hw"},{"cover":"http://mmbiz.qpic.cn/mmbiz_jpg/4w5B0X0icq7CNmIg0boQ7fe6Fh2YR6D4KiaasdPAibpKYzAOzXspiavfreg6yHJntD0SYTiao8ibG1hH4FYgV5SJqz7g/0?wx_fmt=jpeg","title":"师德宣讲I韩秋红教授：恪守师德  躬身立德","desc":"师德典型I韩秋红春风化雨育桃李润物无声铸师魂近日，学校召开了师德专题教育动员部署大会。会上，全国教书育人楷模","url":"https://mp.weixin.qq.com/s/iWXSUELN3fzgjPeFReTEuQ"},{"cover":"http://mmbiz.qpic.cn/mmbiz_jpg/4w5B0X0icq7CNmIg0boQ7fe6Fh2YR6D4KOlSGMT9uUgJfsF4jHRZML00hY7mze3hFKVqcWtm2OH38T0cVwqnASw/0?wx_fmt=jpeg","title":"师德宣讲I高夯教授：不忘立德树人初心，牢记为党育人、为国育才使命","desc":"师德典型I高夯春风化雨育桃李润物无声铸师魂近日，学校召开了师德专题教育动员部署大会。会上，全国教书育人楷模、","url":"https://mp.weixin.qq.com/s/0gbA5t8h6muYOQRJq4socg"},{"cover":"http://mmbiz.qpic.cn/mmbiz_jpg/4w5B0X0icq7C8LfjyOjWubm63HYRK4tEnoibycfial2JURTVoWtdA6v8ibmeh19Vklk1q03cjKYdJuRib5VJ4Vfnicgw/0?wx_fmt=jpeg","title":"学校召开师德专题教育动员部署会","url":"https://mp.weixin.qq.com/s/v-6mUa7QZzBtPeM2Tpzkxg"},{"cover":"http://mmbiz.qpic.cn/mmbiz_jpg/1LGPufKFDrfo2PLcA01tWhJsFjfOueEWFGnNJicDkVbgfkm66jdzqnjicsS73ibMXFEzyMHaRujIkhZ4PtfMevibhA/0?wx_fmt=jpeg","title":"集结令｜本科生奖学金表彰大会暨第二十一届“理想与成才”报告团首场报告会来啦！","desc":"2019-2020学年本科生奖学金表彰大会暨第二十一届“理想与成才”报告团首场报告会来啦！","url":"https://mp.weixin.qq.com/s/JyQ28UaPuaVZjeSuN4mJAw"},{"cover":"http://mmbiz.qpic.cn/mmbiz_jpg/4w5B0X0icq7ABweHIs3yXoqAZzrqpcb55iaMp6g9uVIzysAssGlHzav3fV0icPEqA6rQUgENo83ceGnJw6YQILPJA/0?wx_fmt=jpeg","title":"习近平总书记在清华大学考察金句来了！","desc":"图片来源：新华社官方微博","url":"https://mp.weixin.qq.com/s/fzJs9IlxeyaoYgZNy4BMYw"},{"cover":"http://mmbiz.qpic.cn/mmbiz_jpg/4w5B0X0icq7A1F4Dmibl1ojjE23L8RTceH0VRG7EbgWGQfcibONnVypSKNbFqPnpic0cuZVu12SYEuumwN9zc0E9cQ/0?wx_fmt=jpeg","title":"教育部公开曝光8起违反教师职业行为十项准则典型案例","desc":"日前，教育部对8起违反教师职业行为十项准则典型问题进行公开曝光。","url":"https://mp.weixin.qq.com/s/j4nn7DE9z6BryPy4DEHDrQ"},{"cover":"http://mmbiz.qpic.cn/mmbiz_jpg/4w5B0X0icq7Bb4lEpPEomzHDRK3mryz4cYtaTaB09ibEuf0fic2qAnKRw5vGoxIVxkdpXtF10LfMmLAB4nfrUOFow/0?wx_fmt=jpeg","title":"《中国社会科学报》专版整版刊发我校教育部师德师风建设基地研究成果","desc":"教育部师德师风建设基地（东北师范大学）是经教育部批准，首批在全国设立的10家师德师风建设基地之一。基地成立以来，组织相关专家学者聚焦师德师风建设研究，取得了系列学术成果。","url":"https://mp.weixin.qq.com/s/b4ngCBUxfJYmN_MbHZZ_Bg"},{"cover":"http://mmbiz.qpic.cn/mmbiz_jpg/4w5B0X0icq7A6vxvqFMVlEvRMV0Ip4hWiaIVdKNPoGsVLV4YQIMic59cofic1bgKaZ7t2GQsibQpWuaVn4Zp4mWJZNQ/0?wx_fmt=jpeg","title":"2021年学校师德建设委员会第一次工作会议召开","desc":"3月24日，学校师德建设委员会在综合办公楼五楼会议室召开了2021年第一次工作会议。学校师德建设委员会副主任","url":"https://mp.weixin.qq.com/s/u8ymw2-VJUWeiVt3HG_YOw"},{"cover":"http://mmbiz.qpic.cn/mmbiz_jpg/4w5B0X0icq7DfvMqXjFibkN4kXaCgr0QnYc9FDrestoc8hzhIlJrWJR3Wz5UBgwcYQjicyvGlNaicsEkccEMGPs5jQ/0?wx_fmt=jpeg","title":"东北师范大学马克思主义学部（教育部师德师风建设基地）专任教师招聘启事","desc":"东北师范大学教育部师德师风建设基地是经教育部批准，首批在全国设立的10家师德师风建设基地之一。基地依托我校马","url":"https://mp.weixin.qq.com/s/C2ZZ8FIGDkcTyNqO1Wt7Tg"},{"cover":"http://mmbiz.qpic.cn/mmbiz_jpg/4w5B0X0icq7Cic7g9W23Zp4rKUV2fsjIoYH0iaB76cFlrzWrfF6K9188ZgBaKLotA5ZCQR5vxBDvG1ibR3Aib9T4ZpA/0?wx_fmt=jpeg","title":"教育部教师工作司司长任友群：紧抓师德师风第一标准，提升教师教书育人能力素质","desc":"党的十九届五中全会确定的未来发展规划和目标，兼具政治性、创新性、时代性和人民性，是我们未来一个时期的行动纲领。教师司将学习贯彻落实好全会精神作为当前和今后一个时期首要任务、主要任务和最重要的政治任务，迅速开启学习宣传贯彻落实工作。","url":"https://mp.weixin.qq.com/s/C8CUCy8wlWFMJghST8d6Zg"},{"cover":"http://mmbiz.qpic.cn/mmbiz_jpg/4w5B0X0icq7CIgHWy3zC5miauf8ibuXg2bMqurTKzHkdBSPW4ia3mfibP6V1S8y7RRcXxfiaQwFmVsuM3nstM1O65dcA/0?wx_fmt=jpeg","title":"关于公布“新时代师德师风建设”主题征文评选结果的通知","url":"https://mp.weixin.qq.com/s/7Hvvvkkv6b6VfutBocMJFA"},{"cover":"http://mmbiz.qpic.cn/mmbiz_jpg/4w5B0X0icq7D2FJ83dPuF4NBLaCS3IZDE7jY3KN6x2bWrynFUEh9Q57xV89guHGkSoiaiciaqBM8ZtIMlafDBbMiaMA/0?wx_fmt=jpeg","title":"我校召开新时代师德师风建设项目推进会","desc":"12月4日，我校在学校教育部师德师风建设基地办公室召开新时代师德师风建设项目推进会，听取各项目组相关研究进展和计划。","url":"https://mp.weixin.qq.com/s/SM1ft92wkk436bNS9tPEIQ"},{"cover":"http://mmbiz.qpic.cn/mmbiz_jpg/4w5B0X0icq7D2FJ83dPuF4NBLaCS3IZDE7jY3KN6x2bWrynFUEh9Q57xV89guHGkSoiaiciaqBM8ZtIMlafDBbMiaMA/0?wx_fmt=jpeg","title":"我校召开新时代师德师风建设项目推进会","desc":"12月4日，我校在学校教育部师德师风建设基地办公室召开新时代师德师风建设项目推进会，听取各项目组相关研究进展和计划。","url":"https://mp.weixin.qq.com/s/SM1ft92wkk436bNS9tPEIQ"}]}