{"title":"中华古诗词吟诵团","shareable":true,"content":[{"tag":"account","name":"中华古诗词吟诵团","logo":"https://mp.innenu.com/img/association/gushici.png","desc":"薪火相传，舍我其谁"},{"tag":"card","cover":"https://mp.innenu.com/img/association/gushici-cover.jpg","logo":"https://mp.innenu.com/img/association/gushici.png","title":"我们纳新了","url":"page?id=guide/association/culture/poem-intake","type":"page","src":"https://mp.innenu.com/img/association/gushici-cover.jpg"},{"tag":"title","text":"简介"},{"tag":"p","text":["中华古诗词吟诵团，成立于2007年，是文学院下属的专业学生活动组织，文学院特色社团，历来受文学院老师的推荐。","社团以“薪火相传，舍我其谁”为口号，将诗词吟诵传统应用到语文教学以及人们的日常生活中，为中华古诗词教学与现代传播做出自己的努力。"],"style":"text-indent: 1.5em; "},{"tag":"carousel","url":["https://mp.innenu.com/img/association/gushici1.jpg","https://mp.innenu.com/img/association/gushici2.jpg","https://mp.innenu.com/img/association/gushici3.jpg","https://mp.innenu.com/img/association/gushici4.jpg","https://mp.innenu.com/img/association/gushici5.jpg","https://mp.innenu.com/img/association/gushici6.jpg","https://mp.innenu.com/img/association/gushici7.jpg","https://mp.innenu.com/img/association/gushici8.jpg"]},{"tag":"title","text":"部门介绍"},{"tag":"text","text":["社团下设秘书处、吟唱部、礼制部、教务学研中心、网建宣传部五个部门。"]},{"tag":"p","heading":"秘书处","text":["理识明赡，决断如流。秘书处主要负责活动前期的策划准备，活动中协调及后期的总结工作。秘书处和学校、老师联系最为密切。加入秘书处，你可以在筹划社交中提升自己的能力。当然!我们也有机会参与到相关吟诵活动中。"],"style":"text-indent: 1.5em; "},{"tag":"p","heading":"吟唱部","text":["吟诵有所得，众神卫我形。吟唱部是吟诵团核心部门之一，承担了团内外教唱和外出表演的任务。古韵今唱，和诗以歌，诚邀对诗词和吟诵感兴趣的同学加入，我们共赴“行吟泽畔”之约。"],"style":"text-indent: 1.5em; "},{"tag":"p","heading":"礼制部","text":["越罗衫袂迎春风，玉刻麒麟腰带红。礼制部主要承担整理保存社团汉服、社团活动礼仪以及迎新晚会演出的工作。溯形制礼仪，扬中华文化。若心系古代礼仪和汉服文化，就加入礼制部吧!"],"style":"text-indent: 1.5em; "},{"tag":"p","heading":"教务学研中心","text":["知之愈明，行之愈笃。教务学研中心是中华古诗词吟诵团的诗词资料中心，主要负责吟诵材料的准备与讲授，让大家在学习吟诵的时候能更好的理解诗词，把握情感，而且也负责第二课堂的基础理论教授工作。在这里，你可以学到丰富的知识文化，在教授中提升自己的素养和能力。"],"style":"text-indent: 1.5em; "},{"tag":"p","heading":"网建宣传部","text":["言教到户，日见语之。宣传部主打线下宣传，包括设计宣传海报，参与走寝活动等，同时学习吟诵知识，参与各种展示活动。我们欢迎热爱设计，掌握视频剪辑等技术，想要学习提高的你。"],"style":"text-indent: 1.5em; "},{"tag":"title","text":"主要活动"},{"tag":"ul","text":["文学院迎新晚会表演","第二课堂的吟诵教学、传统文化和汉服文化教学","吟咏东师活动；汉服展活动以及传统节日的特色活动"]}],"images":[],"id":"guide/association/culture/gushici","scopeData":{"@type":"general","uniq_id":"guide/association/culture/gushici","title":"中华古诗词吟诵团","digest":"中华古诗词吟诵团，成立于2007年，是文学院下属的专业学生活动组织，文学院特色社团，历来受文学院老师的推荐。 社团以“薪火相传，舍我其谁”为口号，将诗词吟诵传统应用到语文教学以及人们的日常生活中，为中华古诗词教学与现代传播做出自己的努力。社","thumbs":["https://mp.innenu.com/img/inNENU.jpg"],"tags":["简介","部门介绍","主要活动"]}}