{"title":"校园卡政策对比","author":"Mr.Hope","time":"2021年11月20日","grey":true,"shareable":true,"content":[["text",{"heading":" ","text":["三大运营商在校内都有自己的营业厅，同时在每年迎新季为吸引新生同学，三大运营商都会推出较为优秀的套餐服务。"]}],["text",{"type":"warning","text":["收到精力制约以及避免打广告嫌疑，Mr.Hope 2021年度无计划了解并列出校园卡政策。","今年三家政策横向对比相差仍不太多，请同学们自己了解并根据自身需求决定是否办理和办理哪一家的卡。"]}]],"cite":[],"id":"guide/life/sim/index"}