{"title":"课程","author":"Mr.Hope","time":"2021年12月20日","grey":true,"shareable":true,"content":[{"tag":"title","text":"本科课程"},{"tag":"list","header":"课程设置","items":[{"text":"通识教育课程","icon":"content","path":"guide/course/general/index"},{"text":"专业教育课程","icon":"content","path":"guide/course/professional"},{"text":"发展课程课程","icon":"content","path":"guide/course/develop"},{"text":"新生研讨课","icon":"content","path":"guide/course/discuss"}]},{"tag":"list","header":"课程安排","items":[{"text":"本科课程表","icon":"plan","path":"guide/course/table"},{"text":"本科课程计划","icon":"plan","path":"guide/course/plan/index"}]},{"tag":"list","header":"体育课","items":[{"text":"体育课介绍","icon":"basketball","path":"guide/course/pe/intro"},{"text":"校园跑","icon":"run","path":"guide/course/pe/running"}]},{"tag":"list","header":"网课","items":[{"text":"网课说明","icon":"wifi","path":"guide/course/net-course"}]},{"tag":"list","header":"英语课程","items":[{"text":"课程简介","icon":"english","path":"guide/course/english/intro"},{"text":"免修评定","icon":"exemption","path":"guide/course/english/exemption"},{"text":"东北师范大学英语水平测试","icon":"english","path":"guide/course/english/DET"}]},{"tag":"list","items":[{"text":"Mr.Hope の个人建议","icon":"idea","path":"guide/course/advice"}]},{"tag":"title","text":"研究生课程"},{"tag":"list","header":false,"items":[{"text":"待补充..."}]}],"cite":[],"id":"guide/course/index"}