{"title":"防盗防骗攻略","author":"Mr.Hope","time":"2021年12月3日","shareable":true,"content":[{"tag":"text","type":"danger","text":["入学期间您一定要提高自身安全意识，注意防盗防骗!!!","即使校园封闭管理，报到期间一定会有校外人员从校园角落翻墙进来，装作您所在学院的学长学姐到您的寝室以各种名义实施诈骗。"]},{"tag":"text","type":"tip","text":["以下是常见的诈骗手段。"]},{"tag":"title","text":"订阅类"},{"tag":"text","text":["会有“学长学姐”到寝室说卖英语牛津词典，先交费，后面会送来，结果自然就人间蒸发了。","类似的还有英语报纸、四六级资料、大一专业书等。","请注意，不会有学长学姐到您的寝室推荐给您“专业课书”的。","任何需要先付款后交货或是长期订阅的都不可信!!!"]},{"tag":"text","type":"warning","text":["请注意，没有任何一个学院会有任何的订阅项目。如果的确有需要收费的，也一定是通过您的辅导员转达给您!!"]},{"tag":"text","type":"warning","text":["在您报到时候辅导员一定会在报到处!","记住您辅导员的长相，不要后面有人声称是您的辅导员您就信了。"]},{"tag":"title","text":"培训付费"},{"tag":"text","text":["最常见的就是拉您去做 XX 兼职，但是却要您交押金等。","比如让您去当玩偶，让您交 300 元玩偶服押金，转身您完换衣服的时候，您就再也找不到这个拉您来兼职的人了，微信也拉黑，租衣服的人会让您交衣服的租金，并表示不认识您说的人。","另外还有一个真实的新东方骗局。发生在前几年开学没多久，首先利用真学长学姐和新东方兼职的名义走寝，利用从众心理，让每个寝室有意愿参加新东方兼职的同学在本子上签上自己的名字并留下联系方式。走寝的是真东师坑人学长学姐，并且看到本子上有许多同学的名字，比如班长、年级长，好多人会盲从签字。 然后过一段时间，通知有讲座培训，真东师坑人学姐宣讲大学经验心路历程，凸显卖报纸和英语材料，兼职赚钱容易，表示最低工资收入五千等等…… 吸引加入大一暑期培训和卖英语材料……实际根本不是新东方兼职，卖的很多都不是新东方的材料，卖东西以骗为主，去其他学校要求伪装成该校学长学姐，有良心的学长学姐也不会愿意坑骗自己本校学弟学妹。大部分连培训费的四分之一都拿不回来。","所以即是有我们学校一卡通的真学长学姐，推销四六级、计算机等资料的，最好慎之又慎，要过四六级自己买套真题刷了就二三十块钱最靠谱。"]},{"tag":"title","text":"免费劳力"},{"tag":"ul","text":["最常见的就是招打字员，承诺一定的价格，后续您交稿的时候，找出里面的错字并以此为理由拒绝支付您佣金，甚至直接拉黑。"]},{"tag":"title","text":"推销被褥"},{"tag":"p","text":["很多骗子会利用被褥体积大难以邮寄的特点，到各个新生群去冒充学长学姐，以被褥需要制作为由，提前向您收取几百的费用。等到开学您会发现并不会有人给您发被褥。通常他们是通过空间、朋友圈等方式盗取了真学长学姐的个人信息，其实是李鬼。"],"style":"text-indent: 1.5em; "},{"tag":"title","text":"校园内强制推销"},{"tag":"p","text":["在学校里拦着您卖劣质笔，一盒一盒让您买，说是经管大四实习过任务的这种也是骗子。我们学校是不会安排这种活动的，都是校外翻进来的。可以先委婉拒绝，然后立即拨打保卫处电话让保卫处过来抓人。"],"style":"text-indent: 1.5em; "},{"tag":"img","src":"https://mp.innenu.com/img/check/bilk.jpg"},{"tag":"text","type":"tip","text":["如果您上当受骗，请及时给您的辅导员打电话说明情况，并致电学校保卫科保安。","您也可以将您经历的新型骗局通过右下角联系 Mr.Hope 发给我，我会增添到小程序里用作警示以防他人受骗。"]},{"tag":"list","header":false,"items":[{"text":"保卫科","icon":"safe","path":"intro/apt/defend"},{"text":"辅导员联系方式","icon":"phone","path":"guide/prepare/counselor/2021"}]}],"cite":[],"id":"guide/check/guard"}