{"title":"本部图书馆学术沙龙座位预约","author":"Mr.Hope","time":"2022 年 6 月 27 日","shareable":true,"cite":["http://my.nenu.edu.cn/hallIndex/showAppDetail?appid=9be775d2a0a54ec892cee17fc7409bbf"],"content":[{"tag":"text","text":["目前只能在图书馆线下办理"]},{"tag":"title","text":"办理流程"},{"tag":"img","src":"https://mp.innenu.com/img/action/benbu-salon.png"},{"tag":"title","text":"相关文件"},{"tag":"doc","name":"学术沙龙座位预约表","url":"https://mp.innenu.com/file/action/benbu-salon.docx","icon":"doc"}],"id":"guide/action/benbu-salon"}