{"title":"学前教育专业","desc":"来源: 教育学部官网\n最后更新于: 2020年10月1日","time":"2021年8月15日","shareable":true,"content":[["title",{"text":"专业简介"}],["p",{"text":["本专业旨在培养在专业理念与师德、专业知识和专业能力方面符合国家要求，能够独立承担幼儿园保育教育、管理和研究的卓越幼儿园教师，继续攻读相关学科硕士学位的研究性人才，以及其它与儿童事业有关的综合性人才。"],"style":"text-indent: 1.5em; "}],["text",{"heading":"专业介绍视频"}],["media",{"type":"video","src":"http://zsb.nenu.edu.cn/__local/F/58/C1/31E191DD44866C57E375427500F_3088E1C5_C3B6CED.mp4?e=.mp4"}],["title",{"text":"主干课程"}],["ul",{"text":["普通心理学","教育概论","中外教育史","教育研究方法","人体解剖生理学","学前教育学","学前儿童心理学","学前儿童卫生学","幼儿游戏与指导","幼儿园课程论","比较学前教育","儿童行为观察与分析","学前教育评价"]}],["title",{"text":"就业方向"}],["p",{"text":["学前教育师资、学前教育科研人员和学前教育管理、培训、咨询、康复及与儿童相关工作的人员。"],"style":"text-indent: 1.5em; "}]],"cite":[],"id":"intro/school/education/before-school"}