{"title":"教育学部","grey":true,"author":"Mr.Hope","time":"2021年12月3日","shareable":true,"content":[["account",{"name":"教育学部","logo":"https://mp.innenu.com/img/media/education-wechat.png","detail":"东北师范大学教育学部","wxid":"edunenu","wxcode":"https://mp.innenu.com/img/media/education-qrcode.jpg","account":"education","location":{"latitude":43.8617,"longitude":125.32983},"mail":"fed@nenu.edu.cn","site":"https://edu.nenu.edu.cn/"}],["list",{"content":[{"text":"学院简介","icon":"about","path":"intro/school/education/intro"},{"text":"专业介绍","icon":"intro","path":"intro/school/education/enroll"},{"text":"历史沿革","icon":"time","path":"intro/school/education/history"},{"text":"学科学术","icon":"content","path":"intro/school/education/subject"},{"text":"优秀毕业生建议","icon":"idea","path":"intro/school/education/advice"}]}]],"cite":[],"id":"intro/school/education/index"}