{"title":"英语协会","shareable":true,"content":[{"tag":"account","name":"英语协会","logo":"https://mp.innenu.com/img/association/ea.jpg","desc":"东北师范大学英语协会"},{"tag":"card","cover":"https://mp.innenu.com/img/association/ea-cover.jpg","logo":"https://mp.innenu.com/img/association/ea.jpg","title":"英协纳新啦","url":"page?id=Gassociation/culture/ea-intake"},{"tag":"title","text":"简介"},{"tag":"p","text":["东北师范大学英语协会成立于2016 年，致力于营造学校良好的英语学习氛围，提高学生学习英语的兴趣，体味学习英语的乐趣，为英语爱好者提供一个展示自我的平台，在享受学习英语带来的乐趣的同时，提升自身英语水平。社团成立以来曾多次举办英语演讲比赛、英语配音大赛、英语写作大赛等大型英语活动，并取得了广大师生的一致好评。","东北师范大学第五届英语协会，在原英语协会基础上，融合了疯狂英语秀，新增了英语广播、英语角、晨读团等多项日常英语活动。英语协会自身发展、壮大的同时，也拓宽了全校师生接触英语、参与英语活动的机会和渠道。在新的学年里，东北师范大学英语协会将继续砥砺前行，不忘初心，丰富全校师生的英语生活，提升大家英语学习的体验。"],"style":"text-indent: 1.5em; "},{"tag":"title","text":"部门介绍"},{"tag":"text","text":["东北师范大学英语协会由五大部门组成: 主席团、办公室、活动部、播音部、网宣部、学术部。"]},{"tag":"text","heading":"主席团","text":["负责协会各项内容的筹划和组织，协调各部门之间的关系，加强协会内部合作，定期召开内部会议确立工作任务并进行监督。"]},{"tag":"text","heading":"办公室","text":["负责协会各项活动的材料整理(会议记录、策划、申请、签到表、播音稿的收集整理等)、财务管理(采购、报账、备品保管等)，协会成员的信息汇总与通知联络。"]},{"tag":"text","heading":"活动部","text":["负责协会大型活动(演讲、配音、写作比赛、口语角)的策划与举办，以及活动报道稿的撰写。"]},{"tag":"text","heading":"播音部","text":["负责协会日常活动的组织(晨读团、英语角)与运营(校园英语广播的录制、剪辑)，以及各项活动的主持工作。"]},{"tag":"text","heading":"网宣部","text":["负责协会的宣传(摄影、海报制作、QQ 微信公众号的运营)，设计宣传方案，提升协会知名度。"]},{"tag":"text","heading":"学术部","text":["主要负责活动策划稿件的撰写和修改，组织学术问题的讨论以及各项学术活动的策划。"]}],"cite":[],"id":"guide/association/culture/ea"}