{"title":"本科生开学活动","time":"2022 年 8 月 8 日","grey":true,"shareable":true,"id":"guide/activity/under","author":"Mr.Hope","cite":[],"content":[{"tag":"list","header":"重要活动","items":[{"text":"体检","icon":"medical-exam","path":"guide/check/medical-examination"},{"text":"英语分班考试","icon":"english","path":"guide/test/grading-exam"},{"text":"体测考试","icon":"basketball","path":"guide/test/pe-test/index"},{"text":"军训","icon":"military","path":"guide/activity/military/index"}]},{"tag":"list","header":"其他活动","items":[{"text":"注册学籍","icon":"rule","path":"guide/system/under/school-roll"},{"text":"学费缴纳","icon":"money","path":"guide/pay/index"},{"text":"银行卡办理","icon":"card","path":"guide/activity/bank-card"},{"text":"保险办理","desc":"自愿","icon":"insurance","path":"guide/insurance/index"}]},{"tag":"list","header":"征兵工作","items":[{"text":"征兵工作实施细则","icon":"rule","path":"guide/activity/conscription/rule"},{"text":"参军入伍待遇解释","icon":"idea","path":"guide/activity/conscription/explain"}]}]}