{"title":"第二学士学位","author":"Mr.Hope","time":"2021年8月22日","shareable":true,"content":[{"tag":"title","text":"介绍"},{"tag":"p","text":["第二学士学位在层次上属于大学本科后教育，与培养研究生一样，同是培养高层次专门人才的一种途径。第二学士学位授予资格，需经教育部审批，只有教育部批准设置第二学士学位专业的高等学校才有权颁发第二学士学位证书。限在部分办学历史较久，师资力量较强，教学科研水平较高的本科院校中试行。"],"style":"text-indent: 1.5em; "},{"tag":"title","text":"我校要求"},{"tag":"ol","text":["考生须为国家“双一流”建设高校全日制本科毕业并获得学士学位的2021届毕业生或目前未就业的2018-2020届毕业生；考生原本科专业须为国家“双一流”建设学科所覆盖的专业，我校毕业生原本科专业可为一流建设学科或培育学科所覆盖的专业。","考生原本科专业须与所报第二学士学位专业分属不同专业类，并且其所属学科门类及专业类须与所报第二学士学位专业要求一致(详见招生计划)。本科专业所属学科门类及专业类以《普通高等学校本科专业目录》(2020版)为准。"]},{"tag":"title","text":"招生计划"},{"tag":"img","src":"https://mp.innenu.com/img/course/second-degree-plan.png","desc":"2021 年我校招生计划"},{"tag":"p","type":"tip","heading":"Mr.Hope の 解释","text":["第二学士学位其实就是您以毕业生的身份，在不用修读大学公共课的基础上，再次修读一个两年全日制的新的学士学位，该学位与您的原学位类别不同。","第二学士学位和全日制专升本一样，属于普通高等教育全日制学历学位。跟双学位不同，修读第二学士学位为全日制，这要求您不得同时拥有其他本科或研究生身份，也就是会花费您两年的时间去修读它。","获得第二学士学位者，毕业后起点工资与研究生班毕业生工资待遇相同；未获得第二学士学位者，仍按本科毕业生对待。(看看就好了，去企业公司啥的薪资也不要指望和其他本科生有太大差别)"],"style":"text-indent: 1.5em; "}],"images":["https://mp.innenu.com/img/course/second-degree-plan.png"],"id":"guide/degree/second-degree","scopeData":{"@type":"general","uniq_id":"guide/degree/second-degree","cover":"https://mp.innenu.com/img/course/second-degree-plan.png","title":"第二学士学位","digest":"第二学士学位在层次上属于大学本科后教育，与培养研究生一样，同是培养高层次专门人才的一种途径。第二学士学位授予资格，需经教育部审批，只有教育部批准设置第二学士学位专业的高等学校才有权颁发第二学士学位证书。限在部分办学历史较久，师资力量较强，教","thumbs":["https://mp.innenu.com/img/course/second-degree-plan.png"],"tags":["介绍","我校要求","招生计划"]}}