{"title":"考研相关","grey":true,"author":"Mr.Hope","time":"2021年9月12日","shareable":true,"content":[{"tag":"text","type":"tip","text":["受到很多同学的期望，Mr.Hope 于 2021 年 7 月 11 日增加此板块，所以此板块还在建设中。","由于考研专业数量远大于本科专业，且学院内部的专业也会存在较大差异，考研科目众多，所以 Mr.Hope 只计划做一些通用的内容。","如果您已经上岸，并愿意免费提供考研资料、或者为其他人提供免费的咨询服务的话，欢迎联系我身份证明、提供资料、联系方式与赞赏码。","如果您通过本小程序获得了他人的资料或进行了咨询，也鼓励主动您对他人做出捐赠。"]}],"id":"guide/pubmed/index","scopeData":{"@type":"general","uniq_id":"guide/pubmed/index","title":"考研相关","digest":"受到很多同学的期望，Mr.Hope 于 2021 年 7 月 11 日增加此板块，所以此板块还在建设中。 由于考研专业数量远大于本科专业，且学院内部的专业也会存在较大差异，考研科目众多，所以 Mr.Hope 只计划做一些通用的内容。 如果您","thumbs":["https://mp.innenu.com/img/inNENU.jpg"],"tags":[]}}