{"title":"手洗衣物技巧","author":"Mr.Hope","time":"2021年11月22日","shareable":true,"content":[{"tag":"title","text":"分类"},{"tag":"text","text":["这是最重要的一条。"]},{"tag":"text","heading":"卫生考虑","text":["贴身的内衣、内裤需要单独洗涤，尤其是女生，不要混洗! 此类衣物以汗渍为主。","非贴身的里层衣物如毛衣、毛裤、秋衣、秋裤等一起洗涤，这类衣物主要是平时剐蹭的轻微污渍与汗渍。。","外衣、外裤一起洗涤，此类衣物会以污渍为主。"]},{"tag":"text","heading":"颜色考虑","text":["深色和浅色的衣服不要混合浸泡和洗涤，目前常见的深色衣物一般都会出现一定的掉色情况。"]},{"tag":"title","text":"充分浸泡"},{"tag":"text","text":["为了提高手洗的效率，减少搓洗的次数，大部分衣物都应该事先浸泡。","您需要在盆内诸如足够没过衣服的水，之后加入适量洗衣粉或洗衣液搅拌，一定要将衣服完全浸湿、排出气泡，同时预先简单投洗，保证衣服的个表面充分沾染了液体。","浸泡的时间大致在 15 - 30 分钟为宜，浸泡后衣服更容易去污去污渍。"]},{"tag":"ol","type":"warning","text":["浸泡长时间可能会加重衣物掉色","部分材质衣物长时间浸泡在洗涤试剂溶液中可能会造成损伤","部分材质衣物不能浸泡在洗涤试剂溶液，请注意衣物标签。"]},{"tag":"title","text":"洗涤技巧"},{"tag":"text","heading":"浅色衣物去渍","text":["部分衣物的领口和袖口可能再浸泡过后反复搓洗仍不能去除全部污渍(比如白衬衫)，此时可以考虑衣领净或丝白这类专门的去渍产品。"]},{"tag":"text","heading":"深色衣物固色","text":["如果你遇到特别容易掉色的深色衣物，就是那种丢进稀释洗衣液后很快整盆水都会变黑，可以考虑用盐。","这类衣物无外乎两种，第一种是做工问题，其使用的染色方式就是容易掉色；第二种就是损伤问题，比如长时间在洗涤前过长时间浸泡，导致衣物染色不捞，多次洗涤甚至会出现轻微泛白的情况。","具体做法是将盆中注水，并加入适量盐搅匀，放入衣物充分浸泡数小时 (2-4小时)，这样会有效改善第二种情况。"]},{"tag":"text","heading":"血渍清除","text":["这类主要就是女孩子的内裤了，处理方法也是上述的浸泡。需要特别注意的是冷水(15℃左右)会显著有效于热水(38℃)，所以优先使用冷水浸泡。"]}],"id":"guide/tip/washing/hand","scopeData":{"@type":"general","uniq_id":"guide/tip/washing/hand","title":"手洗衣物技巧","digest":"这是最重要的一条。卫生考虑 贴身的内衣、内裤需要单独洗涤，尤其是女生，不要混洗! 此类衣物以汗渍为主。 非贴身的里层衣物如毛衣、毛裤、秋衣、秋裤等一起洗涤，这类衣物主要是平时剐蹭的轻微污渍与汗渍。。 外衣、外裤一起洗涤，此类衣物会以污渍为主","thumbs":["https://mp.innenu.com/img/inNENU.jpg"],"tags":["分类","充分浸泡","洗涤技巧"]}}