{"title":"学位","author":"Mr.Hope","time":"2022 年 8 月 2 日","grey":true,"shareable":true,"content":[{"tag":"list","header":"大类招生","items":[{"text":"大类招生介绍","icon":"about","path":"guide/degree/class/intro"},{"text":"本科大类招生专业分流工作指导意见","icon":"notice","path":"guide/degree/class/rule"}]},{"tag":"list","header":"学位介绍","items":[{"text":"学士学位介绍","icon":"degree","path":"guide/degree/bachelor"},{"text":"第二学士学位","icon":"degree","path":"guide/degree/second-degree"},{"text":"双学士学位","icon":"degree","path":"guide/degree/double-degree"},{"text":"辅修学士学位","icon":"degree","path":"guide/degree/minor"}]},{"tag":"list","items":[{"text":"Mr.Hope 的个人建议","icon":"idea","path":"guide/degree/advice"}]},{"tag":"list","header":"相关条例","items":[{"text":"中华人民共和国学位条例","icon":"rule","path":"guide/degree/rule"},{"text":"中华人民共和国学位条例暂行实施办法","icon":"notice","path":"guide/degree/method"},{"text":"学士学位授权与授予管理办法","icon":"rule","path":"guide/degree/bachelor-rule"},{"text":"关于深化本科教育教学改革全面提高人才培养质量的意见","icon":"notice","path":"guide/degree/under-opinion"}]}],"cite":[],"id":"guide/degree/index"}