{"title":"本科交流成绩认定","time":"2022 年 6 月 27 日","shareable":true,"id":"guide/action/under/exchange-score","author":"Mr.Hope","cite":["http://my.nenu.edu.cn/hallIndex/showAppDetail?appid=828f1a1464ce4d5c8a40ff9c58624992"],"content":[{"tag":"title","text":"执行流程"},{"tag":"img","src":"https://mp.innenu.com/img/action/exchange-score.jpg"},{"tag":"title","text":"申报材料"},{"tag":"ol","text":["成绩单原件及复印件；","国际合作与交流处相关证明(境外交流学生需提供)"]},{"tag":"title","text":"相关内容"},{"tag":"list","header":false,"items":[{"text":"本科交流成绩认定","desc":"制作中","path":"guide/system/under/index"}]}]}