{"title":"本科生补考、免修","author":"Mr.Hope","time":"2022 年 6 月 27 日","shareable":true,"cite":["http://my.nenu.edu.cn/hallIndex/showAppDetail?appid=c6b655a4f8d04021bdef15a2af69530d"],"content":[{"tag":"title","text":"执行流程"},{"tag":"img","src":"https://mp.innenu.com/img/action/exemption.jpg"},{"tag":"title","text":"相关内容"},{"tag":"list","header":false,"items":[{"text":"本科免修申请","desc":"制作中","path":"guide/system/under/index"},{"text":"本科补考申请","desc":"制作中","path":"guide/system/under/index"}]}],"id":"guide/action/under/exemption"}