{"title":"本科生处分","author":"Mr.Hope","time":"2021年11月23日","shareable":true,"content":[["title",{"text":"执行流程"}],["img",{"src":"https://mp.innenu.com/img/action/sanction.jpg"}],["title",{"text":"相关文件"}],["doc",{"name":"检讨书","url":"https://mp.innenu.com/file/action/review-book.pdf","icon":"pdf"}],["doc",{"name":"学生纪律处分呈报表","url":"https://mp.innenu.com/file/action/sanction.docx","icon":"doc"}]],"cite":[],"id":"guide/action/under/sanction","images":["https://mp.innenu.com/img/action/sanction.jpg"]}