{"title":"中小学教师资格考试大纲","grey":true,"author":"Mr.Hope","time":"2021年9月5日","shareable":true,"content":[{"tag":"p","text":["教育部考试中心根据中小学教师资格考试标准，制定各科考试大纲。中小学教师资格考试大纲规定了考试内容和要求、试卷结构、题型示例等。"],"style":"text-indent: 1.5em; "}],"images":[],"id":"guide/exam/ntce/outline","scopeData":{"@type":"general","uniq_id":"guide/exam/ntce/outline","title":"中小学教师资格考试大纲","digest":"教育部考试中心根据中小学教师资格考试标准，制定各科考试大纲。中小学教师资格考试大纲规定了考试内容和要求、试卷结构、题型示例等。","thumbs":["https://mp.innenu.com/img/inNENU.jpg"],"tags":[]}}