{"title":"本科教学服务系统","author":"Mr.Hope","time":"2021年9月13日","grey":true,"shareable":true,"content":[["list",{"content":[{"text":"系统介绍","icon":"intro","path":"guide/system/under/intro"},{"text":"英语免修申请","icon":"exemption","path":"guide/system/under/exemption/english"},{"text":"学籍注册","icon":"rule","path":"guide/system/under/school-roll"},{"text":"转专业申请","icon":"flow","path":"guide/system/under/change-major"}]}],["list",{"content":[{"text":"常见问题","icon":"faq","path":"guide/system/faq"}]}]],"cite":[],"id":"guide/system/under/index"}