{"title":"文艺学专业介绍","desc":"来源: 东北师范大学文学院官网","author":"Mr.Hope","time":"2021年8月15日","shareable":true,"content":[{"tag":"title","text":"专业简介"},{"tag":"p","text":["文艺学学科是吉林省重点学科，有着悠久的历史传承、厚重的学术积淀、良好的学术声誉和广泛的学术影响力。文艺学学科创建于1949年，1990年获得硕士学位授予权，2006年获得博士学位授予权。现建有省级人文社科重点研究基地“中国学校美育研究中心”和“新文学手稿文献研究中心”，先后承担教育部哲学社会科学研究重大课题攻关项目1项，国家社科基金一般项目、青年项目、后期资助项目6项，教育部人文社科项目3项，国家出版基金项目1项，吉林省社科项目6项；发表CSSCI论文102篇；出版学术丛书1套，著作28部；获得国家级教学成果奖1项，省级社科成果奖4项。","文艺学学科现有博士生导师6人，硕士生导师8人，学术带头人为王确教授，学科负责人为王春雨教授。经过几代学者的努力，形成了优势突出、特色鲜明的三个研究方向: “美育和生活美学研究”“地域美学研究”和“文学批评与理论研究”。"],"style":"text-indent: 1.5em; "}],"id":"intro/school/chinese/literature","scopeData":{"@type":"general","uniq_id":"intro/school/chinese/literature","title":"文艺学专业介绍","digest":"文艺学学科是吉林省重点学科，有着悠久的历史传承、厚重的学术积淀、良好的学术声誉和广泛的学术影响力。文艺学学科创建于1949年，1990年获得硕士学位授予权，2006年获得博士学位授予权。现建有省级人文社科重点研究基地“中国学校美育研究中心”","thumbs":["https://mp.innenu.com/img/inNENU.jpg"],"tags":["专业简介"]}}