{"title":"数字媒体技术专业","desc":"来源: 传媒科学学院官网","time":"2021年8月15日","shareable":true,"content":[{"tag":"title","text":"学科简介"},{"tag":"p","text":["数字媒体技术专业主要分为，影视特效包装、数字媒体创意、多媒体设计与制作、教育知识媒体和媒体资源管理等五个专业方向。","近年来，我校数字媒体技术系承担了吉林省发展和改革委员会的科研项目，与项目合作方“北京微景天下科技有限公司”联合打造“全景摄像摄影技术”的专业实践课程，2015级数字媒体技术专业参与课程实习并参与项目实施，完成“伪满皇宫”和“伪满八大部”两个全景影像H5应用的设计和开发。与此同时，我系还承担了学校信息化建设项目，由2015级和2016级数字媒体技术专业学生参与设计开发的“睛彩在线”大学生原创视频分享平台，旨在为吉林省高校学生影视类社团和传媒专业等相关学生、团队提供一个面向社会的原创作品的展示平台。"],"style":"text-indent: 1.5em; "},{"tag":"title","text":"培养方向"},{"tag":"p","text":["数字媒体技术专业旨在培养具备公民意识和社会责任感，具备自主学习能力、实践能力与创新能力，具备扎实专业理论知识及全球化视野与沟通能力，能适应二十一世纪数字媒体的发展需要，从事数字媒体的开发与制作、多媒体的设计与制作以及其他数字媒体、网络交叉领域工作的高级复合型传媒人才。"],"style":"text-indent: 1.5em; "},{"tag":"title","text":"学费价格"},{"tag":"p","text":["数字媒体技术专业学费为 ￥5060/年"],"style":"text-indent: 1.5em; "},{"tag":"title","text":"主干课程"},{"tag":"ul","text":["计算机网络基础","网络编程基础","数字媒体视觉特效","影视剪辑与实践","二维动画基础","三维动画基础","互联网电视","数据库原理与应用"]},{"tag":"title","text":"师资力量"},{"tag":"title","text":"师资力量"},{"tag":"ul","heading":"系主任","text":["徐鹏"]},{"tag":"ul","heading":"专业教师","text":["王以宁","于勇","张海","徐鹏","李波","杨斌","李宏蕾","王婧"]},{"tag":"title","text":"能力培养要求"},{"tag":"p","text":["本专业主要学习和运用数字媒体技术基本理论及专业知识，接受数字媒体的开发与设计制作的基本训练，具有新媒体艺术创作能力以及面向网络的、新型的数字媒体的开发、管理与研究的综合知识和技能。毕业生应获得以下几方面的具体的知识与能力:"],"style":"text-indent: 1.5em; "},{"tag":"ol","text":["具有坚实的数理基础、较好的人文社会科学基础与较强的英语综合能力。","系统地掌握本专业领域必需的基本理论和基本知识。","了解本学科前沿和发展趋势，具有掌握新知识和新技术的能力。","具有良好的科学研究和实践能力，较强的知识创新能力。","具备较强的管理能力、沟通表达能力和专利产权意识。","具备较强的数字媒体产品技术开发能力和媒体产品创意设计及制作能力。"]},{"tag":"title","text":"就业方向"},{"tag":"p","text":["就业主要面向广播电视媒体机构、影视制作与创作机构、党政机关与企事业单位的媒体宣传与推广部门、传媒教育等。"],"style":"text-indent: 1.5em; "}],"cite":[],"id":"intro/school/media/digital"}