{"title":"新闻学专业","desc":"来源: 2022 本科招生指南、传媒科学学院官网","time":"2022 年 7 月 14 日","cite":["https://book.eol.cn/books/cusm/mobile/index.html","http://chuanmei.nenu.edu.cn/yxsz/xwxx.htm"],"shareable":true,"content":[{"tag":"title","text":"学科简介"},{"tag":"p","text":["新闻系正式成立于 2001 年 3 月，新闻学本科专业于 2001 年 9 月开始招生，为新闻机构提供复合型、专业型、创新型新闻人才。2004 年，我校新闻传播学获得一级学科硕士学位授予权。2010 年，我校新闻传播专业又成为新闻与传播专业硕士的培养单位。2016 年，文学院新闻专业整合到传媒科学学院(新闻学院)，使我院新闻学专业迎来了快速发展的机遇。新闻系遵循现代大学的教育思想，坚持“能力型人才培养”的教学理念，经过近 20 年的建设，已成为师资队伍结构合理、教学效果显著的专业。目前，新闻学专业为吉林省特色高水平专业，新闻系有专任教师 8 名。"]},{"tag":"title","text":"培养方向"},{"tag":"p","text":["新闻学专业旨在培养具备深厚文化知识底蕴、全面的广播电视新闻学理论和专业技能、具有新媒体眼光与创新意识的高水平复合型新闻传播专业人才，能在现代各类传媒机构、企事业单位从从事报刊、广播电视及新媒体的新闻采编、制作、传播、媒介市场调查与分析以及党政机关、企事业单位的宣传策划等工作的高水平复合型新闻人才。"]},{"tag":"title","text":"学费价格"},{"tag":"text","text":["6600 元/年"]},{"tag":"title","text":"主干课程"},{"tag":"ul","text":["广播电视新闻学","新闻采访写作","传媒伦理与法规","新闻编辑","马克思主义新闻观","新闻心理学","媒介叙事原理与实践","国际传播学","新闻理论","媒介经营与管理"]},{"tag":"title","text":"师资力量"},{"tag":"p","text":["新闻系有专任教师 8 名"]},{"tag":"ul","text":["阴艳","李学孟","刘婷","闫欢","黄松爱","范颖","吴文汐","刘绩宏","梁世敏"]},{"tag":"title","text":"能力培养要求"},{"tag":"ol","text":["掌握马克思主义的基本原理，坚持党的基本路线，热爱祖国。","掌握现代化媒体技术，能熟练地使用计算机、网络和多媒体技术，以及其他现代化手段进行新闻与传播工作。","掌握一门外国语，能够阅读翻译本专业的外文书刊，具有较强的听、说、读、写的能力。","具有远大理想、高尚的道德品质和实事求是、勤奋创新的科学精神，具有为国家富强而奋斗的竞争意识。","具有扎实的新闻学与传播学基本理论知识，掌握广播电视新闻的采编与写作、电视新闻摄像、新闻节目的编辑与制作、新闻评论、网络传播、新闻传播学教育和科学研究、媒介经营与管理的基础知识和基本技能，具有宽厚的媒介素养和创新精神；具有较强的表达能力、社会活动能力及组织能力；具有一定的科学研究能力。","具有深厚的人文底蕴，宽广的知识背景，复合型的知识结构。","具有健康的体魄和良好的审美意识。"]},{"tag":"title","text":"就业方向"},{"tag":"text","text":["新闻学有新闻理论与实践、融媒体新闻采编、新媒体传播、传媒经济理论与实践、网络舆情调查与分析等 5 个专业方向。就业主要面向党政机关、企事业单位、广播电视媒体、新闻网站、移动媒体、文化创意公司、出版发行等领域。"]}],"id":"intro/school/media/news"}