{"title":"地理科学学院","grey":true,"author":"Mr.Hope","time":"2021年11月15日","shareable":true,"content":[{"tag":"account","name":"地理科学学院","logo":"https://mp.innenu.com/img/media/geo.png","detail":"东北师范大学地理科学学院","wxid":"geonenu","wxcode":"https://mp.innenu.com/img/media/geo-wechat.jpg","account":"geo","location":{"latitude":43.86294,"longitude":125.33052},"mail":"dili@nenu.edu.cn","site":"https://geo.nenu.edu.cn/"},{"tag":"list","content":[{"text":"学院简介","icon":"about","path":"intro/school/geography/intro"},{"text":"专业介绍","icon":"intro","path":"intro/school/geography/enroll"},{"text":"学科建设","icon":"bookshelf","path":"intro/school/geography/subject"}]}],"images":[],"id":"intro/school/geography/index","scopeData":{"@type":"general","uniq_id":"intro/school/geography/index","title":"地理科学学院","digest":"","thumbs":["https://mp.innenu.com/img/inNENU.jpg"],"tags":[]}}