{"title":"长春站-到本部乘坐地铁","author":"Mr.Hope","time":"2021年11月22日","shareable":true,"content":[{"tag":"img","src":"https://mp.innenu.com/img/arrival/train-south-to-subway1.jpg"},{"tag":"text","text":["从出站口出站"]},{"tag":"img","src":"https://mp.innenu.com/img/arrival/train-south-to-subway2.jpg"},{"tag":"text","text":["右转直行至尽头"]},{"tag":"img","src":"https://mp.innenu.com/img/arrival/train-south-to-subway3.jpg"},{"tag":"img","src":"https://mp.innenu.com/img/arrival/train-south-to-subway4.jpg"},{"tag":"text","text":["右转直行至右侧下行扶梯"]},{"tag":"img","src":"https://mp.innenu.com/img/arrival/train-south-to-subway5.jpg"},{"tag":"text","text":["下行至底下二层"]},{"tag":"img","src":"https://mp.innenu.com/img/arrival/train-south-to-subway6.jpg"},{"tag":"text","text":["使用微信支付宝扫码乘车可直接刷吉祥码进行安检，否则需要站台外买票再进站。"]},{"tag":"img","src":"https://mp.innenu.com/img/arrival/train-south-subway-entrance1.jpg"},{"tag":"text","type":"warning","text":["进站后左转选择上图所示的入口下行至地铁站台!","只有这个入口有全程下行扶梯! 另一个后半程只能楼梯下楼!"]},{"tag":"img","src":"https://mp.innenu.com/img/arrival/train-south-subway-entrance2.jpg","desc":"这个入口没有全程下行扶梯不要选择!"}],"id":"guide/arrival/train-benbu/south-1","images":["https://mp.innenu.com/img/arrival/train-south-to-subway1.jpg","https://mp.innenu.com/img/arrival/train-south-to-subway2.jpg","https://mp.innenu.com/img/arrival/train-south-to-subway3.jpg","https://mp.innenu.com/img/arrival/train-south-to-subway4.jpg","https://mp.innenu.com/img/arrival/train-south-to-subway5.jpg","https://mp.innenu.com/img/arrival/train-south-to-subway6.jpg","https://mp.innenu.com/img/arrival/train-south-subway-entrance1.jpg","https://mp.innenu.com/img/arrival/train-south-subway-entrance2.jpg"],"scopeData":{"@type":"general","uniq_id":"guide/arrival/train-benbu/south-1","title":"长春站-到本部乘坐地铁","cover":"https://mp.innenu.com/img/arrival/train-south-to-subway1.jpg","digest":"从出站口出站右转直行至尽头右转直行至右侧下行扶梯下行至底下二层使用微信支付宝扫码乘车可直接刷吉祥码进行安检，否则需要站台外买票再进站。进站后左转选择上图所示的入口下行至地铁站台! 只有这个入口有全程下行扶梯! 另一个后半程只能楼梯下楼!","thumbs":["https://mp.innenu.com/img/arrival/train-south-to-subway1.jpg","https://mp.innenu.com/img/arrival/train-south-to-subway2.jpg","https://mp.innenu.com/img/arrival/train-south-to-subway3.jpg","https://mp.innenu.com/img/arrival/train-south-to-subway4.jpg","https://mp.innenu.com/img/arrival/train-south-to-subway5.jpg","https://mp.innenu.com/img/arrival/train-south-to-subway6.jpg","https://mp.innenu.com/img/arrival/train-south-subway-entrance1.jpg","https://mp.innenu.com/img/arrival/train-south-subway-entrance2.jpg"],"tags":[]}}