{"title":"化学学院","grey":true,"author":"Mr.Hope","time":"2021年9月18日","shareable":true,"content":[{"tag":"intro","name":"化学学院","logo":"https://mp.innenu.com/img/media/chemistry.jpg","detail":"东师化院","wx":"dongshihuayuan","wxQRCode":"https://mp.innenu.com/img/media/chemistry-wechat.jpg","path":"chemistry"},{"tag":"list","content":[{"text":"学院简介","icon":"about","path":"intro/school/chemistry/intro"},{"text":"专业介绍","icon":"intro","path":"intro/school/chemistry/enroll"}]},{"tag":"copy","header":"官网地址","text":"https://chem.nenu.edu.cn/"}],"images":[],"id":"intro/school/chemistry/index","scopeData":{"@type":"general","uniq_id":"intro/school/chemistry/index","title":"化学学院","digest":"","thumbs":["https://mp.innenu.com/img/inNENU.jpg"],"tags":[]}}