{"title":"生命科学类","author":"Mr.Hope","time":"2021年8月15日","shareable":true,"content":[["p",{"text":["2020 年生命科学学院开始大类招生，生物学类会在开学后分为生物科学和生物技术两个专业。"],"style":"text-indent: 1.5em; "}],["text",{"type":"tip","text":["2020级目前尚未分流，分流据学院院长说计划于大二结束"]}],["list",{"content":[{"text":"生物科学","path":"intro/school/biology/science"},{"text":"生物技术","path":"intro/school/biology/tech"}]}]],"cite":[],"id":"intro/school/biology/class"}