{"title":"生命科学类","author":"Mr.Hope","time":"2022 年 7 月 31 日","shareable":true,"content":[{"tag":"p","text":["从 2020 年起，生物科学和生物技术以“生物科学大类”进行招生，学生在大二年级 (大一年级结束) 再进行专业方向选择。"],"style":";display: inline-block"},{"tag":"list","items":[{"text":"生物科学","path":"intro/school/biology/science"},{"text":"生物技术","path":"intro/school/biology/tech"}]}],"cite":[],"id":"intro/school/biology/class"}