{"title":"英语免修评定","desc":"视频来自阮怀正","author":"Mr.Hope","time":"2021年9月7日","shareable":true,"content":[{"tag":"title","text":"申请方法"},{"tag":"ul","heading":"进入系统","text":["校内访问使用 IE 浏览器直接在地址栏中输入 http://dsjx.nenu.edu.cn (东师教学缩写)"]},{"tag":"copy","text":"http://dsjx.nenu.edu.cn"},{"tag":"ul","text":["校外访问使用 IE 浏览器直接在地址栏中输入 https://dsjx.webvpn.nenu.edu.cn 并使用 Web VPN 访问"]},{"tag":"copy","text":"https://dsjx.webvpn.nenu.edu.cn"},{"tag":"list","header":false,"content":[{"text":"Web VPN 介绍","icon":"vpn","path":"guide/network/vpn"}]},{"tag":"text","type":"warning","heading":"系统兼容性","text":["由于本科教学服务系统研发于 21 世纪初期，本科教学服务系统只能使用 IE(Internet Explorer) 内核浏览器。","具体的限制及注意事项请见下方链接。"]},{"tag":"list","header":"系统使用限制","content":[{"text":"选择合适的浏览器","icon":"alert","path":"guide/system/limit/index"}]},{"tag":"img","src":"https://mp.innenu.com/img/system/login.png"},{"tag":"ol","text":["输入邮箱用户名和密码完成登录","按照视频流程进行操作"]},{"tag":"media","type":"video","src":"https://mp.innenu.com/file/system/english-exemption.mp4"}],"images":["https://mp.innenu.com/img/system/login.png"],"id":"guide/system/under/exemption/english","scopeData":{"@type":"general","uniq_id":"guide/system/under/exemption/english","cover":"https://mp.innenu.com/img/system/login.png","title":"英语免修评定","digest":"进入系统 校内访问使用 IE 浏览器直接在地址栏中输入 http://dsjx.nenu.edu.cn (东师教学缩写)校外访问使用 IE 浏览器直接在地址栏中输入 https://dsjx.webvpn.nenu.edu.cn 并使用 W","thumbs":["https://mp.innenu.com/img/system/login.png"],"tags":["申请方法"]}}