{"title":"本科心理学院专业准入细则","desc":"于2021年发布在学院官网","time":"2021年11月21日","shareable":true,"content":[{"tag":"title","text":"一、专业介绍"},{"tag":"p","text":["心理学院心理学专业旨在培养具备心理学及相关学科的基本理论、基本知识和基本技能，能够在各级各类学校(特别是中小学校)从事心理学及其相关学科的教学工作的教师，以及从事心理健康教育、心理咨询服务和人力资源管理等专门人才。"],"style":"text-indent: 1.5em; "},{"tag":"title","text":"二、专业准入条件"},{"tag":"ul","text":["符合《东北师范大学全日制本科转专业实施办法(2016年7月修订)》(东师教字[2014]004号)中有关申请转专业基本条件的规定；","原修读专业为非公费师范类专业；","学分绩点在本专业前50%且无不及格科目；","准入考核各科得分不低于60%。"]},{"tag":"title","text":"三、准入考核方式"},{"tag":"ul","text":["笔试","面试"]},{"tag":"title","text":"四、准入考核内容"},{"tag":"ul","text":["笔试: 高等数学、英语","面试: 英语听说、综合素质"]},{"tag":"title","text":"五、其他"},{"tag":"text","text":["转入学生均需从大学一年级重新修读。"]},{"tag":"title","text":"六、参考书目"},{"tag":"ul","text":["理查德·格里格.《心理学与生活》.人民邮电出版社，2003.","罗杰·霍克.《改变心理学的40项研究》.人民邮电出版社，2010."]},{"tag":"title","text":"七、咨询方式"},{"tag":"ul","text":["咨询地点: 东北师范大学心理学院","咨询电话: 0431-85099535 联系人: 季老师"]},{"tag":"title","text":"八、适用对象"},{"tag":"text","text":["本准入细则从2018级学生开始施行。"]}],"images":[],"id":"intro/school/psychology/into","scopeData":{"@type":"general","uniq_id":"intro/school/psychology/into","title":"本科心理学院专业准入细则","digest":"心理学院心理学专业旨在培养具备心理学及相关学科的基本理论、基本知识和基本技能，能够在各级各类学校(特别是中小学校)从事心理学及其相关学科的教学工作的教师，以及从事心理健康教育、心理咨询服务和人力资源管理等专门人才。符合《东北师范大学全日制本","thumbs":["https://mp.innenu.com/img/inNENU.jpg"],"tags":["一、专业介绍","二、专业准入条件","三、准入考核方式","四、准入考核内容","五、其他","六、参考书目","七、咨询方式","八、适用对象"]}}