{"title":"净月文化体育类社团","desc":"社团名录来自学生社团发展管理中心","author":"Mr.Hope","time":"2021年11月28日","grey":true,"shareable":true,"content":[{"tag":"list","header":false,"items":[{"text":"师说曲艺社","icon":"https://mp.innenu.com/img/association/quyi.png","path":"guide/association/culture/quyi"},{"text":"逗号文学社","path":"guide/association/culture/comma"}]},{"tag":"functional-list","header":"欢迎社团入驻本页面","items":[{"text":"联系 Mr.Hope","icon":"contact","type":"button","openType":"contact","env":["wx"]},{"text":"联系 Mr.Hope","icon":"contact","type":"button","openType":"addFriend","openId":"868D7B2F0C609B4285698EAB77A47BA1","env":["qq"]}]}],"cite":[],"id":"guide/association/culture/jingyue"}