{"title":"心理协会","author":"Mr.Hope","time":"2021年9月9日","shareable":true,"content":[{"tag":"title","text":"简介"},{"tag":"p","text":["心理协会(简称“心协”)始建于1985年，在2011年 曾获得校园十佳社团的称号，是一个具有34年历史的老社团。","心协团结广大心理学爱好者，共同学习、宣传心理学知识，普及心理健康知识，旨在提高大学生自我心理调适能力，增进青年心理素质。热爱心理学，乐于传播心理学知识的你一定不要错过呀! ~"],"style":"text-indent: 1.5em; "}],"cite":[],"id":"guide/association/culture/psychology"}