{"title":"大学英语水平测试介绍","author":"Mr.Hope、张楚","time":"2021年8月15日","shareable":true,"content":[{"tag":"p","text":["英语四六级考试是教育部主管的一项全国性的英语考试，其目的是对大学生的实际英语能力进行客观、准确的测量，为大学英语教学提供测评服务。","大学英语考试是一项大规模标准化考试，是一个“标准关联的常模参照测验”。大学英语四、六级考试作为一项全国性的教学考试由“国家教育部高教司”主办，分为四级考试(CET-4) 和六级考试(CET-6)，每年各举行两次，分别在同一天的上午和下午举行。"],"style":"text-indent: 1.5em; "},{"tag":"title","text":"考试时间"},{"tag":"ul","heading":"英语四级","text":["考试时间: 每年 6 月和 12 月第三个星期六 09:00 - 11:20","参加对象: 全体在籍本科生和在籍研究生。(即大一学生可以参加 12 月份的考试)"]},{"tag":"ul","heading":"英语六级","text":["考试时间: 每年 6 月和 12 月第三个星期六 15:00 - 17:25","参加对象: 具有全国大学英语四级证书或全国大学英语四级考试成绩 425 分以上 (含 425 分)的在籍本科生和在籍研究生。"]},{"tag":"title","text":"四六级报考网站"},{"tag":"copy","text":"http://cet.neea.edu.cn"},{"tag":"title","text":"评分标准"},{"tag":"text","heading":"笔试","text":["考试单项分共分为四个部分: 听力(35%)、阅读(35%)、完型填空或改错(10%)、作文和翻译(20%)。各单项的满分分别为: 听力249分，阅读249分，翻译106分，作文106分。各单项分相加之和等于总分(710分)"]},{"tag":"img","src":"https://mp.innenu.com/img/exam/cet-detail.png"},{"tag":"text","heading":"口试","text":["CET-SET主考在评分时使用以下标准:"," a. 准确性: 指考生的语音、语调以及所使用的语法和词汇的准确程度"," b. 语言范围: 指考生使用的词汇和语法结构的复杂程度和范围"," c. 话语的长短: 指考生对整个考试中的交际所作的贡献、讲话的多少"," d. 连贯性: 指考生有能力进行较长时间的、语言连贯的发言"," e. 灵活性: 指考生应付不同情景和话题的能力"," f. 适切性: 指考生根据不同场合选用适当确切的语言的能力"]}],"images":["https://mp.innenu.com/img/exam/cet-detail.png"],"id":"guide/exam/cet/intro","scopeData":{"@type":"general","uniq_id":"guide/exam/cet/intro","cover":"https://mp.innenu.com/img/exam/cet-detail.png","title":"大学英语水平测试介绍","digest":"英语四六级考试是教育部主管的一项全国性的英语考试，其目的是对大学生的实际英语能力进行客观、准确的测量，为大学英语教学提供测评服务。 大学英语考试是一项大规模标准化考试，是一个“标准关联的常模参照测验”。大学英语四、六级考试作为一项全国性的教","thumbs":["https://mp.innenu.com/img/exam/cet-detail.png"],"tags":["考试时间","四六级报考网站","评分标准"]}}