{"title":"严禁课程买卖","author":"Mr.Hope","time":"2022 年 8 月 1 日","shareable":true,"content":[{"tag":"text","type":"danger","heading":"严禁课程买卖","text":["请注意! 学校严厉打击课程买卖，一经发现严肃处理!","如果您发现有“学长学姐”在任何群聊内发送“xx 元出 xx 课”的消息，请您立即向教务处举报。"]},{"tag":"phone","fName":"学生处","org":"东北师范大学","street":"吉林省长春市人民大街 5268 号","postCode":"130024","num":"85099381"},{"tag":"phone","fName":"教务处","org":"东北师范大学","street":"吉林省长春市人民大街 5268 号","postCode":"130024","num":"85099162"},{"tag":"title","text":"零容忍的 Mr.Hope"},{"tag":"p","text":["如果您担心自己的个人信息问题，您可以提供必要信息给 Mr.Hope，Mr.Hope 将很乐意为您代劳。","Mr.Hope 会完整收集所有获得的卖课人员的信息，并提交给学生处与教务处，同时会定期打电话跟进处理过程，确保相关学生被依照学生守则严肃处理。请不要挑战 Mr.Hope 的态度与决心。"]}],"cite":[],"id":"guide/select/ban"}