{"title":"新生注课","author":"Mr.Hope","time":"2021年9月8日","shareable":true,"content":[["text",{"type":"tip","text":["新生第一学期选课为注课，不用抢课。"]}],["text",{"type":"info","heading":"为什么是注课?","text":["正常选课流程分为预选、正选和退补选，而预选和正选的时间段在上一学期，新生无法参加。","新生刚入大学，对选课的目的和机制尚不清楚。","基于以上两点考虑，为保障新生能够正常、合理、有序的选择第一学期课程，新生采取注课制。"]}],["title",{"text":"注课特点"}],["text",{"heading":"单独提前","text":["新生在初次接触选课及选课系统会迷茫，为保障新生正常选课而不被高年级学生干扰，新生的注课时间设置在退补选前，同时新生的必要课程均在学期初才加入系统。","系统单独针对新生开放，且必要课程晚加入系统，可以有效保证新生可以在无竞争的情况下选择到第一学期必要的课程。"]}],["text",{"heading":"参考","text":["各学院都会提供新生明确的第一学期修读课程表，原则上，新生只需要按照课程表依次选择全部列出课程，无需进行其他复杂考虑。"]}]],"cite":[],"id":"guide/select/register"}