{"title":"正选","author":"Mr.Hope","time":"2021年8月15日","shareable":true,"content":[{"tag":"title","text":"官方介绍"},{"tag":"p","text":["正选分校区分时段进行本部净月时间不同(注意不要看错)，在预选未落实课程的学生须在本阶段重新选课。本阶段所有课程限定容量，按照先来先得的原则进行。本阶段结束后，学生需打印或记录选课课表，开学按课表上课。另外，除因专业特点需要小班教学的课程(外语类、体育类、艺术类课程以及实验课分组)外，凡不足 20 人的专业课、不足 50 人的非专业课程，原则上不能开课。取消课堂的学生，可在退补选阶段，再行选课。"],"style":"text-indent: 1.5em; "},{"tag":"text","type":"tip","text":["以下均为 Mr.Hope 对预选的解释以及给出的建议"]},{"tag":"title","text":"正选是什么"},{"tag":"p","text":["正选，顾名思义，就是对课程的正式选择。辛弃疾写得好: “叹人生，不如意事，十常八九”。(别乐，大一大二预选结果出来之后您看这句话兴许能掉下来眼泪来) 计划总赶不上变化，尤其是低年级的同学们，正选前可能拿到一张特别白的课表。在实际选中课程与自己计划存在差距时，正选的这段时间，就是让您根据现有的空缺课程，重新规划自己选课的。","看到课表，不要自暴自弃，不要愤怒，要相信“坚持就是胜利，加油——奥里给!”。正选期间通识选修的流动率还是比较大的，每门课大概都会有 10-40 人会进行退课。如果坚持去选是可以选中的。"],"style":"text-indent: 1.5em; "},{"tag":"title","text":"规则"},{"tag":"p","text":["先到先得，对于任何空缺名额，谁手快先选上就是谁的。"],"style":"text-indent: 1.5em; "},{"tag":"title","text":"要做什么"},{"tag":"p","text":["在系统开始的前五分钟，搬好板凳，开好电脑，争取第一时间进入系统，目前教务处的做法是针对所有通识选修课留下 10 个名额(也就是 150 课容量的，预选选入 140 人)。如果您手速够快，哪怕您是大一，您也有可能选上。","对于通识选修课来说，很多选课的人是大三大四，他们为了怕自己选不上自己想上的课，一般都会多选几门，而实际上他们大多都会全部选中，所以他们一般会在正选期间，把自己作为备选的课退掉。这个时候就看大家的手速了。如果您毅力够执着，对着您想上的课一直点选课按钮，也许真的可以选到。"],"style":"text-indent: 1.5em; "},{"tag":"title","text":"其他注意事项"},{"tag":"p","text":["需要特别注意的是，不足 20 人的专业课、不足 50 人的非专业课程无法开课。所以如果您发现您选的某门课程，选客人数过于少的情况下，您就要当心了，它可能会因为不满足条件而在正选结束后被取消。另外，如果这门课是一门通识选修课程，您也要小心了，一群低年级同学通识选修没得选也不选它，总得有个理由的。","一般，特别偏门的课，或者是要求很高、考核很难的课(比如数院、化院的一些课，您一个文科生去是真的听不懂，期末也是真的危险)，可能会出现选课人数不多的情况。当然也有可能是老师或者隔三岔五点名、人不到平时分直接清零，或者动不动留点作业算进平时分，要么期末考试硬核闭卷考核或者开卷但需要进行分析、计算没法直接抄的。不过说句实在话，如果真的对课程内容感兴趣，这类老师是真的能让您学到东西，上了也不会后悔的。","如果实在想上某门课，但是人数不够，您可以号召室友和隔壁寝室的同学去选这门课，确保人数达标，再让他们在退补选的时候退掉(用这招就千万别让老师知道了，不然他要是知道自己本来可以清闲一学期脸真的会绿)，来规避正选结束后被取消的结果。"],"style":"text-indent: 1.5em; "}],"cite":[],"id":"guide/select/selection"}