{"title":"选课系统","author":"Mr.Hope","time":"2021年12月2日","shareable":true,"content":[{"tag":"title","text":"选课系统登录方式"},{"tag":"text","text":["请使用 IE(Internet Explorer) 内核浏览器如 IE11、IE10、IE9。其他内核浏览器等在选课时会有兼容性问题，无法正确显示选课弹窗。"]},{"tag":"list","header":false,"items":[{"text":"使用 IE 内核浏览网页","icon":"ie","path":"guide/tip/ie/index"}]},{"tag":"text","type":"danger","text":["Microsoft Edge 不是 IE!","Microsoft Edge 不是 IE!","Microsoft Edge 不是 IE!"]},{"tag":"img","src":"https://mp.innenu.com/img/select/ie.jpg"},{"tag":"text","heading":"本科生","text":["打开浏览器输入 http://xk.nenu.edu.cn/ 直接进入选课页面。"]},{"tag":"action","content":"http://xk.nenu.edu.cn/"},{"tag":"text","heading":"研究生","text":["打开浏览器输入 http://dsyjs.nenu.edu.cn/yjsxk/ 直接进入选课页面。"]},{"tag":"action","content":"http://dsyjs.nenu.edu.cn/yjsxk/"},{"tag":"list","header":"使用说明","items":[{"text":"选课系统使用说明","icon":"idea","path":"guide/select/guide"}]},{"tag":"text","text":["选课系统用户名为邮箱，密码为统一身份认证密码。","如果忘记用户名或密码，请登录统一身份认证 (https://ids.nenu.edu.cn/amserver/UI/Login) 点击忘记密码尝试通过手机号、微信等辅助验证方式找回。如果实在不能找回，请尽快与学校信息化管理与规划办公室联系，以免耽误选课。"]},{"tag":"text","type":"warning","text":["统一身份认证密码并不是邮箱密码!"]},{"tag":"list","header":false,"items":[{"text":"信息化办","icon":"pc","path":"guide/card/office"}]},{"tag":"ol","heading":"其他操作注意事项","text":["没有评教的同学一定要先评教，否则无法选课。","请在学校规定的选课时间进行选课，学院(部)涉及数据调整审批等事宜会不定期更新选课数据，届时所有人需要重新登录选课系统。","选课期间如遇到问题可以通过以下几种方式解决:\n(1) 选课期间每天 9: 00 至 19: 00 教务助理中心工作人员在本部图书馆电子阅览室、净月图书馆电子阅览室设立选课咨询指导处，进行选课指导和收集同学们的意见及建议。\n(2) 与所在学院教务秘书联系解决。\n(3) 与教务处工作人员联系解决。(课全被踢了选不上课不是人家的事情咱就别联系了，hhh运气不好而已别丢人啊)\n","预选课阶段，课程总学分可以超过每学期学分限制，但在正选阶段与退补选阶段，课程总学分必须在每学期学分限制内。","网页弹窗可能被拦截，请务必允许网页弹窗，否则无法正常选课。"]},{"tag":"img","src":"https://mp.innenu.com/img/tip/ietab-enable-popup.png","desc":"IE Tab 允许弹窗"},{"tag":"img","src":"https://mp.innenu.com/img/tip/ie-enable-popup.jpg","desc":"Internet Explorer 允许弹窗"},{"tag":"title","text":"Mr.Hope の 吐槽"},{"tag":"p","text":["我知道很多人会抱怨东师的选课系统老，还时常崩溃。但是有一说一，升级换代这个系统真的没您想象的那么简单。","目前高校教务系统、图书系统这些方面基本上是处于一种垄断的情况，报价极其高昂，一套教务系统报价最低也要几十万起步，通常动辄上百万。所以如果旧系统依旧能满足基本的正常使用的话，学校采购新系统就变得异常困难。","另外，由于选课系统需要和教务系统配合，导入您的已选课程和已选学分，并且最终要将选课数据输出到教务系统生成学生的最终课程情况，所以选课系统单独换是不太现实的。再加上说实在的，这系统也还能凑合着用，所以就变成了您看到的这个样子。"],"style":"text-indent: 1.5em; "}],"cite":[],"id":"guide/select/system"}