{"title":"校团委","grey":true,"author":"Mr.Hope","time":"2021年8月15日","shareable":true,"content":[{"tag":"list","content":[{"text":"校团委介绍","icon":"about","path":"intro/apartment/youth-league/intro"},{"text":"规章制度","icon":"rule","path":"intro/apartment/youth-league/rule"},{"text":"相关文件","icon":"file","path":"intro/apartment/youth-league/file"}]},{"tag":"copy","header":"官网","text":"http://youth.nenu.edu.cn/index.htm"}],"images":[],"id":"intro/apartment/youth-league/index","scopeData":{"@type":"general","uniq_id":"intro/apartment/youth-league/index","title":"校团委","digest":"","thumbs":["https://mp.innenu.com/img/inNENU.jpg"],"tags":[]}}