{"title":"坐飞机-到净月","author":"Mr.Hope","time":"2021年8月29日","shareable":true,"content":[{"tag":"title","text":"动车-轨道交通(推荐)"},{"tag":"list","header":false,"content":[{"text":"详情","icon":"railway","path":"guide/arrival/plane-jingyue/railway"}]},{"tag":"title","text":"打车"},{"tag":"p","text":["机场-市内 80 - 90 元(不含高速费)，市内-净月校区 ￥20，讲价完大约 100 多点。可以走机场高速-长平高速，到净月收费站下，40 分钟左右。"],"style":"text-indent: 1.5em; "},{"tag":"title","text":"机场大巴-公交"},{"tag":"p","text":["乘坐机场大巴到人民广场 (￥20)，转乘 160(￥2) 至东北师范大学站。全程 2 小时左右。"],"style":"text-indent: 1.5em; "}],"images":[],"id":"guide/arrival/plane-jingyue/index","scopeData":{"@type":"general","uniq_id":"guide/arrival/plane-jingyue/index","title":"坐飞机-到净月","digest":"机场-市内 80 - 90 元(不含高速费)，市内-净月校区 ￥20，讲价完大约 100 多点。可以走机场高速-长平高速，到净月收费站下，40 分钟左右。乘坐机场大巴到人民广场 (￥20)，转乘 160(￥2) 至东北师范大学站。全程 2 ","thumbs":["https://mp.innenu.com/img/inNENU.jpg"],"tags":["动车-轨道交通(推荐)","打车","机场大巴-公交"]}}