{"title":"报到","grey":true,"author":"Mr.Hope","time":"2021年9月13日","shareable":true,"content":[["list",{"header":"报到要求","content":[{"text":"新生报到需要满足的条件","icon":"alert","path":"guide/epidemic/requirement"},{"text":"专业所在校区","icon":"gate","path":"guide/check/locate"}]}],["list",{"header":"报到流程","content":[{"text":"报到时间地点","icon":"time","path":"guide/check/location-and-time"},{"text":"报到流程","icon":"flow","path":"guide/check/flow"},{"text":"缴费相关","icon":"money","path":"guide/check/pay"},{"text":"绿色通道","icon":"green-tunnel","path":"guide/check/green-tunnel"}]}],["list",{"header":"相关事务","content":[{"text":"使用校园卡","icon":"card","path":"guide/card/prepare"},{"text":"防盗防骗攻略","icon":"safe","path":"guide/check/guard"},{"text":"入学体检","icon":"medical-exam","path":"guide/check/medical-examination"},{"text":"党团组织关系迁移","icon":"league","path":"guide/check/league"},{"text":"户口迁移","icon":"more","path":"guide/check/hukou"},{"text":"保险","icon":"insurance","path":"guide/check/insurance"}]}],["list",{"header":"防盗防骗攻略","content":[{"text":"防盗防骗攻略","icon":"safe","path":"guide/check/guard"}]}]],"cite":[],"id":"guide/check/index"}