{"title":"长春机场介绍","author":"Mr.Hope","time":"2021年8月28日","grey":true,"shareable":true,"content":[{"tag":"list","header":"介绍","content":[{"text":"龙嘉机场介绍","icon":"intro","path":"guide/traffic/plane/intro"},{"text":"值机介绍","icon":"check","path":"guide/traffic/plane/check-in"}]},{"tag":"list","header":"通勤","content":[{"text":"从机场出发","path":"guide/traffic/plane/depart"},{"text":"到达机场","path":"guide/traffic/plane/arrive"}]}],"images":[],"id":"guide/traffic/plane/index","scopeData":{"@type":"general","uniq_id":"guide/traffic/plane/index","title":"长春机场介绍","digest":"","thumbs":["https://mp.innenu.com/img/inNENU.jpg"],"tags":[]}}