{"title":"长春龙嘉机场动车组","desc":"相关资料来自长春市龙嘉国际机场官网","author":"Mr.Hope","time":"2021年8月30日","shareable":true,"content":[{"tag":"title","text":"长春-吉林城际高速铁路简介"},{"tag":"p","text":["长珲城际铁路龙嘉高铁站位于长春龙嘉国际机场T1航站楼正南方向，与机场南侧公路并行，站房形式为地下车站。长珲城铁成为国内第一条实现铁路和空港间零换乘的城际铁路。从城铁下来的乘客可以通过地下通道直接步行抵达航站楼。龙嘉站可乘高铁直达长春火车站、长春西站以及吉林站。","龙嘉高铁站与长春龙嘉国际机场T2航站楼有地下连廊，需要从1号通廊向北步行至与3号通廊交界处后，一直向东前进即可到达。"],"style":"text-indent: 1.5em; "},{"tag":"ul","heading":"长春站 ↔ 龙嘉站","text":["长春站至龙嘉站每天24车次，历时14分钟","龙嘉站至长春站每天22车次，历时14分钟"]},{"tag":"ul","heading":"长春西站 ↔ 龙嘉站","text":["长春西站至龙嘉站往返每天3车次，历时27分钟","龙嘉站至长春西站每日1班次，历时27分钟"]},{"tag":"ul","type":"info","heading":"长春-吉林城际高速铁路列票价","text":["长春站 ↔ 龙嘉站: 一等座15元，二等座8.5元","长春西站 ↔ 龙嘉站: 一等座25元，二等座14.5元"]},{"tag":"title","text":"列车时刻"},{"tag":"text","type":"warning","text":["以下时刻仅供参考，请以 12306 网站最终安排为准"]},{"tag":"img","src":"http://mp.innenu.com/img/traffic/train-changchun-airport.png","desc":"长春 - 龙嘉 - 吉林"},{"tag":"img","src":"http://mp.innenu.com/img/traffic/train-airport-changchun.png","desc":"吉林 - 龙嘉 - 长春"}],"images":["http://mp.innenu.com/img/traffic/train-changchun-airport.png","http://mp.innenu.com/img/traffic/train-airport-changchun.png"],"id":"guide/traffic/plane/train","scopeData":{"@type":"general","uniq_id":"guide/traffic/plane/train","cover":"http://mp.innenu.com/img/traffic/train-changchun-airport.png","title":"长春龙嘉机场动车组","digest":"长珲城际铁路龙嘉高铁站位于长春龙嘉国际机场T1航站楼正南方向，与机场南侧公路并行，站房形式为地下车站。长珲城铁成为国内第一条实现铁路和空港间零换乘的城际铁路。从城铁下来的乘客可以通过地下通道直接步行抵达航站楼。龙嘉站可乘高铁直达长春火车站、","thumbs":["http://mp.innenu.com/img/traffic/train-changchun-airport.png","http://mp.innenu.com/img/traffic/train-airport-changchun.png"],"tags":["长春-吉林城际高速铁路简介","列车时刻"]}}