{"title":"萤火支教团","author":"Mr.Hope","time":"2021年9月9日","shareable":true,"content":[{"tag":"title","text":"简介"},{"tag":"p","text":["东北师范大学萤火支教团创建于2011年，隶属于外国语学院，由各学院热心公益支教的队员组成。在团队内部的齐心协力下，萤火支教团不断发展，“萤火虫”们也有信心继续发光发热，为需要的孩子们带去更多正能量。"],"style":"text-indent: 1.5em; "}],"images":[],"id":"guide/association/volunteer/yinghuo","scopeData":{"@type":"general","uniq_id":"guide/association/volunteer/yinghuo","title":"萤火支教团","digest":"东北师范大学萤火支教团创建于2011年，隶属于外国语学院，由各学院热心公益支教的队员组成。在团队内部的齐心协力下，萤火支教团不断发展，“萤火虫”们也有信心继续发光发热，为需要的孩子们带去更多正能量。","thumbs":["https://mp.innenu.com/img/inNENU.jpg"],"tags":["简介"]}}