{"title":"数学与统计学院","grey":true,"author":"Mr.Hope","time":"2022 年 6 月 27 日","shareable":true,"content":[{"tag":"account","name":"数学与统计学院","logo":"https://mp.innenu.com/img/media/math.png","detail":"东北师范大学数学与统计学院","wxid":"gh_83fa6f6e7577","wxcode":"https://mp.innenu.com/img/media/math-qrcode.jpg","account":"math","location":{"latitude":43.86014,"longitude":125.32797},"site":"https://math.nenu.edu.cn/"},{"tag":"list","items":[{"text":"学院简介","icon":"about","path":"intro/school/math/intro"},{"text":"专业介绍","icon":"intro","path":"intro/school/math/enroll"}]}],"cite":[],"id":"intro/school/math/index"}