{"title":"化学学院","grey":true,"author":"Mr.Hope","time":"2021年11月22日","shareable":true,"content":[["account",{"name":"化学学院","logo":"https://mp.innenu.com/img/media/chemistry.jpg","detail":"东北师范大学化学学院","wxid":"dongshihuayuan","wxcode":"https://mp.innenu.com/img/media/chemistry-wechat.jpg","account":"chemistry","location":{"latitude":43.86221,"longitude":125.33097},"mail":"chem@nenu.deu.cn","site":"https://chem.nenu.edu.cn/"}],["list",{"content":[{"text":"学院简介","icon":"about","path":"intro/school/chemistry/intro"},{"text":"专业介绍","icon":"intro","path":"intro/school/chemistry/enroll"}]}]],"cite":[],"id":"intro/school/chemistry/index"}