{"title":"轮滑场","author":"fy","time":"2020年9月1日","content":[{"tag":"title","text":"简介"},{"tag":"p","text":["轮滑场位于篮球场和网球场中间，每天傍晚夜幕降临之时，轮滑场就聚集起许多轮滑爱好者，多彩的灯光、行云流水的轮滑技术，令人赏心悦目。"],"style":"text-indent: 1.5em; "}],"images":[],"id":"map/benbu/sports/roller-skating","scopeData":{"@type":"general","uniq_id":"map/benbu/sports/roller-skating","title":"轮滑场","digest":"轮滑场位于篮球场和网球场中间，每天傍晚夜幕降临之时，轮滑场就聚集起许多轮滑爱好者，多彩的灯光、行云流水的轮滑技术，令人赏心悦目。","thumbs":["https://mp.innenu.com/img/inNENU.jpg"],"tags":["简介"]}}