{"title":"2022 年上半年 NCRE 安排","author":"Mr.Hope","time":"2022 年 6 月 27 日","shareable":true,"content":[{"tag":"title","text":"相关时间"},{"tag":"text","type":"info","heading":"报名及支付时间","text":["2022 年 6 月 21 日 9:00 至 2022 年 7 月 11 日 12:00"]},{"tag":"text","type":"note","heading":"东北师范大学考点安排","path":"guide/exam/ncre/apply"},{"tag":"text","type":"info","heading":"准考证打印","text":["2022 年 9 月 17 日至 9 月 23 日"]},{"tag":"text","type":"info","heading":"考试时间","text":["2022 年 9 月 24 日至 9 月 26 日"]},{"tag":"text","type":"info","heading":"成绩查询","text":["考试成绩约在考试结束 2 个月后公布，考生可登录教育部考试中心中国教育考试网 (https://ncre.neea.edu.cn) 查询本次考试成绩及证书信息。"]},{"tag":"action","content":"https://ncre.neea.edu.cn"}],"cite":[],"id":"guide/exam/ncre/time"}