{"title":"校园邮箱","grey":true,"author":"Mr.Hope","time":"2021年12月12日","shareable":true,"content":[{"tag":"list","content":[{"text":"邮箱介绍","icon":"email","path":"guide/account/mail/intro"},{"text":"安卓邮箱客户端设置","icon":"android","path":"guide/account/mail/Android"},{"text":"iOS 邮箱客户端设置","icon":"apple","path":"guide/account/mail/iOS"},{"text":"Windows 邮箱客户端设置","icon":"windows","path":"guide/account/mail/windows"},{"text":"macOS 邮箱客户端设置","icon":"apple","path":"guide/account/mail/macos"}]},{"tag":"img","src":"https://mp.innenu.com/img/account/emailAdvance.png","desc":"邮件客户端高级设置"}],"id":"guide/account/mail/index","images":["https://mp.innenu.com/img/account/emailAdvance.png"],"scopeData":{"@type":"general","uniq_id":"guide/account/mail/index","title":"校园邮箱","cover":"https://mp.innenu.com/img/account/emailAdvance.png","digest":"","thumbs":["https://mp.innenu.com/img/account/emailAdvance.png"],"tags":["校园邮箱"]}}