{"title":"小程序使用指南","grey":true,"shareable":true,"content":[{"tag":"list","content":[{"text":"小程序全部内容均由 Mr.Hope 独立开发。"},{"text":"小程序现有字数为 449190 字，其中东师介绍部分 177553 字，东师指南部分 215973 字，功能大厅部分 25127 字，其他部分 30537 字。"},{"text":"小程序介绍","icon":"about","url":"page?path=other/guide/intro"},{"text":"咨询介绍","icon":"contact","url":"page?path=other/guide/contact"},{"text":"搜索介绍","icon":"search","url":"page?path=other/guide/search"}]},{"tag":"advanced-list","header":"支持小程序","content":[{"text":"小程序每年会产生开销，如果您希望帮助 Mr.Hope，欢迎联系 Mr.Hope 施以援手。"},{"text":"联系 Mr.Hope","icon":"contact","type":"button","openType":"contact","env":["wx"]},{"text":"联系 Mr.Hope","icon":"contact","type":"button","openType":"addFriend","openId":"868D7B2F0C609B4285698EAB77A47BA1","env":["qq"]}]},{"tag":"text","heading":"小程序内容","text":["小程序页面内容仓库在 Github 上开源。如果您愿意对小程序提供帮助，欢迎您点击下方链接为该仓库做贡献。您可以帮助扩充或编辑小程序的页面文字、图片以及相关文件。"]},{"tag":"copy","text":"https://github.com/Hope-Studio/innenu-res"},{"tag":"list","header":"内容版权及使用","content":[{"text":"请您特别注意，除标注来源的文字、图片 Mr.Hope 没有版权外，其余文字、图片均放置在 “署名 - 非商业性使用 - 禁止演绎 4.0 国际许可证” 下。请您合法使用这些文字与图片，以避免引起纠纷。"},{"text":"协议详情","url":"page?path=other/about/copyright"}]}],"images":[],"id":"index","scopeData":{"@type":"general","uniq_id":"index","title":"小程序使用指南","digest":"小程序内容 小程序页面内容仓库在 Github 上开源。如果您愿意对小程序提供帮助，欢迎您点击下方链接为该仓库做贡献。您可以帮助扩充或编辑小程序的页面文字、图片以及相关文件。","thumbs":["https://mp.innenu.com/img/inNENU.jpg"],"tags":[]}}