{"title":"小程序介绍","author":"Mr.Hope","shareable":true,"content":[{"tag":"text","type":"info","text":["in 东师小程序包含了“东师介绍”、“东师指南”与“功能大厅”三个板块。"]},{"tag":"title","text":"东师介绍"},{"tag":"text","text":["“东师介绍”通过 17 万余字、上百张图片和数十份相关文件全方位的介绍了学校的相关信息、校规校纪、常用文件等。","同时，东师介绍板块还包含了所有学院的学院介绍与开设专业介绍。几乎所有本科专业都有对应的详细介绍。","该板块还包含了东师常用的机构介绍、他们对应服务的办理说明以及相关文件与规章制度。"]},{"tag":"title","text":"东师指南"},{"tag":"text","text":["“东师指南”通过 21 万余字、数百张图片和数十份相关文件，从 35 个不同板块全面介绍东师的各类信息。","新生同学对学校的任何疑问几乎都可以在该板块找到答案。"]},{"tag":"title","text":"功能大厅"},{"tag":"text","text":["“功能大厅”包含了一些腾讯允许个人开发者做的功能板块，文字数量超 2 万字。"]},{"tag":"text","type":"warning","text":["更多功能并不是 Mr.Hope 不做，而是制作后无法通过腾讯审核。"]},{"tag":"ul","text":["“校园地图” 仅微信小程序可用，包含了东师的全部地点标记，方便新生入学初期不熟识校园时在校园内进行导航。同时，该板块还包含了对应地点 2 万余字的介绍。","“音悦东师” 包含了多个东师原创歌曲。","“影约东师” 包含了东师的风采介绍、专业介绍等。","“校历” 包含了近年来东师的具体活动日程安排。","“天气” 包含了两校区详细的天气介绍。","“体测计算器” 是针对东师自己特有的体测评分标准进行编写的体测计算器(目前暂不含指定项目满分后的加分逻辑)。","“校园公众号” 包含了东师知名校园微信公众号及其对应图文(目前还在补充中...)。"]},{"tag":"title","text":"小程序性质"},{"tag":"ul","text":["小程序是由 Mr.Hope，一名东师在读硕士生个人独自开发的小程序。","小程序从 2017 年下半年立项研发开始，以独立运营近4年，小程序的所有代码、内容均由 Mr.Hope 一个人进行编写、扩充与维护。","小程序现有文字数量超过 45 万字(不包含附带文件以及英文字符、标点符号)；页面数量超过 800 页。Mr.Hope 在小程序上花费的时间是需要以“千小时”单位进行计量的。","由于小程序全由 Mr.Hope 个人开发，学校也没有提供任何形式的支持与援助，所以小程序并非东师官方小程序。同样，由于内容未经官方审查，小程序自然不会出现在任何官方平台及其宣传上。","小程序是一个完完全全由 Mr.Hope 一人发起并坚决执行数年的公益项目，自 2018 年以来，小程序已联系服务三余载，累计服务六万余人，Mr.Hope 会继续做下去，做的更久、做的更好。","学校从未对小程序提供过任何形式 (包括资料和经费) 的帮助，Mr.Hope 已在小程序服务器等费用上个人支出数千元，同样付出了近两千个小时，如果您看到这里并在过后对小程序的使用后觉得小程序很赞，欢迎打赏 Mr.Hope。1 - 5 元就够了。"]},{"tag":"img","src":"https://mp.innenu.com/img/about/warning.png","desc":"由于腾讯不允许个人小程序直接放置收款二维码，如果您想要捐赠，请联系 Mr.Hope"},{"tag":"advanced-list","header":false,"content":[{"text":"联系 Mr.Hope","icon":"contact","type":"button","openType":"contact","env":["wx"]},{"text":"联系 Mr.Hope","icon":"contact","type":"button","openType":"addFriend","openId":"868D7B2F0C609B4285698EAB77A47BA1","env":["qq"]}]},{"tag":"ol","type":"warning","heading":"请您特别注意","text":["该小程序为 Mr.Hope 个人的小程序，与学校无关，学校不对该小程序内容的正确与否负责。","Mr.Hope 在此郑重声明，Mr.Hope 会竭力保持小程序内容的正确性，但 45 万余字的内容难免会存在部分疏漏。Mr.Hope 不对小程序可能存在的部分错误内容负责。","小程序的东师指南部分含有大量(约 9 万字) Mr.Hope 的吐槽与建议。\n这些吐槽和建议在 Mr.Hope 看来是极其有用的。它们通常包含了学校一些实际情况的准确描述说明，部分问题、活动的实际本质与良好的执行方式，或者 Mr.Hope 根据自己和身边优秀毕业生经验的带有主观性色彩的避坑指南与贴心提示建议。\n但是学校官方会不可避免的认为，其中的部分内容涉及到学校的负面性评价与描述，或者过于深刻的揭穿了某些问题的本质，而且这些内容含有 Mr.Hope 的主观色彩，不具有客观性，所以学校官方不会公开宣传或正面评价本小程序，甚至不排除在将来因为某些内容抵制本小程序的情况。\nMr.Hope 自然不会移除自己用心写的观点看法，学校官方也自然永远不会公开宣传或正面评价本小程序。本小程序究竟如何您可以自己体验感受，或询问学长学姐他们的观点看法。"]}],"images":["https://mp.innenu.com/img/about/warning.png"],"id":"intro","scopeData":{"@type":"general","uniq_id":"intro","cover":"https://mp.innenu.com/img/about/warning.png","title":"小程序介绍","digest":"in 东师小程序包含了“东师介绍”、“东师指南”与“功能大厅”三个板块。“东师介绍”通过 17 万余字、上百张图片和数十份相关文件全方位的介绍了学校的相关信息、校规校纪、常用文件等。 同时，东师介绍板块还包含了所有学院的学院介绍与开设专业介","thumbs":["https://mp.innenu.com/img/about/warning.png"],"tags":["东师介绍","东师指南","功能大厅","小程序性质"]}}