{"title":"电子产品","author":"Mr.Hope","time":"2022 年 6 月 27 日","shareable":true,"content":[{"tag":"text","type":"tip","text":["Mr.Hope 正在整理此信息并欢迎您的协助。","此处需包含电子产品维修、配件购买等相关校内外店铺。"]},{"tag":"functional-list","items":[{"text":"联系 Mr.Hope","icon":"contact","type":"button","openType":"contact","env":["wx"]},{"text":"联系 Mr.Hope","icon":"contact","type":"button","openType":"addFriend","openId":"868D7B2F0C609B4285698EAB77A47BA1","env":["qq"]}]}],"cite":[],"id":"guide/life/digital"}