{"title":"长春轨道交通运营时间","desc":"数据来自长春市轨道交通集团有限公司官网","author":"Mr.Hope","time":"2021年8月22日","shareable":true,"content":[{"tag":"title","text":"地铁1号线运营时间"},{"tag":"img","src":"https://mp.innenu.com/img/life/subway-1-time.jpg"},{"tag":"title","text":"地铁2号线运营时间"},{"tag":"img","src":"https://mp.innenu.com/img/life/subway-2-time.jpg"},{"tag":"title","text":"轻轨3号线运营时间"},{"tag":"img","src":"https://mp.innenu.com/img/life/railway-3-time.jpg"},{"tag":"title","text":"轻轨4号线运营时间"},{"tag":"img","src":"https://mp.innenu.com/img/life/railway-4-time.jpg"},{"tag":"title","text":"轻轨8号线运营时间"},{"tag":"img","src":"https://mp.innenu.com/img/life/railway-8-time.jpg"}],"images":["https://mp.innenu.com/img/life/subway-1-time.jpg","https://mp.innenu.com/img/life/subway-2-time.jpg","https://mp.innenu.com/img/life/railway-3-time.jpg","https://mp.innenu.com/img/life/railway-4-time.jpg","https://mp.innenu.com/img/life/railway-8-time.jpg"],"id":"guide/traffic/railway/time","scopeData":{"@type":"general","uniq_id":"guide/traffic/railway/time","cover":"https://mp.innenu.com/img/life/subway-1-time.jpg","title":"长春轨道交通运营时间","digest":"","thumbs":["https://mp.innenu.com/img/life/subway-1-time.jpg","https://mp.innenu.com/img/life/subway-2-time.jpg","https://mp.innenu.com/img/life/railway-3-time.jpg","https://mp.innenu.com/img/life/railway-4-time.jpg","https://mp.innenu.com/img/life/railway-8-time.jpg"],"tags":["地铁1号线运营时间","地铁2号线运营时间","轻轨3号线运营时间","轻轨4号线运营时间","轻轨8号线运营时间"]}}