{"title":"交通","author":"Mr.Hope","time":"2021年8月15日","grey":true,"shareable":true,"content":[{"tag":"list","content":[{"text":"公交介绍","icon":"bus","path":"guide/life/traffic/bus"},{"text":"轨道交通介绍","icon":"train","path":"guide/life/traffic/railway"},{"text":"火车站介绍","icon":"railway","path":"guide/life/traffic/train"},{"text":"机场介绍","icon":"plane","path":"guide/life/traffic/plane"},{"text":"本部净月往返","icon":"change","path":"guide/life/traffic/switch"}]}],"images":[],"id":"guide/life/traffic/index","scopeData":{"@type":"general","uniq_id":"guide/life/traffic/index","title":"交通","digest":"","thumbs":["https://mp.innenu.com/img/inNENU.jpg"],"tags":[]}}