{"title":"“东师之声”校园广播站","desc":"来源: 校团委官网","time":"2021年11月19日","shareable":true,"content":[{"tag":"account","name":"“东师之声”校园广播站","logo":"https://mp.innenu.com/img/organization/voice.png","desc":"东北师范大学“东师之声”校园广播站","qq":3256974882,"qqid":"485F6B43DF35335DE39C618347D24389","qqcode":"https://mp.innenu.com/img/media/voice-qq.png","wxid":"DSZS2555","wxcode":"https://mp.innenu.com/img/media/voice-wechat.jpg","account":"voice","path":"voice","openid":"485F6B43DF35335DE39C618347D24389","wx":"DSZS2555","qqQRCode":"https://mp.innenu.com/img/media/voice-qq.png","wxQRCode":"https://mp.innenu.com/img/media/voice-wechat.jpg"},{"tag":"card","cover":"https://mp.innenu.com/img/media/join.png","logo":"https://mp.innenu.com/img/organization/voice.png","name":"“东师之声”校园广播站","title":"我们在纳新","url":"page?id=/guide/organization/voice/intake","type":"page","src":"https://mp.innenu.com/img/media/join.png"},{"tag":"title","text":"组织简介"},{"tag":"p","text":["东北师范大学“东师之声”校园广播站于1999年成立，是在学校党委直接领导、学校团委具体指导下，协助校团委宣传部进行校园广播宣传的学生广播团队，是校园内唯一的声音媒体，真正的“THE VOICE OF NENU”。同时，“东师之声”是中国高校广播联盟、吉林高校广播联盟成员，曾于中国(辽宁)高校传媒联盟主办的东北三省年度优秀新闻评选活动中，获“年度优秀广播节目奖”。作为一个引导舆论方向，宣传上级政策、服务校园文化生活的机构，广播站不断充实壮大自身，在校园中发挥着自己不可替代的作用，使学校的有关政策得到及时有效的传达，为学校的教育教学活动提供方便，同时丰富学生课余生活。"],"style":"text-indent: 1.5em; "},{"tag":"title","text":"部门介绍"},{"tag":"p","text":["“东师之声”校园广播站由主席团、播音部、广播剧部、融媒体部及办公室组成。"],"style":"text-indent: 1.5em; "},{"tag":"ul","text":["播音部下设新闻、纵声校园、综艺以及英语四个风格，以贴近校园生活内容为主，进行日常广播节目播送，并逐步开展联系宣传校园新闻及学院活动的板块内容。","广播剧部分为声优组、后期组、编剧组，致力于编写剧本并进行演绎，以声音增添校园生活趣味，并在荔枝、猫儿等平台进行播放。","融媒体部主要分为运营组、设计组、记者组、视音组，负责线上平台运营、海报设计、宣传采访、视频剪辑等。","办公室由秘书处与外联组构成，主要负责日常工作记录、外联工作、活动准备以及协助其它部门等任务。"]},{"tag":"title","text":"活动介绍"},{"tag":"p","text":["“东师之声”校园广播站在校团委指导下，联合各学院开展青年大学习竞赛活动，并由广播站联系创办青年大学习活动衍生文创产品，在全校范围内进行青年大学习奖励颁发。同时“东师之声”校园广播站面向全校同学，举办广播站传统活动: 主播大赛，寻找“东师好声音”，为“主播”们提供展示自我以及相互学习的机会；配音大赛，寻找多变有趣的声音，为同学提供展示的舞台，丰富校园生活，传播正能量。","作为学校进行宣传工作的重要窗口，“东师之声”校园广播站在服务同学、发挥宣传与引导作用的同时，充分挖掘学生潜力，锻炼学生语言应用能力、沟通与应变能力，在提升成员能力的同时丰富壮大自我。一个优秀的声音媒体组织是加强校园文化建设的重要阵地、是联系学校与学生的桥梁，是增进全体同学的感情纽带，“东师之声”正逐步向之迈进。"],"style":"text-indent: 1.5em; "}],"images":[],"id":"guide/organization/voice/index","scopeData":{"@type":"general","uniq_id":"guide/organization/voice/index","title":"“东师之声”校园广播站","digest":"东北师范大学“东师之声”校园广播站于1999年成立，是在学校党委直接领导、学校团委具体指导下，协助校团委宣传部进行校园广播宣传的学生广播团队，是校园内唯一的声音媒体，真正的“THE VOICE OF NENU”。同时，“东师之声”是中国高校","thumbs":["https://mp.innenu.com/img/inNENU.jpg"],"tags":["组织简介","部门介绍","活动介绍"]}}