{"title":"考试","grey":true,"author":"Mr.Hope","time":"2021年9月5日","shareable":true,"content":[{"tag":"list","header":"体测","content":[{"text":"体测简介","icon":"basketball","path":"guide/exam/pe-test/intro"},{"text":"测试成绩说明","icon":"intro","path":"guide/exam/pe-test/explain"},{"text":"测试项目评分表","icon":"score","path":"guide/exam/pe-test/score"},{"text":"申请免测/缓测的条件及程序","icon":"apply","path":"guide/exam/pe-test/exempt"}]},{"tag":"list","header":"英语","content":[{"text":"英语分班考试","icon":"test","path":"guide/exam/grading-exam"},{"text":"东北师范大学英语水平测试","desc":"DET","icon":"english","path":"guide/course/english/DET"}]},{"tag":"list","header":"大学英语水平测试","content":[{"text":"大学英语水平测试介绍","icon":"intro","path":"guide/exam/cet/intro"},{"text":"大学英语水平测试报名","icon":"apply","path":"guide/exam/cet/apply"},{"text":"大学英语水平测试考试流程","icon":"flow","path":"guide/exam/cet/flow"},{"text":"大学英语水平测试考试常见问题","icon":"faq","path":"guide/exam/cet/faq"}]},{"tag":"list","header":"计算机","content":[{"text":"计算机等级考试说明","icon":"office","path":"guide/exam/NCRE/index"}]},{"tag":"list","header":"普通话","content":[{"text":"普通话水平测试","path":"guide/exam/putong"}]}],"images":[],"id":"guide/exam/index","scopeData":{"@type":"general","uniq_id":"guide/exam/index","title":"考试","digest":"","thumbs":["https://mp.innenu.com/img/inNENU.jpg"],"tags":[]}}