{"title":"爱踏足旅游协会","shareable":true,"id":"guide/association/culture/travel","cite":[],"content":[{"tag":"title","text":"简介"},{"tag":"p","text":["爱踏足旅游协会成立于 2002 年，已经发展为高品质、高规格的兴趣爱好型的学生社团，曾为东北师大校十佳社团之一。“诗意可望，远方可及”，协会以宣传旅游文化，发展青年大学生热爱旅游的兴趣为宗旨，已经形成了春踏青、冬滑雪以及室内旅游知识宣传等系列精品活动，极大地丰富了东师学子的课余生活。"]}]}