{"title":"本科生转专业流程","author":"Mr.Hope","time":"2021年11月22日","shareable":true,"content":[{"tag":"title","text":"执行流程"},{"tag":"img","src":"https://mp.innenu.com/img/action/change-major.jpg"},{"tag":"title","text":"相关内容"},{"tag":"list","header":false,"content":[{"text":"转专业","icon":"degree","path":"guide/change-major/index"}]}],"id":"guide/action/change-major","images":["https://mp.innenu.com/img/action/change-major.jpg"],"scopeData":{"@type":"general","uniq_id":"guide/action/change-major","title":"本科生转专业流程","cover":"https://mp.innenu.com/img/action/change-major.jpg","digest":"","thumbs":["https://mp.innenu.com/img/action/change-major.jpg"],"tags":["执行流程","相关内容"]}}