{"title":"奖学金","grey":true,"author":"Mr.Hope","time":"2021年11月22日","shareable":true,"content":[{"tag":"list","content":[{"text":"本科生奖学金介绍","icon":"metal","path":"guide/study/scholarship/undergraduate"},{"text":"本科奖学金评审说明","icon":"alert","path":"guide/study/scholarship/explain"},{"text":"研究生奖学金介绍","icon":"metal","path":"guide/study/scholarship/postgraduate"},{"text":"奖学金申请","icon":"apply","path":"guide/study/scholarship/apply"}]},{"tag":"doc","name":"东北师范大学学生奖励办法","url":"https://mp.innenu.com/file/scholarship/reward.pdf","icon":"pdf"}],"id":"guide/study/scholarship/index","scopeData":{"@type":"general","uniq_id":"guide/study/scholarship/index","title":"奖学金","digest":"","thumbs":["https://mp.innenu.com/img/inNENU.jpg"],"tags":["奖学金"]}}