{"title":"生活","author":"Mr.Hope","time":"2022 年 6 月 27 日","shareable":true,"content":[{"tag":"text","type":"tip","text":["生活页面近期进行了细分与重构，Mr.Hope 正在努力整理并更新两校区相关信息、照片，目前所列出的内容可能不全。","如果您是店家想要提供信息，或是学生想要帮助订正与提供相关照片，欢迎联系我。"]},{"tag":"title","text":"本部"},{"tag":"grid","header":"衣","items":[{"text":"洗衣店","name":"Washing","color":"red","icon":"washer","path":"guide/life/washing/benbu"},{"text":"眼镜店","name":"Glasses","color":"blue","icon":"glasses","path":"guide/life/glasses/benbu"}]},{"tag":"grid","header":"食","items":[{"text":"食堂","name":"Dining","color":"mavue","icon":"dining","path":"guide/dining/benbu"},{"text":"水果","name":"Fruit","color":"cyan","icon":"fruit","path":"guide/life/fruit/benbu"},{"text":"烘焙坊","name":"Bake","color":"purple","icon":"bake","path":"guide/life/bake/benbu"},{"text":"饮品店","name":"Drink","color":"olive","icon":"drink","path":"guide/life/drink/benbu"}]},{"tag":"grid","header":"住","items":[{"text":"寝室","name":"Dorm","color":"blue","icon":"dorm","path":"guide/dorm/index"},{"text":"浴池","name":"Bath","color":"red","icon":"bath","path":"guide/bath/benbu"},{"text":"理发","name":"Haircut","color":"mavue","icon":"haircut","path":"guide/life/haircut/benbu"},{"text":"照相","name":"Photo","color":"cyan","icon":"photo","path":"guide/life/photo/benbu"},{"text":"打印复印","name":"Print","color":"purple","icon":"print","path":"guide/life/print/benbu"},{"text":"数码电子","name":"Digital","color":"olive","icon":"digital","path":"guide/life/digital"},{"text":"营业厅","name":"SIM","color":"grey","icon":"sim","path":"guide/life/sim/index"}]},{"tag":"grid","header":"行","items":[{"text":"交通出行","name":"Traffic","color":"blue","icon":"traffic","path":"guide/traffic/index"},{"text":"存取款","name":"ATM","color":"red","icon":"atm","path":"guide/life/atm/benbu"},{"text":"就医","name":"Hospital","color":"cyan","icon":"hospital","path":"guide/life/hostpital/benbu"},{"text":"药店","name":"Drug","color":"olive","icon":"drug","path":"guide/life/drug/index"},{"text":"校园周边","name":"Nearby","color":"purple","icon":"nearby","path":"guide/life/nearby/benbu"}]},{"tag":"title","text":"净月"},{"tag":"grid","header":"衣","items":[{"text":"洗衣店","name":"Washing","color":"red","icon":"washer","path":"guide/life/washing/jingyue"}]},{"tag":"grid","header":"食","items":[{"text":"食堂","name":"Dining","color":"mavue","icon":"dining","path":"guide/dining/jingyue"},{"text":"水果","name":"Fruit","color":"cyan","icon":"fruit","path":"guide/life/fruit/jingyue"},{"text":"烘焙坊","name":"Bake","color":"purple","icon":"bake","path":"guide/life/bake/jingyue"},{"text":"饮品店","name":"Drink","color":"olive","icon":"drink","path":"guide/life/drink/jingyue"}]},{"tag":"grid","header":"住","items":[{"text":"寝室","name":"Dorm","color":"blue","icon":"dorm","path":"guide/dorm/index"},{"text":"浴池","name":"Bath","color":"red","icon":"bath","path":"guide/bath/jingyue"},{"text":"理发","name":"Haircut","color":"mavue","icon":"haircut","path":"guide/life/haircut/jingyue"},{"text":"照相","name":"Photo","color":"cyan","icon":"photo","path":"guide/life/photo/jingyue"},{"text":"打印复印","name":"Print","color":"purple","icon":"print","path":"guide/life/print/jingyue"},{"text":"数码电子","name":"Digital","color":"olive","icon":"digital","path":"guide/life/digital"},{"text":"营业厅","name":"SIM","color":"grey","icon":"sim","path":"guide/life/sim/index"}]},{"tag":"grid","header":"行","items":[{"text":"交通出行","name":"Traffic","color":"blue","icon":"traffic","path":"guide/traffic/index"},{"text":"存取款","name":"ATM","color":"red","icon":"atm","path":"guide/life/atm/index"},{"text":"就医","name":"Hospital","color":"cyan","icon":"hospital","path":"guide/life/hostpital/jingyue"},{"text":"药店","name":"Drug","color":"olive","icon":"drug","path":"guide/life/drug/jingyue"},{"text":"校园周边","name":"Nearby","color":"purple","icon":"nearby","path":"guide/life/nearby/jingyue"}]}],"cite":[],"id":"guide/life/index"}