{"title":"保险处理流程","author":"Mr.Hope","time":"2022 年 6 月 27 日","shareable":true,"content":[{"tag":"title","text":"因病因伤住院"},{"tag":"img","src":"https://mp.innenu.com/img/check/insurance-flow-1.jpg"},{"tag":"title","text":"在长春市外就医"},{"tag":"img","src":"https://mp.innenu.com/img/check/insurance-flow-2.jpg"},{"tag":"title","text":"意外伤害住院"},{"tag":"img","src":"https://mp.innenu.com/img/check/insurance-flow-3.jpg"},{"tag":"title","text":"转诊情况"},{"tag":"img","src":"https://mp.innenu.com/img/check/insurance-flow-4.jpg"}],"cite":[],"id":"guide/check/insurance/flow"}