{"title":"长春市城乡居民基本医疗保险报销","author":"Mr.Hope","time":"2022 年 6 月 27 日","shareable":true,"content":[{"tag":"text","type":"info","text":["以下是常见的报销情况，以及其对应的注意事项于报销比例。"]},{"tag":"title","text":"长春市内住院"},{"tag":"p","text":["必须持医保卡办理入院，否则认为放弃医保待遇，产生费用不予核报。"]},{"tag":"text","type":"note","text":["由于特殊原因不能当时提供医保卡的，三日内必须出示医保卡办理入院手续","(吉大一二三院除外，其系统不支持，24 小时之内可以)"]},{"tag":"text","type":"info","heading":"核报比例","text":["分为两个阶段，统筹段和大额段。","统筹段上限 20 万，起付线 100 元，核报比例不分省市区医院，比例如下。\n￥100 - ￥10000: 75%\n￥10000 - ￥50000: 80%\n￥50000 - ￥200000: 85%","大额段核报金额合计 30 万 (实报金额)。\n住院现金累计合规医疗费用: 费用总额 - 统筹支付 - 大额支付 - 丙类费用 - 封锁费用 - 乙类个人自理费用 - 起付线"]},{"tag":"title","text":"转外住院"},{"tag":"p","text":["长春市医院无法治疗需转往外地医院，由长春市具有转诊资格的医院审批通过幵开具转诊转院审批单，可转外住院，全国联网定点可持二代正式卡实时绌算，非全国联网定点需现金绌算回长春医保核报。"]},{"tag":"ul","type":"info","heading":"核报比例","text":["长春市内标准"]},{"tag":"title","text":"异地住院"},{"tag":"p","text":["特点: 在外地、未经审批不能持卡住院，需要回长春医保报销","长春市医院无法治疗需转往外地医院，由长春市具有转诊资格的医院审批通过幵开具转诊转院审批单，可转外住院，全国联网定点可持二代正式卡实时结算，非全国联网定点需现金绌算回长春医保核报。"]},{"tag":"ol","type":"info","heading":"常见情况","text":["寒暑假期间，在户口所在地发生住院","学校组织的实习期间，在实习地发生住院","参保学生在外地因急诊住院的","参保学生在外地因非急诊住院"]},{"tag":"text","type":"note","heading":"急诊住院范围","text":["急性脑出血、急性心衰、急性心肌梗塞、心脏骤停、高血压危象、急性肺水肿、 急性肺栓塞、哮喘持续状态、大咯血、癫痫持续状态、昏迷、休克、开放性外伤及骨折等抢救以及危急生命的急救住院。"]},{"tag":"text","type":"warning","heading":"及时备案","text":["如需医保报销，上述后两种情况需要在入院后 3 个工作日内到市医保局经办机构登记备案。"]},{"tag":"ul","type":"info","heading":"核报比例","text":["前三种情况，按照长春市内标准","最后一种情况，按长春市内标准 20%"]},{"tag":"title","text":"门诊大病"},{"tag":"text","text":["需在医院実批，在医院持卡办理","核报比例不分省市区医院"]},{"tag":"ul","text":["起付线: 100 元 (一个年度只收一次起付线)","￥100 — ￥10000: 75%","￥10000 — ￥50000: 80%","￥50000 — ￥200000: 85%"]},{"tag":"title","text":"门诊统筹"},{"tag":"p","text":["在规定定点医疗机构持卡办理，普通疾病开基本药物，除长春市几所高校外，大学生无此项待遇，我校学生可使用公费医疗。"]},{"tag":"title","text":"意外伤害门诊"},{"tag":"p","text":["在定点医院不持卡办理，需要回医保报销"]},{"tag":"ul","text":["起付线: 100 元( 一个年度只收一次起付线)","上限: 5000 元","核报比例: 80%"]},{"tag":"title","text":"相关信息"},{"tag":"img","src":"https://mp.innenu.com/img/check/insurance-base-1.jpg"},{"tag":"img","src":"https://mp.innenu.com/img/check/insurance-base-2.jpg"},{"tag":"title","text":"补充说明"},{"tag":"text","type":"warning","heading":"免责声明","text":["尽管本页内容摘录于政府、学校的官方文件，但 Mr.Hope 非专业人士，对相关政策执行可能存在潜在的理解偏差，本页内容亦可能存在潜在的错误。","Mr.Hope 不对本页内容中可能出现的错误负责，如果您发现内容错误，请您及时汇报给 Mr.Hope，Mr.Hope 会及时更正。","请不要咨询 Mr.Hope 保险相关问题，Mr.Hope 不能对此类问题进行有效解答，建议直接拨打相关电话。"]}],"cite":[],"id":"guide/check/insurance/reimburse"}