{"title":"净月美食节","author":"Mr.Hope","time":"2021年11月22日","shareable":true,"content":[{"tag":"img","src":"https://mp.innenu.com/img/dining/dining36.jpg"},{"tag":"img","src":"https://mp.innenu.com/img/dining/dining37.jpg"},{"tag":"img","src":"https://mp.innenu.com/img/dining/dining38.jpg"},{"tag":"img","src":"https://mp.innenu.com/img/dining/dining39.jpg"}],"id":"guide/dining/festival/jingyue","images":["https://mp.innenu.com/img/dining/dining36.jpg","https://mp.innenu.com/img/dining/dining37.jpg","https://mp.innenu.com/img/dining/dining38.jpg","https://mp.innenu.com/img/dining/dining39.jpg"],"scopeData":{"@type":"general","uniq_id":"guide/dining/festival/jingyue","title":"净月美食节","cover":"https://mp.innenu.com/img/dining/dining36.jpg","digest":"","thumbs":["https://mp.innenu.com/img/dining/dining36.jpg","https://mp.innenu.com/img/dining/dining37.jpg","https://mp.innenu.com/img/dining/dining38.jpg","https://mp.innenu.com/img/dining/dining39.jpg"],"tags":[]}}