{"title":"后勤管理处","grey":true,"author":"Mr.Hope","time":"2021年12月3日","shareable":true,"content":[["account",{"name":"后勤管理处","logo":"https://mp.innenu.com/img/media/logistics.jpg","detail":"东北师范大学后勤管理处","wxid":"dongshihouqin","wxcode":"https://mp.innenu.com/img/media/logistics-wechat.jpg","account":"logistics","mail":"houqin@nenu.edu.cn","site":"http://www.library.nenu.edu.cn/"}],["list",{"content":[{"text":"机构设置","icon":"about","path":"intro/apt/logistics/intro"},{"text":"学校服务监督电话","icon":"phone","path":"intro/apt/logistics/contact"},{"text":"学生公寓管理办法","icon":"punish","path":"intro/apt/logistics/rule"}]}]],"cite":[],"id":"intro/apt/logistics/index"}