{"title":"改派","author":"Mr.Hope","time":"2021年8月15日","shareable":true,"content":[{"tag":"text","type":"info","text":["改派指学校就业方案上报吉林省高等学校毕业生就业指导中心之后，毕业生需要改换单位的。","依据吉政办发[2003]15号文件的有关规定，吉林省普通高校毕业生择业期(调整改派期限)为三年，三年之后改换单位属于在职人员流动，将不能进行改派。改派需要提交相关材料。毕业生收集齐改派材料后，到吉林省高等学校毕业生就业指导中心(省就业中心)换发新的报到证。"]},{"tag":"title","text":"改派流程"},{"tag":"ul","text":["毕业时未派遣的，持毕业证、学位证复印件、用人单位接收函(协议书或劳合同)直接到省就业中心二楼大厅办理。","毕业时派遣回生源所在地的，持毕业证、学位证复印件、原报到证原件、用人单位接收函(协议书或劳动合同)直接到省就业中心二楼大厅办理。","毕业时派遣至具体用人单位的，持毕业证复印件、原单位解约函原件、原报到证原件、新用人单位接收函到省就业中心二楼大厅办理。"]},{"tag":"text","type":"tip","text":["在6月23日报到证下发后，7月1日毕业生离校前，改派可由就业中心代为办理。"]}],"images":[],"id":"guide/job/dispatch/change","scopeData":{"@type":"general","uniq_id":"guide/job/dispatch/change","title":"改派","digest":"改派指学校就业方案上报吉林省高等学校毕业生就业指导中心之后，毕业生需要改换单位的。 依据吉政办发[2003]15号文件的有关规定，吉林省普通高校毕业生择业期(调整改派期限)为三年，三年之后改换单位属于在职人员流动，将不能进行改派。改派需要提","thumbs":["https://mp.innenu.com/img/inNENU.jpg"],"tags":["改派流程"]}}