{"title":"本部浴池","author":"Mr.Hope","time":"2021年11月22日","shareable":true,"content":[["title",{"text":"地址"}],["text",{"text":["学生八舍旁，幼儿园园长培训中心后侧。"]}],["location",{"title":"本部浴池","points":[{"latitude":43.86249,"longitude":125.337057}]}],["img",{"src":"https://mp.innenu.com/img/bath/benbu-main.jpg","desc":"正门"}],["img",{"src":"https://mp.innenu.com/img/bath/benbu-outside.webp","desc":"外景"}],["img",{"src":"https://mp.innenu.com/img/bath/benbu-main.webp","desc":"大厅"}],["text",{"heading":"一楼","text":["拥有水果店、复印店、奶茶店、化妆品店、理发店等店铺","包含健身房与休息室等设施。","还有一个小小的男宾。😑"]}],["carousel",{"images":["https://mp.innenu.com/img/bath/benbu-shop1.jpg","https://mp.innenu.com/img/bath/benbu-shop2.jpg","https://mp.innenu.com/img/bath/benbu-shop3.jpg"]}],["text",{"heading":"二楼","text":["浴池二楼为女宾区。"]}],["title",{"text":"洗浴区域"}],["text",{"text":["洗浴区在入口处提供了吹风机、梳妆镜、体重秤等设置。","每个洗浴间都有可上锁的门，周围是毛玻璃，门后有放置衣服和鞋子的箱子。"]}],["img",{"src":"https://mp.innenu.com/img/bath/benbu-env.webp","desc":"洗浴区"}],["img",{"src":"https://mp.innenu.com/img/bath/benbu-cloth-box.webp","desc":"衣物箱"}],["img",{"src":"https://mp.innenu.com/img/bath/benbu-dressing-table.webp","desc":"梳妆台 (有吹风机)"}],["img",{"src":"https://mp.innenu.com/img/bath/benbu-scale.webp","desc":"体重秤"}],["title",{"text":"开放时间"}],["text",{"text":["8:00🕗 - 22:00🕙","每月15日、30日上午检修"]}],["title",{"text":"校外浴池"}],["p",{"text":["三舍东边就是吉林省雪立方摩尔运动中心有限公司，内部洗浴条件很不错，有隔间，带学生证可以打折，价格是洗浴 ￥18/人，搓澡 ￥12/人。"],"style":"text-indent: 1.5em; "}]],"cite":[],"id":"guide/bath/benbu","images":["https://mp.innenu.com/img/bath/benbu-main.jpg","https://mp.innenu.com/img/bath/benbu-outside.webp","https://mp.innenu.com/img/bath/benbu-main.webp","https://mp.innenu.com/img/bath/benbu-env.webp","https://mp.innenu.com/img/bath/benbu-cloth-box.webp","https://mp.innenu.com/img/bath/benbu-dressing-table.webp","https://mp.innenu.com/img/bath/benbu-scale.webp"]}