{"title":"通信行程卡常见问题","desc":"相关信息来自通信大数据行程卡官网","author":"Mr.Hope","time":"2021年11月23日","shareable":true,"cite":"https://xc.caict.ac.cn/help.html","content":[{"tag":"text","type":"info","heading":"什么是“通信大数据行程卡”?","text":["“通信大数据行程卡”是中国电信、中国移动、中国联通、中国信通院联合推出的行程查询服务，可以免费为用户提供本人过往14天内到访过的国家(地区)和国内城市证明。"]},{"tag":"text","type":"info","heading":"“通信大数据行程卡”是否只显示归属地?","text":["不是，“通信大数据行程卡”可以显示用户过往14天内所有到访过的国家(地区)和停留超过4小时的国内城市。"]},{"tag":"text","type":"info","heading":"我坐火车路过某地如武汉会不会也被记录下来?","text":["不会的。坐火车路过城市一般不会超过4小时，是不会判断为驻留的，坐飞机路过城市上空就更加不会被记录。"]},{"tag":"text","type":"info","heading":"通信行程卡精确到什么程度?","text":["对于正常的市，包含属地范围内的所有基站覆盖范围。","对于直辖市，精确到区。"]},{"tag":"text","type":"info","heading":"查询结果出现未到访的地区?","text":["“通信大数据行程卡”服务使用的是基站数据，为了确保通信连续、实现覆盖无盲区，行政区划交界处的两地基站信号可能会交叉覆盖，造成结果的偏差，所以如果您恰好处于这样的区域，会被记录到访两地。","另外请特别注意，属地内所有的管辖区(包括下属的县、村)都作为覆盖范围，所以如果您经历高速堵车等情况在某属地超过4小时，也会被额外记录。"]},{"tag":"text","type":"info","heading":"查询结果未出现到访地区?","text":["在一个城市驻留时间未超过4小时，是不会被记录的。"]},{"tag":"text","type":"info","heading":"行程卡查不到行程怎么办?","text":["“行程卡”分析的是手机信令数据和话单数据，所以有行程数据的前提是用户在使用手机的过程中产生了这些信令和话单数据。遇到这种情况的时候，可以尝试多打几通电话，或者关闭Wi-Fi连接使用一下4G流量，不出问题第二天就能查到数据了。","为了避免因相邻城市基站覆盖造成的位置偏差，行程卡设置了满足4小时为驻留的判断条件，打电话时也有小技巧: 在一天内，最早的通话记录和最晚的通话记录时间跨度需要超过4小时(比如早上7点一次，中午12点一次)，才能满足要求，显示出行程。使用流量也是同样的原理。"]},{"tag":"text","type":"info","heading":"行程卡会使用手机其他软件数据么","text":["不会，行程卡不涉及用户其他隐私，只针对手机通信数据。"]}],"id":"guide/epidemic/history-visit/faq","scopeData":{"@type":"general","uniq_id":"guide/epidemic/history-visit/faq","title":"通信行程卡常见问题","digest":"什么是“通信大数据行程卡”? “通信大数据行程卡”是中国电信、中国移动、中国联通、中国信通院联合推出的行程查询服务，可以免费为用户提供本人过往14天内到访过的国家(地区)和国内城市证明。“通信大数据行程卡”是否只显示归属地? 不是，“通信大","thumbs":["https://mp.innenu.com/img/inNENU.jpg"],"tags":["通信行程卡常见问题"]}}