{"title":"本部临时取件点","author":"Mr.Hope、战俊华","time":"2022 年 6 月 27 日","shareable":true,"content":[{"tag":"title","text":"简介"},{"tag":"text","type":"info","text":["当遇到双十一、双十二等快递数量激增的场景时，学校会启用三舍 AB 的地下车库作为临时取件点。"]},{"tag":"text","text":["临时取件点的入口位于三舍 B 的西北角，是地下车库入口。","临时取件点未配备自助出库机，以人工方式进行取件。","取件时需告知工作人员取件人姓名和手机尾号，由工作人员手动扫码出库。"]},{"tag":"location","title":"临时取件点","points":[{"latitude":43.863823,"longitude":125.336528,"detail":"三舍 AB 地下车库"}]},{"tag":"img","src":"https://mp.innenu.com/img/express/benbu-temp-entrance.jpg","desc":"临时取件点入口"},{"tag":"text","heading":"开放时间","text":["8:30 - 21:30"]},{"tag":"title","text":"环境介绍"},{"tag":"img","src":"https://mp.innenu.com/img/express/benbu-temp.jpg","desc":"临时取件点内景"},{"tag":"img","src":"https://mp.innenu.com/img/express/benbu-temp-scan.jpg","desc":"临时取件点出库处"}],"cite":[],"id":"guide/express/benbu-temp"}