{"title":"英语免修评定","desc":"部分截图素材来自阮怀正","author":"Mr.Hope","time":"2021年12月1日","shareable":true,"content":[{"tag":"title","text":"申请方式"},{"tag":"text","text":["访问本科教学服务系统，在系统内发起申请。"]},{"tag":"text","type":"info","heading":"如何访问本科教学服务系统","path":"guide/system/under/intro"},{"tag":"title","text":"申请流程"},{"tag":"ol","text":["点击“考试管理”","“点击专项课程免修申请”，并点击增加","选择“大学英语读写1”、“大学英语读写2”","输入合适的理由并上传附件","保存并送审"]},{"tag":"img","src":"https://mp.innenu.com/img/system/english-exemption1.jpg"},{"tag":"img","src":"https://mp.innenu.com/img/system/english-exemption2.jpg"},{"tag":"img","src":"https://mp.innenu.com/img/system/english-exemption3.jpg"},{"tag":"img","src":"https://mp.innenu.com/img/system/english-exemption4.jpg"},{"tag":"img","src":"https://mp.innenu.com/img/system/english-exemption5.jpg"}],"cite":[],"id":"guide/system/under/exemption/english"}