{"title":"本部存取款","author":"Mr.Hope","time":"2021年9月6日","shareable":true,"content":[{"tag":"title","text":"校内 ATM"},{"tag":"text","text":["区域位于北苑超市旁，目前已有 ATM 入驻的银行有交通银行(可存钱)、中国邮政储蓄银行、中国农业银行、长春农业银行、中国建设银行等"]},{"tag":"img","src":"https://mp.innenu.com/img/life/benbu-atm1.jpg"},{"tag":"img","src":"https://mp.innenu.com/img/life/benbu-atm2.jpg"},{"tag":"title","text":"校外银行"},{"tag":"ul","text":["离本部最近的是交通银行，位于学校北门外旁边，在自由大路上。","自由大路向西过岗(人民大街)再向前走200米南侧也有一家交通银行。"]}],"images":["https://mp.innenu.com/img/life/benbu-atm1.jpg","https://mp.innenu.com/img/life/benbu-atm2.jpg"],"id":"guide/life/atm/benbu","scopeData":{"@type":"general","uniq_id":"guide/life/atm/benbu","cover":"https://mp.innenu.com/img/life/benbu-atm1.jpg","title":"本部存取款","digest":"区域位于北苑超市旁，目前已有 ATM 入驻的银行有交通银行(可存钱)、中国邮政储蓄银行、中国农业银行、长春农业银行、中国建设银行等离本部最近的是交通银行，位于学校北门外旁边，在自由大路上。 自由大路向西过岗(人民大街)再向前走200米南侧也","thumbs":["https://mp.innenu.com/img/life/benbu-atm1.jpg","https://mp.innenu.com/img/life/benbu-atm2.jpg"],"tags":["校内 ATM","校外银行"]}}