{"title":"校团委","grey":true,"author":"Mr.Hope","time":"2021年12月3日","shareable":true,"content":[{"tag":"list","items":[{"text":"校团委介绍","icon":"about","path":"intro/apt/youth-league/intro"},{"text":"规章制度","icon":"rule","path":"intro/apt/youth-league/manage"}]},{"tag":"list","header":"团务知识","items":[{"text":"中国共产主义青年团章程","icon":"rule","path":"intro/apt/youth-league/rule"},{"text":"标识","icon":"activity","path":"intro/apt/youth-league/sign"},{"text":"共青团热词","icon":"intro","path":"intro/apt/youth-league/group"},{"text":"党政热词","icon":"intro","path":"intro/apt/youth-league/league"}]},{"tag":"copy","header":"官网","content":"http://youth.nenu.edu.cn/index.htm"}],"cite":[],"id":"intro/apt/youth-league/index"}