{"title":"本科入学资格复查","author":"Mr.Hope","time":"2021年11月22日","shareable":true,"content":[{"tag":"title","text":"执行流程"},{"tag":"img","src":"https://mp.innenu.com/img/action/school-roll.jpg"},{"tag":"title","text":"申报材料"},{"tag":"text","text":["新生入学资格复查表"]},{"tag":"title","text":"相关内容"},{"tag":"list","header":false,"content":[{"text":"本科学籍注册","desc":"制作中","path":"guide/system/under/index"}]}],"id":"guide/action/school-roll","images":["https://mp.innenu.com/img/action/school-roll.jpg"],"scopeData":{"@type":"general","uniq_id":"guide/action/school-roll","title":"本科入学资格复查","cover":"https://mp.innenu.com/img/action/school-roll.jpg","digest":"新生入学资格复查表","thumbs":["https://mp.innenu.com/img/action/school-roll.jpg"],"tags":["执行流程","申报材料","相关内容"]}}