{"title":"校园网企业号缴费","author":"Mr.Hope","time":"2021年11月22日","shareable":true,"content":[["text",{"heading":"企业号","text":["您可以在东北师范大学微信企业号——【校园卡】栏目进行缴费。"]}],["img",{"src":"https://mp.innenu.com/img/card/wechat-card-charge.jpg"}],["img",{"src":"https://mp.innenu.com/img/network/pay.jpg"}],["img",{"src":"https://mp.innenu.com/img/network/pay-list.jpg","desc":"点击上方的网费充值"}],["img",{"src":"https://mp.innenu.com/img/network/network-pay.jpg"}],["text",{"text":["稍等片刻，输入框会自动填充您的学号以及对应的姓名、网费产品以及网费余额。","如果未能自动填充，请您自行输入"]}],["text",{"text":["在最下方的充值金额中输入相应的充值金额","点击支付即可使用微信支付完成网费的支付"]}]],"cite":[],"id":"guide/network/charge/wechat","images":["https://mp.innenu.com/img/card/wechat-card-charge.jpg","https://mp.innenu.com/img/network/pay.jpg","https://mp.innenu.com/img/network/pay-list.jpg","https://mp.innenu.com/img/network/network-pay.jpg"]}