{"title":"银行卡办理","time":"2022 年 8 月 7 日","shareable":true,"id":"guide/activity/bank-card","author":"Mr.Hope","cite":[],"content":[{"tag":"text","type":"info","text":["学校会统一组织入学新生办理学子卡，用于日后公费师范生补助、奖学金、助学金、勤工助学项目、路费补贴等费用的发放。"]},{"tag":"title","text":"银行卡性质"},{"tag":"p","text":["学校为在校学生统一办理的，是一张交通银行的 I 类借记卡。","该卡与普通的银行卡并无任何不同，可以正常的转账或者绑定支付宝、微信进行网上消费"]},{"tag":"text","type":"note","text":["借记卡又叫储蓄卡，没有信用额度，持卡人需要先存款、后使用。"]},{"tag":"title","text":"办理方式"},{"tag":"p","text":["开学后几天，学校会在两校区内邀请交通银行的工作人员进入两个校区摆台。同学们需要按照通知，持身份证和手机在自己学院所在时间到摆台排队办理开卡手续。"]}]}