{"title":"开学活动","time":"2022 年 8 月 1 日","grey":true,"shareable":true,"id":"guide/activity/index","author":"Mr.Hope","cite":[],"content":[{"tag":"list","header":"本科生","items":[{"text":"体检","icon":"medical-exam","path":"guide/check/medical-examination"},{"text":"英语分班考试","icon":"english","path":"guide/test/grading-exam"},{"text":"体测考试","icon":"basketball","path":"guide/test/pe-test/index"},{"text":"军训","icon":"military","path":"guide/activity/military/index"},{"text":"基地班选拔考试","icon":"star","path":"guide/activity/base"}]},{"tag":"list","header":"研究生","items":[{"text":"体检","icon":"medical-exam","path":"guide/check/medical-examination"},{"text":"选择导师","icon":"teacher","path":"guide/activity/choose"}]},{"tag":"list","header":"征兵工作","items":[{"text":"征兵工作实施细则","icon":"rule","path":"guide/activity/conscription/rule"},{"text":"参军入伍待遇解释","icon":"idea","path":"guide/activity/conscription/explain"}]}]}