{"title":"接站","author":"Mr.Hope","time":"2021年11月22日","shareable":true,"content":[["title",{"text":"接站地点"}],["p",{"text":["接站地点为在长春站北出站口和长春西站。","另外由于疫情原因，学校仅在两车站设置新生接待站，但不会安排大巴进行接送。"],"style":"text-indent: 1.5em; "}],["text",{"type":"warning","text":["机场无接待处，建议自行购票乘坐动车到长春站(票价￥8)。"]}],["title",{"text":"接站标志"}],["p",{"text":["校学生会会负责新生接站任务，工作人员会举着“东北师范大学”的牌子在那里等着大家。","届时会在火车站附近安排摆台，来解决大家到校的疑问。"],"style":"text-indent: 1.5em; "}],["img",{"src":"https://mp.innenu.com/img/arrival/pickup.jpg","desc":"图为接站人员"}],["title",{"text":"接站时间"}],["text",{"heading":"2021 年接站时间","text":["2021 年 9 月 3 日全天"]}]],"cite":[],"id":"guide/arrival/pickup","images":["https://mp.innenu.com/img/arrival/pickup.jpg"]}