{"title":"不建议使用 360 安全浏览器的原因","author":"Mr.Hope","time":"2021年12月1日","shareable":true,"content":[{"tag":"title","text":"极其不推荐使用 360 安全浏览器的原因"},{"tag":"img","src":"https://mp.innenu.com/img/tip/360-evil.jpg","desc":"界面展示"},{"tag":"ul","heading":"软件设置上","text":["带有大量无用捆绑功能，包括游戏中心、资讯中心、视频中心等。","界面带有大量推广，包括搜索栏、地址栏、侧边栏与状态栏等。","默认锁定主页为旗下自家导航，增加广告浏览量与旗下或利益相关站点流量","地址栏包含热词搜索，锁定旗下 360 搜索增加流量","地址栏包含游戏中心等大量无用功能。"]},{"tag":"ul","heading":"在默认设置下","text":["会不定期在右下角进行广告、视频、资讯弹窗推广。","每天会多次在屏幕中心弹出资讯页面，需手动关闭。","在页面内进行大量推广，包括侧边栏、状态栏以及右上角的游戏中心，很容易误操作安装游戏及其他应用。","会在每次启动时检测其是否为系统默认浏览器，并持续提示你设置默认浏览器，尽可能让你允许设置默认浏览器。这样它就能获得你的上网流量，让你打开它的导航并向旗下相关应用、游戏、网站等引流。","下载特定扩展名文件 (如 APK) 时会自动弹窗提示一键安装旗下的 360安全卫士、360手机助手等软件。"]},{"tag":"img","src":"https://mp.innenu.com/img/tip/360-evil-1.jpg"},{"tag":"img","src":"https://mp.innenu.com/img/tip/360-evil-2.jpg"},{"tag":"img","src":"https://mp.innenu.com/img/tip/360-evil-3.jpg"},{"tag":"img","src":"https://mp.innenu.com/img/tip/360-evil-4.jpg"},{"tag":"img","src":"https://mp.innenu.com/img/tip/360-evil-5.jpg"},{"tag":"img","src":"https://mp.innenu.com/img/tip/360-evil-6.jpg"},{"tag":"img","src":"https://mp.innenu.com/img/tip/360-evil-7.jpg"},{"tag":"title","text":"替代选择"},{"tag":"list","header":false,"content":[{"text":"使用 IETab 扩展程序","icon":"ie","path":"guide/tip/ie/ietab/index"},{"text":"使用 Microsoft Edge 提供的 IE 兼容模式","path":"guide/tip/ie/msedge"}]}],"id":"guide/tip/ie/360-evil","images":["https://mp.innenu.com/img/tip/360-evil.jpg","https://mp.innenu.com/img/tip/360-evil-1.jpg","https://mp.innenu.com/img/tip/360-evil-2.jpg","https://mp.innenu.com/img/tip/360-evil-3.jpg","https://mp.innenu.com/img/tip/360-evil-4.jpg","https://mp.innenu.com/img/tip/360-evil-5.jpg","https://mp.innenu.com/img/tip/360-evil-6.jpg","https://mp.innenu.com/img/tip/360-evil-7.jpg"],"scopeData":{"@type":"general","uniq_id":"guide/tip/ie/360-evil","title":"不建议使用 360 安全浏览器的原因","cover":"https://mp.innenu.com/img/tip/360-evil.jpg","digest":"软件设置上 带有大量无用捆绑功能，包括游戏中心、资讯中心、视频中心等。 界面带有大量推广，包括搜索栏、地址栏、侧边栏与状态栏等。 默认锁定主页为旗下自家导航，增加广告浏览量与旗下或利益相关站点流量 地址栏包含热词搜索，锁定旗下 360 搜索","thumbs":["https://mp.innenu.com/img/tip/360-evil.jpg","https://mp.innenu.com/img/tip/360-evil-1.jpg","https://mp.innenu.com/img/tip/360-evil-2.jpg","https://mp.innenu.com/img/tip/360-evil-3.jpg","https://mp.innenu.com/img/tip/360-evil-4.jpg","https://mp.innenu.com/img/tip/360-evil-5.jpg","https://mp.innenu.com/img/tip/360-evil-6.jpg","https://mp.innenu.com/img/tip/360-evil-7.jpg"],"tags":["极其不推荐使用 360 安全浏览器的原因","替代选择"]}}