{"title":"理发","author":"Mr.Hope","time":"2021年11月19日","shareable":true,"content":[{"tag":"text","type":"warning","heading":"推销烫染焗","text":["染发、烫发、焗发是理发店主要的利润来源。所以诸如“觉起造型”之类的理发店，可能会在理发途中，像你不遗余力的推销“做个发型”、“焗个头发”的服务。如果你不想，请委婉 Say No，表达“我不感兴趣”、“我没有计划”、“我没有时间”甚至“我没有钱”即可。"]},{"tag":"list","content":[{"text":"本部","path":"guide/life/haircut/benbu"},{"text":"净月","path":"guide/life/haircut/jingyue"}]}],"id":"guide/life/haircut/index","scopeData":{"@type":"general","uniq_id":"guide/life/haircut/index","title":"理发","digest":"推销烫染焗 染发、烫发、焗发是理发店主要的利润来源。所以诸如“觉起造型”之类的理发店，可能会在理发途中，像你不遗余力的推销“做个发型”、“焗个头发”的服务。如果你不想，请委婉 Say No，表达“我不感兴趣”、“我没有计划”、“我没有时间”","thumbs":["https://mp.innenu.com/img/inNENU.jpg"],"tags":[]}}