{"title":"教务处","grey":true,"author":"Mr.Hope","time":"2022 年 6 月 27 日","shareable":true,"content":[{"tag":"account","name":"教务处","logo":"https://mp.innenu.com/img/media/course.png","detail":"东北师范大学教务处","wxid":"gh_6831c1b199d0","wxcode":"https://mp.innenu.com/img/media/course-qrcode.jpg","account":"course","mail":"jwc@nenu.edu.cn","site":"https://jwc.nenu.edu.cn/"},{"tag":"list","items":[{"text":"教务处介绍","icon":"about","path":"intro/apt/course/intro"},{"text":"机构设置","icon":"apartment","path":"intro/apt/course/apartment"},{"text":"各学院教务秘书电话","icon":"phone","path":"intro/apt/course/contact"}]},{"tag":"list","header":"人员信息","items":[{"text":"教务处处长人员信息","path":"intro/apt/course/info/leader"},{"text":"综合办公室人员信息","path":"intro/apt/course/info/complex"},{"text":"教学建设与改革办公室人员信息","path":"intro/apt/course/info/construct"},{"text":"教学运行管理办公室人员信息","path":"intro/apt/course/info/run"},{"text":"学籍管理办公室人员信息","path":"intro/apt/course/info/roll"},{"text":"教学质量管理办公室人员信息","path":"intro/apt/course/info/quality"},{"text":"教学质量管理办公室人员信息","path":"intro/apt/course/info/innovate"},{"text":"本科生招生办公室人员信息","path":"intro/apt/course/info/enroll"},{"text":"净月教务管理办公室人员信息","path":"intro/apt/course/info/jingyue"}]}],"cite":[],"id":"intro/apt/course/index"}