{"title":"数学类介绍","author":"Mr.Hope","time":"2021年8月15日","shareable":true,"content":[{"tag":"title","text":"专业简介"},{"tag":"ul","text":["2020 年起，数学与应用数学(非公费师范)、统计学进行大类招生，入学一年后分专业。","数学类所有学费均为 3850 元/年。"]},{"tag":"list","header":false,"content":[{"text":"数学与应用数学","path":"intro/school/math/math"},{"text":"统计学","path":"intro/school/math/statistics"}]}],"images":[],"id":"intro/school/math/class","scopeData":{"@type":"general","uniq_id":"intro/school/math/class","title":"数学类介绍","digest":"2020 年起，数学与应用数学(非公费师范)、统计学进行大类招生，入学一年后分专业。 数学类所有学费均为 3850 元/年。","thumbs":["https://mp.innenu.com/img/inNENU.jpg"],"tags":["专业简介"]}}