{"title":"党委宣传部文件","desc":"信息来源: 党委宣传部官网","time":"2021年12月3日","shareable":true,"content":[["title",{"text":"相关文件"}],["doc",{"name":"东北师范大学二级单位新媒体内容发布审核表","url":"https://mp.innenu.com/file/apartment/publicize-new-media.docx","icon":"doc"}],["doc",{"name":"东北师范大学“东师新闻”内容发布审核表","url":"https://mp.innenu.com/file/apartment/publicize-news.docx","icon":"doc"}],["doc",{"name":"东北师范大学网络舆情信息表","url":"https://mp.innenu.com/file/apartment/public-opinion-info.docx","icon":"doc"}],["doc",{"name":"东北师范大学校园宣传内容审批表","url":"https://mp.innenu.com/file/apartment/publicize.docx","icon":"doc"}]],"cite":[],"id":"intro/apt/publicize/file"}