{"title":"研究生入学准备","author":"Mr.Hope","time":"2022 年 7 月 30 日","grey":true,"shareable":true,"content":[{"tag":"list","items":[{"text":"欢迎辞","icon":"letter","path":"guide/prepare/welcome"},{"text":"报到时间","icon":"time","path":"guide/check/location-and-time"}]},{"tag":"list","header":"防止诈骗","items":[{"text":"常见网上诈骗","icon":"alert","path":"guide/prepare/cheat"}]},{"tag":"list","header":"研究生报道之前准备","items":[{"text":"录取通知书详情","icon":"letter","path":"guide/prepare/post-admission-notice"},{"text":"档案邮寄","icon":"archive","path":"guide/archive/post-in"},{"text":"党员组织关系接转","icon":"league","path":"guide/prepare/league"},{"text":"团员组织关系接转","icon":"league","path":"guide/prepare/group"},{"text":"户口迁移","icon":"change","path":"guide/prepare/hukou"}]},{"tag":"list","header":"找到组织","items":[{"text":"专业所属学院、校区","icon":"content","path":"intro/enroll/under/major/2022"},{"text":"新生群","icon":"qq-group","path":"guide/contact/index"}]}],"cite":[],"id":"guide/prepare/post"}