{"title":"超市","author":"Mr.Hope","time":"2021年8月30日","shareable":true,"content":[{"tag":"title","text":"本部"},{"tag":"text","text":["本部校区的主要超市是天猫超市。"]},{"tag":"list","header":false,"content":[{"text":"查看详情","path":"guide/shop/tmall-shop"}]},{"tag":"text","heading":"北苑超市周边","text":["在北苑超市周围，坐落着其他店铺，以满足同学们的日常需求。","有奶茶店、干果店、眼镜店、服装店、药店、移动运营店、电脑维修店、打印店、ATM 机以及自动取票机等。","北苑地下也可以配钥匙。"]},{"tag":"text","type":"info","heading":"南苑超市","text":["南苑 1F 也有一个私人开的超市，价格为普通零售价。主要售卖大众食品饮料以及常用生活用品等，东西不全。"]},{"tag":"text","heading":"校外超市"},{"tag":"text","type":"tip","text":["由于新冠疫情学校封闭管控，所以 Mr.Hope 不建议频繁到校外超市进行小额采购。"]},{"tag":"list","header":false,"content":[{"text":"查看详情","path":"guide/shop/benbu-out"}]},{"tag":"title","text":"净月"},{"tag":"list","header":false,"content":[{"text":"校内超市详情","path":"guide/shop/jingyue"}]},{"tag":"text","heading":"校外超市"},{"tag":"text","type":"tip","text":["由于新冠疫情学校封闭管控，所以 Mr.Hope 不建议频繁到校外超市进行小额采购。"]},{"tag":"list","header":false,"content":[{"text":"查看详情","path":"guide/shop/jingyue-out"}]}],"images":[],"id":"guide/shop/index","scopeData":{"@type":"general","uniq_id":"guide/shop/index","title":"超市","digest":"本部校区的主要超市是天猫超市。北苑超市周边 在北苑超市周围，坐落着其他店铺，以满足同学们的日常需求。 有奶茶店、干果店、眼镜店、服装店、药店、移动运营店、电脑维修店、打印店、ATM 机以及自动取票机等。 北苑地下也可以配钥匙。南苑超市 南苑","thumbs":["https://mp.innenu.com/img/inNENU.jpg"],"tags":["本部","净月"]}}