{"title":"信访","desc":"信息来源: 学校办公室官网","time":"2022 年 8 月 1 日","shareable":true,"cite":["http://office.nenu.edu.cn/dpzw.jsp?urltype=tree.TreeTempUrl&wbtreeid=1103"],"content":[{"tag":"title","text":"信访流程"},{"tag":"img","src":"https://mp.innenu.com/img/apartment/petition.jpg"},{"tag":"title","text":"信访渠道"},{"tag":"phone","fName":"信访来访电话","num":"0431-85098666","org":"东北师范大学","street":"吉林省长春市人民大街 5268 号","postCode":"130024","mail":"xfb@nenu.edu.cn"},{"tag":"text","heading":"电子信箱","text":["xfb@nenu.edu.cn"]},{"tag":"text","heading":"通信地址","text":["吉林省长春市人民大街 5268 号东北师范大学信访工作办公室\n邮编: 130024"]},{"tag":"text","heading":"接待地点","text":["东北师范大学本部校区综合办公楼一楼 112 室、114 室"]},{"tag":"text","heading":"接待时间","text":["工作日 8:00-11:30；13:30-17:00"]},{"tag":"doc","name":"东北师范大学校领导接待日预约登记表","url":"https://mp.innenu.com/file/apartment/petition-register.docx","icon":"doc"}],"id":"intro/apt/office/petition"}