{"title":"学院辅导员通讯录","desc":"信息来源: 学生处官网","time":"2021年8月15日","shareable":true,"content":[{"tag":"img","src":"https://mp.innenu.com/img/apartment/counselor-contact.png"}],"images":["https://mp.innenu.com/img/apartment/counselor-contact.png"],"id":"intro/apartment/student/counselor","scopeData":{"@type":"general","uniq_id":"intro/apartment/student/counselor","cover":"https://mp.innenu.com/img/apartment/counselor-contact.png","title":"学院辅导员通讯录","digest":"","thumbs":["https://mp.innenu.com/img/apartment/counselor-contact.png"],"tags":[]}}