{"title":"学院辅导员通讯录","desc":"信息来源: 学生处官网","time":"2021年11月22日","shareable":true,"content":[{"tag":"img","src":"https://mp.innenu.com/img/apartment/counselor-contact.png"}],"id":"intro/apartment/student/counselor","images":["https://mp.innenu.com/img/apartment/counselor-contact.png"],"scopeData":{"@type":"general","uniq_id":"intro/apartment/student/counselor","title":"学院辅导员通讯录","cover":"https://mp.innenu.com/img/apartment/counselor-contact.png","digest":"","thumbs":["https://mp.innenu.com/img/apartment/counselor-contact.png"],"tags":[]}}