{"title":"超市","author":"Mr.Hope","time":"2021年11月23日","shareable":true,"content":[["title",{"text":"本部"}],["text",{"text":["本部校区的主要超市是天猫超市。"]}],["list",{"header":false,"content":[{"text":"天猫超市","path":"guide/shop/tmall-shop"}]}],["text",{"heading":"北苑超市周边","text":["在北苑超市周围，坐落着其他店铺，以满足同学们的日常需求。","有奶茶店、干果店、眼镜店、服装店、药店、移动运营店、电脑维修店、打印店、ATM 机以及自动取票机等。","北苑地下也可以配钥匙。"]}],["text",{"type":"info","heading":"南苑超市","text":["南苑 1F 也有一个私人开的超市，价格为普通零售价。主要售卖大众食品饮料以及常用生活用品等，东西不全。"]}],["text",{"heading":"校外超市"}],["text",{"type":"tip","text":["由于新冠疫情学校封闭管控，所以 Mr.Hope 不建议频繁到校外超市进行小额采购。"]}],["list",{"header":false,"content":[{"text":"本部校外超市","path":"guide/shop/benbu-out"}]}],["title",{"text":"净月"}],["list",{"header":false,"content":[{"text":"净月校内超市","path":"guide/shop/jingyue"}]}],["text",{"heading":"校外超市"}],["text",{"type":"tip","text":["由于新冠疫情学校封闭管控，所以 Mr.Hope 不建议频繁到校外超市进行小额采购。"]}],["list",{"header":false,"content":[{"text":"净月校外超市","path":"guide/shop/jingyue-out"}]}]],"cite":[],"id":"guide/shop/index"}