{"title":"返校/报到常见问题","author":"Mr.Hope","time":"2022 年 7 月 11 日","shareable":true,"outdated":true,"content":[{"tag":"text","type":"info","heading":"我是不是只要保证不到访国家卫健委列出的中高风险及重点地区就行了?","text":["不是!!! 学校在长春，您要服从长春本地疾控中心的要求。","长春疾控中心可能会对一些疫情集中发生地或可能发生本土传播风险的地区额外进行管控和限制。如果您身处这些的确，由于到访长春后需要居家检测、居家隔离或集中隔离，学校会暂缓此类学生的到校时间。","对于此类学生，学校会在开学一周后单独安排到校，到校后在学校安排的指定地点完成规定的隔离，之后正常入校活动。"]},{"tag":"text","type":"info","heading":"小程序某一天忘记打卡了能否返校?","text":["不能，无特殊情况请重新打卡打满 7 天。"]}],"cite":[],"id":"guide/epidemic/faq"}