{"title":"返校/报到常见问题","author":"Mr.Hope","time":"2022 年 7 月 11 日","shareable":true,"outdated":true,"content":[{"tag":"text","type":"info","heading":"为什么学校到校要求有些“苛刻”?","text":["在当前形势下，学校需要听从上级安排的上级有“长春市疾控中心”，“吉林省疾控中心”、“吉林省教育厅”、“国家教育部”。","比如学校要求全员 48 小时阴性核算报告就来自于国家教育部的指示，由吉林教育厅落实。","对于长春、吉林省疾控中心标记的管控地区，学校均无法安排返校。","对于所有的要求，学校只能取最高的那一个。"]},{"tag":"text","type":"info","heading":"为什么学校频繁改变到校要求?","text":["疫情形式具有多变性，当疫情形势发生变化时，学校就要随之调整。","在当前形势下，学校需要听从上级安排的上级有“长春市疾控中心”，“吉林省疾控中心”、“吉林省教育厅”、“国家教育部”。任何部门新增或者修改的要求学校都要予以落实。"]},{"tag":"text","type":"info","heading":"我是不是只要保证不到访国家卫健委列出的中高风险及重点地区就行了?","text":["不是!!! 学校在长春，您要服从长春本地疾控中心的要求。长春疾控中心可能会对一些疫情集中发生地或可能发生本土传播风险的地区额外进行管控和限制。"]},{"tag":"text","type":"info","heading":"小程序某一天忘记打卡了能否返校?","text":["不能，无特殊情况请重新打卡打满 14 天。"]},{"tag":"text","type":"info","heading":"如果持续打卡，所在地区移出长春疫情管控地区后是否可以立即申请返校?","text":["打卡是否正常是按照对应日期所在地的状态判定，也就是只要您到访或停留当天为管控地区，即会产生黄码。","只有连续 14 天当天所在地区都并非管控地区，才会显示绿码，所以在这种情况下需要继续打卡 14 天才能申请返校。"]},{"tag":"text","type":"info","heading":"如何证明自己没有访问长春疾控管控地区?","text":["学校在学生返校或报到时，通过通信数据行程卡校验到访地。","由于到访地只精确到市，所以不建议到访任何属地含有长春疾控管控地区的城市或直辖市行政区。"]},{"tag":"text","type":"info","heading":"我坐火车/自驾路过风险地可以么?","text":["我校在入校时使用“通信行程卡”进行校验。“通信行程卡”显示到访的标准是手机在属地基站信号范围内超过 4 小时。","对于正常的市，包含属地范围内的所有基站覆盖范围，属地包含下属的县、镇、村等地区。对于直辖市，精确到区。","为了确保通信连续、实现覆盖无盲区，行政区划交界处的两地基站信号可能会交叉覆盖，导致覆盖区域大于属地。","只要您保证您不会因为中转、经停、自驾高速堵车等在管控地区或风险地区停留超过 4 小时，原则上就不会出现对应的到访记录。为了稳妥建议另行缩减自己的停留时间。"]}],"cite":[],"id":"guide/epidemic/faq"}