{"title":"2021 年秋季学期返校/报到条件","author":"Mr.Hope","time":"2022 年 7 月 11 日","outdated":true,"shareable":true,"content":[{"tag":"text","text":["为了在新冠疫情下保证同学们的安全，学校会对学生返校/报到进行要求。"]},{"tag":"text","type":"tip","heading":"提示","text":["所需条件按照教育部和属地管理要求制定，将视疫情发展和属地管理要求随时进行调整。","如果想顺利按时报到，请同学们务必逐一核对，及时跟进需求变更，努力克服困难。"]},{"tag":"ol","type":"danger","heading":"需要特别注意的要点","text":["返(入)校前 14 天实际居住地并非以及通行途中并未到访长春市疫情管控地区。该项通过通信行程卡查验。","实际居住小区(村屯)、乡镇(街道)为中高风险地区或实际居住地为长春市疫情管控地区的暂缓返校。该项通过小程序打卡位置数据查验。","学生返(入)校前 14 天“东师 e 起战疫”App 信息采集不连续、不完整，或信息出现异常的暂缓返校。也就是是否可以在小程序内生成绿色的返校码。","所有学生除接种禁忌症外，应于开学前在属地接种疫苗。","国家健康码、吉祥码应为绿码。","返校途中应合理规划返校路线，避免途经(停留)疫情中高风险地区。该项在报到时通过通信行程卡查验，不得出现中高风险地区到访记录。"]},{"tag":"list","header":"相关信息","items":[{"text":"吉祥码","path":"guide/epidemic/jixiang-code/index"},{"text":"通信行程卡","path":"guide/epidemic/history-visit/index"}]},{"tag":"title","text":"报到条件"},{"tag":"ol","text":["(入)校前师生员工暑期实际居住县(区)并非长春市疫情管控地区，返(入)校前 14 天通行途中并未到访长春市疫情管控地区，出行轨迹清晰可查。","师生员工暑期实际居住小区(村屯)、乡镇(街道)为中高风险地区的暂缓返校；实际居住地所在县(区)为长春市疫情管控地区的暂缓返校；学生返(入)校前 14 天“东师 e 起战疫”App 信息采集不连续、不完整，或信息出现异常的暂缓返校。","返(入)校前 14 天内出现发热、咳嗽、咽痛、腹泻、味觉嗅觉减退等症状的，排除新冠肺炎病毒感染且症状消失 72 小时后方可返校。","学生返(入)校前 3 天通过“东师 e 起战疫”线上程序完成入校信息备案，并提交入校申请。备案包括吉祥码、行程卡及返校健康码信息。返校申请经学院(部)审核通过，报研究生院/学生处审批后，方可入校。","所有学生入校时均需出示 48 小时内核酸检测报告(以报告上显示的采样时间为准)。旅途超过 1 日的，可持出发前一日核酸检测阴性报告申请返校。","返校途中应合理规划返校路线，避免途经(停留)疫情中高风险地区以及长春市疫情管控地区。入校时查验通信行程卡出现到访记录的不能返校。","返校途中出现发热、咳嗽、咽痛、腹泻、味觉嗅觉减退等症状的，应及时就医或向乘务人员报备，同时告知学校。","入校时需持本人身份证和校园一卡通(新生除外，一卡通丢失的，可返校时现场办理)，经查验吉祥码、行程卡和 48 小时内核酸检测报告。","入校后再进行一次核酸检测。","所有师生除接种禁忌症外，应于开学前在属地接种疫苗。不能接种疫苗的应开具“新冠病毒疫苗接种禁忌症证明”。"]},{"tag":"ol","type":"info","heading":"国际学生管理","text":["目前在国外的国际学生返华返校时间根据相关部门防控要求确定，返校时间学校将另行通知，新生暂时不报到。","国内出行的国际学生，开学后方可返校，并按上述防控要求和措施管控。"]},{"tag":"ol","type":"info","heading":"其他情况和要求","text":["确有重要科研任务、特殊情况的全日制在籍研究生，经学生本人申请、导师同意、学院(部)审核同意、研究生院审批后可提前返校。","国(境)外返回的师生员工须按吉林省属地要求完成 14 天(第一入境点集中隔离)+7 天(第二入境点集中隔离)+7 天(居家隔离)的管控要求。自我健康观察 7 天后，持核酸检测阴性报告申请返校。"]}],"cite":[],"id":"guide/epidemic/requirement"}