{"title":"人文地理与城乡规划","desc":"来源: 2022 本科招生指南","time":"2022 年 6 月 28 日","cite":["https://book.eol.cn/books/cusm/mobile/index.html"],"shareable":true,"content":[{"tag":"title","text":"专业简介"},{"tag":"p","text":["为普通类专业，旨在培养具备人文地理与城乡规划基本理论、知识与技能，具有良好地理综合思维、创新素养与实践能力的拔尖创新人才，以及能够在企事业单位和行政管理部门从事国土空间规划、城乡建设发展等规划设计与管理工作的应用型人才。选拔部分学生进入创新人才培养基地班，学习成绩优异者可直接推荐免试攻读硕士学位研究生，鼓励优秀应届本科毕业生经考核后直接攻读地理学博士学位。"],"style":"text-indent: 1.5em; "},{"tag":"title","text":"主干课程"},{"tag":"ul","text":["高等数学","大学物理","化学概论","地球科学基础","人文地理学","经济地理学","城市地理学","国土空间总体规划","区域分析与规划","国土空间详细规划","城镇与区域规划设计","计算机制图","地图学","地理信息系统","遥感概论","GIS 软件应用","土壤与生物地理学","地貌学与水文学","气象学与气候学"]},{"tag":"title","text":"就业方向"},{"tag":"p","text":["从事国土空间规划和城乡建设与发展规划等领域的科学研究、规划设计和管理工作，或攻读人文地理学、城乡规划学及其它相关专业硕士研究生。"],"style":"text-indent: 1.5em; "}],"id":"intro/school/geography/culture"}