{"title":"本部水果店","author":"Mr.Hope","time":"2021年9月7日","shareable":true,"content":[{"tag":"title","text":"校内"},{"tag":"ul","text":["浴池一楼","北苑超市旁"]},{"tag":"img","src":"https://mp.innenu.com/img/bath/benbu-shop1.jpg","desc":"浴池一楼“心随果动”水果店"},{"tag":"title","text":"校外"},{"tag":"ul","text":["北侧自由大路在幼儿园校门附近有一个京东超市。","南侧文昌路在南门附近南侧有一家，向东走还有一家。"]}],"images":["https://mp.innenu.com/img/bath/benbu-shop1.jpg"],"id":"guide/life/fruit/benbu","scopeData":{"@type":"general","uniq_id":"guide/life/fruit/benbu","cover":"https://mp.innenu.com/img/bath/benbu-shop1.jpg","title":"本部水果店","digest":"浴池一楼 北苑超市旁北侧自由大路在幼儿园校门附近有一个京东超市。 南侧文昌路在南门附近南侧有一家，向东走还有一家。","thumbs":["https://mp.innenu.com/img/bath/benbu-shop1.jpg"],"tags":["校内","校外"]}}