{"title":"报到流程","author":"沈竞泽、Mr.Hope","time":"2021年11月22日","shareable":true,"content":[{"tag":"text","type":"tip","heading":"本科新生报到","text":["报到时间为 2021 年 9 月 3 日 星期五 6:00 - 22:00","火车站将设有新生接待处"]},{"tag":"text","type":"tip","heading":"研究生新生报到","text":["报到时间为 2021 年 9 月 1 日 星期三"]},{"tag":"text","type":"info","text":["因疫情防控需要，学生家长、亲友不能陪同学生进入校园。新生报到时，校园内配备服务车转运行李，学生志愿者提供服务保障。"]},{"tag":"title","text":"大体流程"},{"tag":"text","text":["在校门查验核酸检查报告、吉祥码、返校码"],"align":"center"},{"tag":"card","title":"吉祥码","desc":"快速打开吉祥码","logo":"https://mp.innenu.com/img/epidemic/jixiang-code-icon.png","name":"吉事办","options":{"appId":"wx5f0c843a23b032cc","path":"package1/pages/qrcode/index"}},{"tag":"card","title":"返校健康码","desc":"快速打开返校健康码","options":{"appId":"wxa9de818af2c7f9ab","path":"pages/code/code/code"}},{"tag":"text","text":["👇"],"align":"center","style":"font-weight:500;font-size:20px;"},{"tag":"text","text":["测温合格、完成行李消杀后入校"],"align":"center"},{"tag":"text","text":["👇"],"align":"center","style":"font-weight:500;font-size:20px;"},{"tag":"text","text":["拿出身份证并排队进行入校核酸检测"],"align":"center"},{"tag":"text","text":["👇"],"align":"center","style":"font-weight:500;font-size:20px;"},{"tag":"text","text":["本部: 到三舍面前的路上处找自己学院的摆台处进行登记，查验录取通知书并扫描返校码完成入校，同时领取寝室钥匙和校园卡","净月: 到正门前找自己学院的摆台处进行登记，查验录取通知书并扫描返校码完成入校，同时领取寝室入住卡和校园卡"],"align":"center"},{"tag":"text","text":["👇"],"align":"center","style":"font-weight:500;font-size:20px;"},{"tag":"text","text":["由志愿者协助通过运输车将行李运送至寝室"],"align":"center"},{"tag":"text","text":["👇"],"align":"center","style":"font-weight:500;font-size:20px;"},{"tag":"text","text":["本部: 在宿管阿姨处完成登记(需一寸照片)后使用电梯将行李运送上楼","净月: 在各寝室楼下完成登记(需一寸照片)并领取寝室钥匙，之后请小伙伴互相协助将行李搬上楼"],"align":"center"},{"tag":"text","text":["👇"],"align":"center","style":"font-weight:500;font-size:20px;"},{"tag":"text","text":["在宿舍一楼、食堂(如寝室楼下没有)的自助终端机处修改密码与消费限额"],"align":"center"},{"tag":"text","text":["👇"],"align":"center","style":"font-weight:500;font-size:20px;"},{"tag":"text","text":["上楼并简单整理行李，之后提前完成下列工作","通过微信企业号或支付宝提前对校园卡完成充值 (充值高峰期到账有很大延迟)","可通过微信企业号校园卡栏目提前缴纳网费","到洗漱间和热水间检查是否可以刷出生活用水和饮用水 (生活用水白天不供应，但是应该会显示升数，不能使用会显示错误码)"],"align":"center"},{"tag":"text","text":["👇"],"align":"center","style":"font-weight:500;font-size:20px;"},{"tag":"text","text":["按照小程序需带物品章节对自身携带物品进行核对，并列出购物清单前往学校超市进行购买"],"align":"center"},{"tag":"text","text":["👇"],"align":"center","style":"font-weight:500;font-size:20px;"},{"tag":"text","text":["根据自身需求按需去浴池洗浴，晚上按时归寝等待导员查寝"],"align":"center"},{"tag":"text","type":"warning","heading":"因故不能按时报到","text":["须提供相关证明向录取学院请假，请假时间一般不得超过两周。","未请假或逾期不报到者除因不可抗力等正当事由外，视为自动放弃入学资格。"]}],"cite":[],"id":"guide/check/flow"}