{"title":"历史文化学院招生","author":"Mr.Hope","time":"2021年11月22日","shareable":true,"content":[{"tag":"title","text":"本科招生概况"},{"tag":"p","text":["历史文化学院自 1948 年开始招生，现设有历史学、旅游管理 2 个本科专业，其中历史学专业分为公费师范类和非公费师范类(普通类)两类招生。"],"style":"text-indent: 1.5em; "},{"tag":"img","src":"https://mp.innenu.com/img/enroll/history-major.png"},{"tag":"list","header":"本科各专业介绍","content":[{"text":"历史学(公费师范)","path":"intro/school/history/history-free"},{"text":"历史学","path":"intro/school/history/history"},{"text":"旅游管理","path":"intro/school/history/travel","desc":"已停招"}]},{"tag":"title","text":"历史文化学院硕士专业设置"},{"tag":"img","src":"https://mp.innenu.com/img/enroll/history-master-all.png"},{"tag":"img","src":"https://mp.innenu.com/img/enroll/history-master.png","desc":"2021年招生信息"},{"tag":"phone","header":"硕士研究生招生咨询电话","fName":"泰居","lName":"张","num":"0431-85099418","org":"东北师范大历史学院","title":"硕士研究生招生负责人","street":"吉林省长春市人民大街5268号","postCode":"130024","mail":"zhangtj557@nenu.edu.cn"},{"tag":"title","text":"历史文化学院博士专业设置"},{"tag":"img","src":"https://mp.innenu.com/img/enroll/history-doctor.png"}],"id":"intro/school/history/enroll","images":["https://mp.innenu.com/img/enroll/history-major.png","https://mp.innenu.com/img/enroll/history-master-all.png","https://mp.innenu.com/img/enroll/history-master.png","https://mp.innenu.com/img/enroll/history-doctor.png"],"scopeData":{"@type":"general","uniq_id":"intro/school/history/enroll","title":"历史文化学院招生","cover":"https://mp.innenu.com/img/enroll/history-major.png","digest":"历史文化学院自 1948 年开始招生，现设有历史学、旅游管理 2 个本科专业，其中历史学专业分为公费师范类和非公费师范类(普通类)两类招生。","thumbs":["https://mp.innenu.com/img/enroll/history-major.png","https://mp.innenu.com/img/enroll/history-master-all.png","https://mp.innenu.com/img/enroll/history-master.png","https://mp.innenu.com/img/enroll/history-doctor.png"],"tags":["本科招生概况","历史文化学院硕士专业设置","历史文化学院博士专业设置"]}}