{"title":"如何到达自己的校区","author":"Mr.Hope","time":"2021年8月29日","grey":true,"shareable":true,"content":[{"tag":"list","header":"报到要求","content":[{"text":"新生报到需要满足的条件","icon":"alert","path":"guide/epidemic/requirement"},{"text":"专业所在校区","icon":"gate","path":"guide/check/locate"}]},{"tag":"text","type":"tip","text":["请妥善保管好出行车票，以备学校后期追踪调查。"]},{"tag":"list","header":"到本部校区","content":[{"text":"从长春站","icon":"railway","path":"guide/arrival/train-benbu/index"},{"text":"从长春西站","icon":"railway","path":"guide/arrival/train-west-benbu/index"},{"text":"从龙嘉机场","icon":"plane","path":"guide/arrival/plane/index"},{"text":"出租车","icon":"taxi","path":"guide/arrival/taxi"}]},{"tag":"list","header":"到净月校区","content":[{"text":"从长春站","icon":"railway","path":"guide/arrival/train/jingyue"},{"text":"从长春西站","icon":"railway","path":"guide/arrival/train/jingyue2"},{"text":"从龙嘉机场","icon":"plane","path":"guide/arrival/plane/index"},{"text":"出租车","icon":"taxi","path":"guide/arrival/taxi"}]},{"tag":"list","header":"更多","content":[{"text":"关于接站","icon":"pickup","path":"guide/arrival/pickup"}]}],"images":[],"id":"guide/arrival/index","scopeData":{"@type":"general","uniq_id":"guide/arrival/index","title":"如何到达自己的校区","digest":"请妥善保管好出行车票，以备学校后期追踪调查。","thumbs":["https://mp.innenu.com/img/inNENU.jpg"],"tags":[]}}