{"title":"钱包金额查看","author":"Mr.Hope","time":"2021年9月3日","shareable":true,"content":[{"tag":"title","text":"钱包金额查看"},{"tag":"img","src":"https://mp.innenu.com/img/bath/personal-center.jpg","desc":"点击个人中心"},{"tag":"img","src":"https://mp.innenu.com/img/bath/wallet.png","desc":"个人中心页面会显示钱包余额"}],"images":["https://mp.innenu.com/img/bath/personal-center.jpg","https://mp.innenu.com/img/bath/wallet.png"],"id":"guide/bath/money","scopeData":{"@type":"general","uniq_id":"guide/bath/money","cover":"https://mp.innenu.com/img/bath/personal-center.jpg","title":"钱包金额查看","digest":"","thumbs":["https://mp.innenu.com/img/bath/personal-center.jpg","https://mp.innenu.com/img/bath/wallet.png"],"tags":["钱包金额查看"]}}