{"title":"NCRE 说明","author":"Mr.Hope","time":"2021年9月5日","grey":true,"shareable":true,"content":[{"tag":"p","text":["全国计算机等级考试（National Computer Rank Examination，简称NCRE），是经原国家教育委员会（现教育部）批准，由教育部考试中心主办，面向社会，用于考查应试人员计算机应用知识与技能的全国性计算机水平测评体系。","目前《全国计算机等级考试考试大纲(2018 年版)》为最新版本考纲，自 2018 年 3 月开始实施。"],"style":"text-indent: 1.5em; "},{"tag":"list","header":"详情说明","content":[{"text":"计算机二级","icon":"office","path":"guide/exam/ncre/ncre2"},{"text":"计算机三级","icon":"office","path":"guide/exam/ncre/ncre3"},{"text":"计算机四级","icon":"office","path":"guide/exam/ncre/ncre4"}]},{"tag":"list","content":[{"text":"考试大纲","icon":"rule","path":"guide/exam/ncre/outline"}]},{"tag":"list","content":[{"text":"常见问题","icon":"faq","path":"guide/exam/ncre/faq"}]}],"images":[],"id":"guide/exam/ncre/index","scopeData":{"@type":"general","uniq_id":"guide/exam/ncre/index","title":"NCRE 说明","digest":"全国计算机等级考试（National Computer Rank Examination，简称NCRE），是经原国家教育委员会（现教育部）批准，由教育部考试中心主办，面向社会，用于考查应试人员计算机应用知识与技能的全国性计算机水平测评体系。","thumbs":["https://mp.innenu.com/img/inNENU.jpg"],"tags":[]}}