{"title":"洗浴相关问答","author":"Mr.Hope","time":"2021年8月15日","shareable":true,"content":[["list",{"header":false,"content":[{"text":"查看浴池详情","icon":"bath","path":"guide/bath/index"}]}],["text",{"type":"info","heading":"浴池是单人单间么?","text":["是的，两校区学生浴池均设置隔间、配有门锁。"]}],["text",{"type":"info","heading":"洗一次澡大概多少钱?","text":["价格按照用水量计费，费用为 0.035元/升。","通常情况下，冲澡大概 3 元，好好洗一次男生 5 元左右，女生 8 元左右。"]}],["text",{"type":"info","heading":"是固定的笼头还是可以拆下来的淋浴器?","text":["固定笼头，淋浴器设备磨损较高，未安装使用。"]}],["text",{"type":"info","heading":"水流大不大?","text":["水流还算比较正常的。Mr.Hope 个人觉得大部分笼头可能还是有点偏大的，毕竟是按水量计费的，水流太大就有点浪费。"]}],["text",{"type":"info","heading":"洗浴的人多么?","text":["男浴面积小，但是男生洗的快，而且频次不高 (很多在寝室冲冲就搞定了)，所以去了基本上都有位置。","女浴面积大，但是女生洗澡勤、人数多、洗的慢。平时上课的时间有空闲，周末或平时晚上有可能排队。"]}],["text",{"type":"info","heading":"浴池冬天冷不冷?","text":["浴池有暖气，冬天一早上去刚脱衣服没打开笼头的时候可能去有点冷，洗上就好了。","正常体质的都冻不着。"]}]],"cite":[],"id":"guide/faq/bath"}