{"title":"常见问题","author":"Mr.Hope","time":"2022 年 6 月 27 日","grey":true,"shareable":true,"content":[{"tag":"list","header":"报到之前","items":[{"text":"录取相关","icon":"enroll","path":"guide/faq/enroll"},{"text":"疫情相关","icon":"virus","path":"guide/faq/epidemic"},{"text":"录取通知书相关","icon":"letter","path":"guide/faq/admission-notice"}]},{"tag":"list","header":"新生报到","items":[{"text":"到校相关","icon":"plane","path":"guide/faq/arrival"},{"text":"报到相关","icon":"check","path":"guide/faq/check"}]},{"tag":"list","header":"校园生活","items":[{"text":"校园卡","icon":"card","path":"guide/faq/card"},{"text":"校园网","icon":"network","path":"guide/faq/network"},{"text":"寝室相关","icon":"dorm","path":"guide/faq/dorm"},{"text":"浴池相关","icon":"bath","path":"guide/faq/bath"},{"text":"生活相关","icon":"life","path":"guide/faq/life"},{"text":"放假安排","icon":"calendar","path":"guide/faq/vacation"}]}],"cite":[],"id":"guide/faq/index"}