{"title":"更改企业号手机","author":"Mr.Hope","time":"2022 年 6 月 27 日","shareable":true,"content":[{"tag":"title","text":"下载客户端"},{"tag":"text","type":"info","text":["更改企业号的手机号需要下载企业微信 App"]},{"tag":"action","header":"安卓下载","content":"https://work.weixin.qq.com/wework_admin/commdownload?platform=android&from=wwindex"},{"tag":"action","header":"iOS 下载","content":"https://work.weixin.qq.com/wework_admin/commdownload?platform=ios&from=wwindex"},{"tag":"title","text":"具体流程"},{"tag":"ol","text":["登录“企业微信”","点击下方菜单栏中的“我”","点击头像","点击“手机”","点击“更换手机号”","按照提示信息进行手机号码的更新"]}],"cite":[],"id":"guide/account/wechat/change"}