{"title":"本部烘焙坊","author":"Mr.Hope","time":"2021年9月10日","shareable":true,"content":[{"tag":"title","text":"校内位置"},{"tag":"ul","text":["北苑地下一楼","浴池一楼"]},{"tag":"text","heading":"梅小姐私房烘焙店","text":["位于浴池一楼"]},{"tag":"img","src":"https://mp.innenu.com/img/bath/benbu-shop2.jpg","desc":"梅小姐私房烘焙店"},{"tag":"img","src":"https://mp.innenu.com/img/life/benbu/bath-bake.jpg","desc":"梅小姐私房烘焙店店内环境"},{"tag":"title","text":"校外"},{"tag":"text","text":["暂无信息。"]}],"images":["https://mp.innenu.com/img/bath/benbu-shop2.jpg","https://mp.innenu.com/img/life/benbu/bath-bake.jpg"],"id":"guide/life/bake/benbu","scopeData":{"@type":"general","uniq_id":"guide/life/bake/benbu","cover":"https://mp.innenu.com/img/bath/benbu-shop2.jpg","title":"本部烘焙坊","digest":"北苑地下一楼 浴池一楼梅小姐私房烘焙店 位于浴池一楼暂无信息。","thumbs":["https://mp.innenu.com/img/bath/benbu-shop2.jpg","https://mp.innenu.com/img/life/benbu/bath-bake.jpg"],"tags":["校内位置","校外"]}}