[{"name":"学校机构","account":[{"name":"东师信息化办","desc":"精致服务是我们一直的追求","logo":"https://mp.innenu.com/img/media/official.png","id":1309969928}]},{"name":"学生组织","account":[{"name":"东北师范大学学生会","desc":"大家好，这里是校会君! 撒娇打滚卖萌求关注～","logo":"https://mp.innenu.com/img/media/nenuyouth-qq-qrcode.png","id":1793612094,"openid":"E84B43674E54793277416D189D4780DD","qrcode":"$img/media/nenuyouth-qq-qrcode.png"},{"name":"东师小窝","desc":"你好，我是暖心的东师小窝~","logo":"https://mp.innenu.com/img/media/xiaowo-qq.jpg","id":3544543750,"openid":"56C702746F185FD58ABAE79A280ABF07","qrcode":"$img/media/xiaowo-qq.jpg"},{"name":"东师之声校园广播站","desc":"东师之声，说给你听","logo":"https://mp.innenu.com/img/media/voice-qq.png","id":3256974882,"openid":"485F6B43DF35335DE39C618347D24389","qrcode":"$img/media/voice-qq.png"},{"name":"爱心使者团","desc":"用爱心回报社会，用信心成就未来","logo":"https://mp.innenu.com/img/media/aixinshizhe-qq.jpg","id":2262726182,"openid":"17F38DAF9852AAF6AE979ECDFB419F18","qrcode":"$img/media/aixinshizhe-qq.jpg"}]},{"name":"学生社团","account":[{"name":"萤火支教团","desc":"用生命感动生命","logo":"https://mp.innenu.com/img/media/yinghuo-qq-qrcode.jpg","id":3550392854,"openid":"8507E3EA960DDE8979AE5EB56CB1ED37","qrcode":"$img/media/yinghuo-qq-qrcode.jpg"},{"name":"东师师说曲艺社","desc":"一起欢乐，一起进步","logo":"https://mp.innenu.com/img/media/quyi-qq-qrcode.jpg","id":2905979347,"openid":"3324AC15C2C732EED9C0BE1BE483C3D1","qrcode":"$img/media/quyi-qq-qrcode.jpg"},{"name":"绿色动力环保志愿者协会","desc":"天地你我共有，环保大家一起上","logo":"https://mp.innenu.com/img/media/green-qq-qrcode.png","id":1913856914,"openid":"524B5980588BE76C3D5FA8B2683B9B40","qrcode":"$img/media/green-qq-qrcode.png"}]}]