{"title":"学校标识","desc":"2021年4月8日更新，由学校办公室、党委宣传部提供","time":"2021年11月22日","shareable":true,"content":[["text",{"type":"warning","text":["如果您想使用学校标识，请访问学校视觉形象识别系统下载素材与使用要求以确保正确使用。"]}],["copy",{"text":"http://sjxxsbxt.nenu.edu.cn/index.htm"}],["title",{"text":"校名"}],["img",{"src":"https://mp.innenu.com/img/about/logo.jpg"}],["title",{"text":"校徽"}],["img",{"src":"https://mp.innenu.com/img/about/badge.jpg"}],["p",{"text":["校徽，是一所大学的象征。东北师范大学校徽包括徽志和徽章。学校徽志为椭圆形，外围由学校的中英文名称环绕，中间是以笔尖、五星、书籍和表示学校建立年份的数字“1946”组成的图案。中文为郭沫若字体。学校标准色为深蓝色。学校徽章为教职工和学生佩戴的题有校名的长方形证章。"],"style":"text-indent: 1.5em; "}],["title",{"text":"校旗"}],["img",{"src":"https://mp.innenu.com/img/about/flag.jpg"}],["p",{"text":["校旗为白色长方形旗帜，中央位置印有校名，并配以学校徽志。校名与学校徽志颜色为深蓝色。"],"style":"text-indent: 1.5em; "}],["title",{"text":"校训"}],["img",{"src":"https://mp.innenu.com/img/about/motto.jpg"}],["text",{"text":["勤奋创新 为人师表"],"align":"text-align: center;","style":"font-size:20px;font-weight:bold;"}],["title",{"text":"校歌"}],["img",{"src":"https://mp.innenu.com/img/about/song.jpg"}],["ul",{"text":["词作者公木(张松如)是我校创始人之一，著名诗人","曲作者吕远是我校1954年音乐系毕业生，著名作曲家"]}],["list",{"header":false,"content":[{"text":"点击聆听","url":"/function/music/music?name=东北师范大学校歌"}]}],["copy",{"header":"东北师范大学校歌音频","text":"https://www.nenu.edu.cn/xgyinpin.rar"}],["copy",{"header":"东北师范大学校歌伴奏","text":"https://www.nenu.edu.cn/xgbanzou.rar"}],["copy",{"header":"东北师范大学校歌乐谱","text":"https://www.nenu.edu.cn/xgyuepu.pdf"}],["copy",{"header":"东北师范大学校歌简谱","text":"https://www.nenu.edu.cn/xgjianpu.pdf"}],["copy",{"header":"东北师范大学校歌MV","text":"https://www.nenu.edu.cn/xgmv.mp4"}]],"cite":[],"id":"intro/about/sign","images":["https://mp.innenu.com/img/about/logo.jpg","https://mp.innenu.com/img/about/badge.jpg","https://mp.innenu.com/img/about/flag.jpg","https://mp.innenu.com/img/about/motto.jpg","https://mp.innenu.com/img/about/song.jpg"]}