{"title":"东师 e 起战疫登陆","time":"2022 年 8 月 13 日","shareable":true,"id":"guide/miniapp/login","author":"Mr.Hope","cite":[],"content":[{"tag":"title","text":"新生登录"},{"tag":"text","type":"warning","text":["目前 2022 级的信息仍在录入中，绝大部分人无法登录。"]},{"tag":"text","heading":"找到小程序","text":["请使用微信扫描下方的二维码，或直接在微信首页下拉并搜索 “东师 e 起战疫”"],"env":["qq"]},{"tag":"img","src":"https://mp.innenu.com/img/epidemic/miniprogram.jpg","env":["qq"]},{"tag":"text","heading":"登陆账号"},{"tag":"ul","text":["右下角单击 “我的”"],"env":["qq"]},{"tag":"img","src":"https://mp.innenu.com/img/epidemic/zhane-login1.jpg","env":["qq"]},{"tag":"card","title":"登陆","desc":"东师 e 起战疫","options":{"appId":"wxa9de818af2c7f9ab","path":"pages/mine/mine"}},{"tag":"ul","text":["单击 “点击登录”"]},{"tag":"img","src":"https://mp.innenu.com/img/epidemic/zhane-login2.jpg"},{"tag":"ul","text":["选择 “我是学生”","输入自己统一账户账号和密码。"]},{"tag":"text","type":"info","heading":"统一身份认证","path":"guide/account/authorize/index"},{"tag":"img","src":"https://mp.innenu.com/img/epidemic/zhane-login3.jpg"},{"tag":"ul","type":"warning","heading":"注意事项","text":["第一次使用时须同意授权微信头像，允许授权地理位置，授权手机号。","接受发送消息认证时建议选择 “总是保持以上选择，不再询问”，否则每次都要点允许。","如果您拒绝了这些内容的授权，您需要进入小程序设置页手动开启相关权限。"]},{"tag":"text","heading":"信息核验","text":["首次登录成功后，您无需填写个人基本信息，但需要对系统导入的个人信息进行仔细核查，如有问题，与辅导员联系进行修正。"]}]}