{"title":"物理学院","author":"Mr.Hope","time":"2021年11月22日","shareable":true,"content":[{"tag":"account","name":"物理学院","logo":"https://mp.innenu.com/img/media/phy.jpg","detail":"东北师范大学物理学院","wxid":"nenuphy","wxcode":"https://mp.innenu.com/img/media/phy-wechat.jpg","account":"phy","location":{"latitude":43.86133,"longitude":125.33095},"site":"http://www.phy.nenu.edu.cn/"},{"tag":"list","content":[{"text":"学院简介","icon":"about","path":"intro/school/physics/intro"},{"text":"专业介绍","icon":"intro","path":"intro/school/physics/enroll"}]}],"id":"intro/school/physics/index","scopeData":{"@type":"general","uniq_id":"intro/school/physics/index","title":"物理学院","digest":"","thumbs":["https://mp.innenu.com/img/inNENU.jpg"],"tags":["物理学院"]}}