{"title":"材料物理","author":"Mr.Hope","desc":"来源: 2021年本科招生指南","time":"2021年8月15日","shareable":true,"content":[{"tag":"title","text":"专业简介"},{"tag":"p","text":["为普通类专业，旨在培养具有高度社会责任感和使命感，具备学科交叉视野，能够面向光电、能源、环境等领域的材料科学问题，从事基础研究或应用基础研究，胜任相关领域的研究、研发、管理与教学工作的高素质材料物理专业人才。"],"style":"text-indent: 1.5em; "},{"tag":"title","text":"主干课程"},{"tag":"ul","text":["力学","热学","电磁学","光学","原子物理","基础物理实验","化学概论","有机化学","分析化学","基础化学实验","有机化学实验","材料科学基础","材料物理","材料物理基础实验","材料物理综合实验","材料物理专业实验","材料热力学与动力学","量子力学","固体物理"]},{"tag":"title","text":"就业方向"},{"tag":"text","text":["为高等教育院校及科研院所培养材料科学专门人才，或从事与材料科学相关的工作。"]}],"images":[],"id":"intro/school/physics/material","scopeData":{"@type":"general","uniq_id":"intro/school/physics/material","title":"材料物理","digest":"为普通类专业，旨在培养具有高度社会责任感和使命感，具备学科交叉视野，能够面向光电、能源、环境等领域的材料科学问题，从事基础研究或应用基础研究，胜任相关领域的研究、研发、管理与教学工作的高素质材料物理专业人才。力学 热学 电磁学 光学 原子物","thumbs":["https://mp.innenu.com/img/inNENU.jpg"],"tags":["专业简介","主干课程","就业方向"]}}