{"title":"派遣","author":"Mr.Hope","time":"2021年8月25日","shareable":true,"content":[["text",{"type":"info","heading":"派遣","text":["派遣是指毕业生毕业后，学校依照毕业生考研、留学、就业以及不就业等去向，按照规定程序把毕业生的档案、户口等派到相关单位，完成毕业生的关系转接。"]}],["text",{"type":"tip","text":["现在的就业报到证就是过去的派遣证"]}],["text",{"type":"info","heading":"未按要求报到","text":["根据教育部《普通高等学校毕业生就业工作暂行规定》第50条，对自领取《报到证》之日起，无正当理由超过三个月不去就业单位报到，或报到后拒不服从安排并被用人单位将其户口、档案退回学校的毕业生，要在向学校交纳全部培养费用和偿还在校期间的全部奖(助)学金后，由学校将其户口、档案转回生源地，按社会待业人员处理。学校不再负责其后续的事宜。"]}]],"cite":[],"id":"guide/job/dispatch/intro"}