{"title":"关于进一步加强本科生宿舍门禁管理的通知","desc":"信息来源: 学生处官网","time":"2022 年 8 月 2 日","cite":["https://xsc.nenu.edu.cn/info/1175/2409.htm"],"shareable":true,"content":[{"tag":"text","text":["各学院 (部):"]},{"tag":"p","text":["为强化学生宿舍安全管理，保障学生住宿安全，杜绝学生因晚归、夜不归宿所带来的安全隐患，学校决定进一步加强学生宿舍门禁管理，现将相关事宜通知如下:"]},{"tag":"title","text":"一、宿舍门禁时间"},{"tag":"p","text":["宿舍门禁时间为 22:30 至次日 6:00，学生须在 22:30 前归寝，学生在门禁期间不得无故出入。"]},{"tag":"title","text":"二、门禁期间出入申请"},{"tag":"p","text":["有特殊原因外出或晚归应先填写《宿舍门禁期间出入申请单》 (见附件) ，并提前将申请单回执交至宿舍楼管理员，学校定期会将晚归情况与各学院 (部) 进行核实。"]},{"tag":"title","text":"三、门禁期间出入登记"},{"tag":"ol","text":["门禁期间出入宿舍须持学生证或校园一卡通在宿舍楼门卫登记。凡登记时虚报姓名、院系，弄虚作假者，经查实后从重处理。","有特殊原因在门禁期间外出或晚归，但未填写《宿舍门禁期间出入申请单》的学生需联系辅导员补填申请单，并于次日将申请单回执交宿舍楼门卫，逾期未交者视为违反宿舍门禁管理。"]},{"tag":"title","text":"四、违反宿舍门禁管理"},{"tag":"p","text":["根据《东北师范大学学生违纪惩处办法》第十八条第二款，在校内登记住宿，无故晚归、夜不归宿，经教育不改的，视情节、性质、后果等，给予警告以上处分。","学生处会将违反宿舍门禁管理的情况反馈至各学院 (部) 予以核实，并对经教育不改的学生给予相应处分。"]},{"tag":"text","align":"right","text":["学生处","2021年10月26日"]},{"tag":"doc","name":"宿舍门禁期间出入申请单","url":"https://mp.innenu.com/file/manage/dorm-door-lock-apply.docx","icon":"doc"}],"id":"intro/apt/student/dorm-door"}