{"name":"东师档案","detail":"东北师范大学档案、校史与校友服务","id":"gh_6831c1b199d0","logo":"https://mp.innenu.com/img/media/official.jpg","qrcode":"https://mp.innenu.com/img/media/archive-wechat.jpg","article":[{"cover":"http://mmbiz.qpic.cn/mmbiz_jpg/ssoe85BllnHdbWNKaa2zlBqqdeON9LlIak05yUFYcBS30rTmJKeictdCfqk0f4sH4pxzYPgf4icdyDuZKmwoicccQ/0?wx_fmt=jpeg","title":"东师档案集成服务平台利用一点通 No.4【校外用户篇】往届生调档","desc":"“东师档案集成服务平台”整合了多系统多平台服务，是东北师范大学档案馆推出的一站式档案信息共享服务平台。本期将向您介绍校外用户(即往届毕业生)调档的相关知识和操作步骤。","url":"https://mp.weixin.qq.com/s/SzfjNRX6FJu6gwOGz3cg2A"},{"cover":"http://mmbiz.qpic.cn/mmbiz_jpg/ssoe85BllnFz4lXY17S0sXiaLq2Of5iar3H9PYwickia5RJbulQ6IeJPPq5W4YlvHOHjeQm1micQWFgCc3Ea4hPYcDw/0?wx_fmt=jpeg","title":"东师档案集成服务平台利用一点通 NO.3【校外用户篇】学籍档案查询与获取","desc":"“东师档案集成服务平台”整合了多系统多平台服务，是东师档案馆推出的一站式档案信息共享服务平台。本期介绍校外用户(即往届毕业生)学籍档案查询与获取的相关知识和操作步骤。","url":"https://mp.weixin.qq.com/s/OxKOj-mG3W3vpHq-bdJaDw"},{"cover":"http://mmbiz.qpic.cn/mmbiz_jpg/ssoe85BllnGrs6KIGL2kJ5wsEAu6u4BUlC54ARtl3TqZebGTuAbmPfaJUzx741326FTaeqTUm2KIUtESFf7ktg/0?wx_fmt=jpeg","title":"东师档案集成服务平台利用一点通 No.2【校内用户篇】学籍电子档案推送","desc":"“东师档案集成服务平台”整合了多系统多平台服务，是东北师范大学档案馆推出的一站式档案信息共享服务平台。本期为您介绍如何从东师档案集成服务平台一站式获取学籍电子档案推送服务。","url":"https://mp.weixin.qq.com/s/_NDJ4i_m1O5Sla7_E_Va-w"},{"cover":"http://mmbiz.qpic.cn/mmbiz_jpg/ssoe85BllnFawLZFwI9yAH4O8Z1aoL1fyqTa4aegNThOXetL1xSkDuUpwU2iaicSwH9Mq4fHYz0FzScicUVRoGgdw/0?wx_fmt=jpeg","title":"东师档案集成服务平台利用一点通 No.1|【校内用户篇】应届生档案转递","desc":"利用档案并不难，线上线下协同办。欢迎利用“东师档案集成服务平台”！","url":"https://mp.weixin.qq.com/s/YDMyrVspwEnjS6LC7BykeA"},{"cover":"http://mmbiz.qpic.cn/mmbiz_jpg/ssoe85BllnHnuOPmOdkhEeOOznkdpabcEDEgrCYYjCoWLyLufXswDqb0WxKN0mHXicCibcCr0dgcAV2Eicx8OY0sA/0?wx_fmt=jpeg","title":"毕业寄档问答","desc":"伴随我们一生的，除了身份证还有档案，但我们似乎还未真正重视过它的存在。其实，在转正、职称申报、出国、考研、公","url":"https://mp.weixin.qq.com/s/PVWajDo7lY72alTMucPspA"},{"cover":"http://mmbiz.qpic.cn/mmbiz_jpg/ssoe85BllnGic1xmHT6AN3cz48Zpib7JqHlgZawHo1nULDQVQSQhgGoibiaP7g6nTwiadNfOQauACdbn2Penib2jibPLA/0?wx_fmt=jpeg","title":"一站式、网上办，东师档案集成服务平台正式上线","desc":"东师档案集成服务平台的上线，规范了查档用档工作流程，简化了档案利用服务手续，突破了时空限制，提供了精准便捷服务，无论您身处校内还是远在千里，只要一台电脑，通过东师档案集成服务平台，便能享受预约查档、在线阅档、转递档案等便捷服务。","url":"https://mp.weixin.qq.com/s/PSQjhfElbP6kf82A6J7J_w"}]}