{"name":"大史苑","detail":"东北师范大学历史学院","desc":"努力成为史苑学生生活上的“友、助、冶、趣”之地，学习上的“讲、读、修、研”之所，精神上的“信、礼、诚、爱”之家。","id":"dssyxl","logo":"https://mp.innenu.com/img/media/history.jpg","qrcode":"https://mp.innenu.com/img/media/history-qrcode.jpg","article":[{"cover":"http://mmbiz.qpic.cn/mmbiz_jpg/oicpMGd7RbK8V4uqJQCMcXnt46TWHdl2URGLR1yog8sbIS6icye9atb21L07fv5ZoBcDfkNnqvdQOaltYEr6vHMg/0?wx_fmt=jpeg","title":"东北师范大学历史文化学院学生会组织改革情况","url":"https://mp.weixin.qq.com/s/wG6Abp00b_M0JQpkJoNyLw"},{"cover":"http://mmbiz.qpic.cn/mmbiz_jpg/oicpMGd7RbKic446Kbcl21oUNhR0iaAibcGKKnpVHKvHBrKtwq59bGWmzGfcLwibVBPZ1dckZibPAC3ibaAFfzyl34CiaA/0?wx_fmt=jpeg","title":"东北师范大学历史文化学院研究生会组织改革情况","url":"https://mp.weixin.qq.com/s/5izBlVHxWrWsKev7EU2BRA"},{"cover":"http://mmbiz.qpic.cn/mmbiz_jpg/oicpMGd7RbK9seRv38KUxWjGwZL6tRjia16ib9YRIXiaAltHHu2mnnLqm5Cibb0dWtbJZIxCBiczmYFCrjQKWwO4c0BA/0?wx_fmt=jpeg","title":"大河与浪花(十)|《我的大河》创作谈——作者石彦伟专访","desc":"让未来铭记历史，让历史宣告未来。东师史苑——我们的母亲，我们的大河！愿你永远豪迈宽阔！愿你永远朝气蓬勃！—选自石彦伟创作的史苑七十年院庆朗诵诗《我的大河》","url":"https://mp.weixin.qq.com/s/CLCH-l7jfy8mDh5QZLxVzg"},{"cover":"http://mmbiz.qpic.cn/mmbiz_jpg/oicpMGd7RbK9seRv38KUxWjGwZL6tRjia16ib9YRIXiaAltHHu2mnnLqm5Cibb0dWtbJZIxCBiczmYFCrjQKWwO4c0BA/0?wx_fmt=jpeg","title":"大河与浪花(九)| 每代人自有每代人的使命","desc":"​“因为尽力了，我们上不愧天，下不怍地，中不负人！”—选自石彦伟创作的史苑七十年院庆朗诵诗《我的大河》","url":"https://mp.weixin.qq.com/s/DZixyskGgpDNKg53Bw15ug"},{"cover":"http://mmbiz.qpic.cn/mmbiz_jpg/oicpMGd7RbK9seRv38KUxWjGwZL6tRjia16ib9YRIXiaAltHHu2mnnLqm5Cibb0dWtbJZIxCBiczmYFCrjQKWwO4c0BA/0?wx_fmt=jpeg","title":"大河与浪花(八)| 学有所成，莫非用心一也","desc":"只有真正做到“博学、慎思、笃行、修身”才能成为这条大河中欢腾的浪花！—选自石彦伟创作的史苑七十年院庆朗诵诗《我的大河》","url":"https://mp.weixin.qq.com/s/zjSV-kmr5KesmTYaRvSQWw"},{"cover":"http://mmbiz.qpic.cn/mmbiz_jpg/oicpMGd7RbKibkYzy6CGian7bvSI2MOwGpXGumXibibRcku5QlC2sGno7jX8fGHhsAPBRE87iagNYepTtSn8feVzsoGA/0?wx_fmt=jpeg","title":"大河与浪花(七)| 我们是东师史苑人","desc":"我既为师，绝不辜负人民教师摇篮的荣誉绝不给东师史苑丢脸！  —选自石彦伟创作的史苑七十年院庆朗诵诗《我的大河》","url":"https://mp.weixin.qq.com/s/8iO1Tjax3mrSGJJOVAk4Yg"},{"cover":"http://mmbiz.qpic.cn/mmbiz_jpg/oicpMGd7RbK8ZMLNEicYjwjzoctAbMtYI6wKzrn732icDf4KYhVEDbl1wCWzqAFiaj0CyoENmUnWdf4EV1zZcQDc7g/0?wx_fmt=jpeg","title":"大河与浪花(六) | 先生之风，山高水长","desc":"白山苍苍  松水泱泱  先生之风  山高水长 —选自石彦伟创作的史苑七十年院庆朗诵诗《我的大河》","url":"https://mp.weixin.qq.com/s/hbhg7ls7Z04XFIOmP_xyrw"},{"cover":"http://mmbiz.qpic.cn/mmbiz_jpg/oicpMGd7RbK9Q07y2pX9vozTvd6ndqaPypIQtMx9Psf4YpTDTzVKlwpPaMMVvBIHHIb8HyRibJ0bwDMTpdibBWHbg/0?wx_fmt=jpeg","title":"大河与浪花(五)| 困学勉行，止于至善","desc":"“因为热爱学术，  我们师生走到一块， 是一种缘分。”—选自石彦伟创作的史苑七十年院庆朗诵诗《我的大河》","url":"https://mp.weixin.qq.com/s/5FapZnz5InCJoakNIYR24Q"},{"cover":"http://mmbiz.qpic.cn/mmbiz_jpg/oicpMGd7RbK8JzpCwplAaNWmvX915OeORWLiaMHbRQxEayM2JtVELYuic862XQbSAJsvGOXDuzhpzjHWqTfpSsu4A/0?wx_fmt=jpeg","title":"大河与浪花(四)|总有感动让我们难以忘怀","desc":"老师还说，那些年啊——   那些年，谁没去先生家蹭过饭？谁没受过师母的爱抚？—选自石彦伟创作的史苑七十年院庆朗诵诗《我的大河》","url":"https://mp.weixin.qq.com/s/WBF08qCSJU1EL_dDenKuUw"},{"cover":"http://mmbiz.qpic.cn/mmbiz_jpg/oicpMGd7RbKichz7L8jvcg1nE8c5icpuInvpFkicEd7uA4dJyxCQ5s53gQKBFOMlTsjd03xUbQ5kBt2AsnPgx9VJicA/0?wx_fmt=jpeg","title":"大河与浪花(三)| 向您致敬","desc":"“让我们向筚路蓝缕、以启山林的先贤们致以崇高的敬礼吧！”","url":"https://mp.weixin.qq.com/s/M1UvsW7Wbc60FosIqpKlWQ"},{"cover":"http://mmbiz.qpic.cn/mmbiz_jpg/oicpMGd7RbKibicNcv2ttFYsYibskhjabPmIXkJ9rDss0yVMtfzTSJbbRmcs97WshqlcTMrqeE0Zo27DCk9u6RswLg/0?wx_fmt=jpeg","title":"大河与浪花(二)| 史苑，你好！","desc":"“把所有的、所有的感恩打开，一起问候你——我们的乳母， 我们的大河: 东师，你好！史苑，你好！”——选自石彦伟创作的朗诵诗《我的大河》","url":"https://mp.weixin.qq.com/s/AJHS-PU8kWlW9UeVCBxfQQ"},{"cover":"http://mmbiz.qpic.cn/mmbiz_jpg/oicpMGd7RbKibzseK2TwZibcGr5s4O1icNwxxMuibLtHtUuh0oP3bCYq0gKOYBVgFRmiaAZI61rGougZicLvibiakZ1aeicQ/0?wx_fmt=jpeg","title":"大河与浪花(一) | 请您打开所有的深情","desc":"“把所有的、所有的深情打开，献给你，我的大河！波翻浪卷的史诗中，七十载春秋，无数瞬间与永恒淙淙流过……”——选自石彦伟创作的朗诵诗《我的大河》","url":"https://mp.weixin.qq.com/s/Dr4xKsdy3Y7u0MnbdLy7tQ"},{"cover":"http://mmbiz.qpic.cn/mmbiz_jpg/oicpMGd7RbK8sny1PbJ5nFr8wSp2YJKfOQdYgAm5ZqHqxaKymgK0XsmXMUAJYwXicibo0pSePnVVaQL2N3dT8Ilkg/0?wx_fmt=jpeg","title":"“疫”不容辞——东师史苑学子2021年寒假防疫志愿服务全记录","desc":"防疫有我，志愿同行面对疫情，我院学子积极响应号召，以志愿者的身份投身疫情防控工作，为守护家乡的安全奉献自己的","url":"https://mp.weixin.qq.com/s/AmdUahVoi7hef3OmvNEPSg"}]}