{"title":"学校机构说明","grey":true,"author":"Mr.Hope","time":"2021年9月4日","shareable":true,"content":[{"tag":"list","content":[{"text":"党委学生工作部","icon":"student","path":"intro/apartment/student/index"},{"text":"学生心理健康教育中心","icon":"psychology","path":"intro/apartment/psychology/index"},{"text":"学校办公室","icon":"office","path":"intro/apartment/office/index"},{"text":"校团委","icon":"league","path":"intro/apartment/youth-league/index"},{"text":"党委宣传部","icon":"league","path":"intro/apartment/publicize/index"},{"text":"后勤管理处","icon":"wrench","path":"intro/apartment/logistics/index"},{"text":"校医院","icon":"about","path":"intro/apartment/hospital/index"},{"text":"保卫科","icon":"safe","path":"intro/apartment/defend"},{"text":"学生就业指导服务中心","icon":"job","path":"intro/apartment/career"},{"text":"其他机构正在制作中","icon":"more"}]}],"images":[],"id":"intro/apartment/index","scopeData":{"@type":"general","uniq_id":"intro/apartment/index","title":"学校机构说明","digest":"","thumbs":["https://mp.innenu.com/img/inNENU.jpg"],"tags":[]}}