{"title":"学校机构介绍","grey":true,"author":"Mr.Hope","time":"2021年11月23日","shareable":true,"content":[{"tag":"grid","content":[{"text":"招生办公室","color":"orange","name":"Enroll","icon":"enroll","path":"intro/apartment/enroll/index"},{"text":"党委学生工作部","color":"blue","name":"Student","icon":"student","path":"intro/apartment/student/index"},{"text":"党委宣传部","color":"olive","name":"Publicize","icon":"league","path":"intro/apartment/publicize/index"},{"text":"学生心理健康教育中心","color":"orange","name":"Psychology","icon":"psychology","path":"intro/apartment/psychology/index"},{"text":"学校办公室","color":"red","name":"Office","icon":"office","path":"intro/apartment/office/index"},{"text":"校团委","color":"purple","name":"League","icon":"league","path":"intro/apartment/youth-league/index"},{"text":"后勤管理处","color":"cyan","name":"Logistics","icon":"wrench","path":"intro/apartment/logistics/index"},{"text":"校医院","color":"olive","name":"Hospital","icon":"hospital","path":"intro/apartment/hospital/index"},{"text":"保卫科","color":"mauve","name":"Defend","icon":"safe","path":"intro/apartment/defend"},{"text":"图书馆","color":"cyan","name":"Library","icon":"library","path":"intro/apartment/library/index"},{"text":"教务处","color":"blue","name":"Course","icon":"jwc","path":"intro/apartment/course/index"},{"text":"学生就业指导服务中心","color":"cyan","name":"Career","icon":"job","path":"intro/apartment/career"},{"text":"档案馆","color":"purple","name":"Archive","icon":"archive","path":"intro/apartment/archive/index"}]}],"id":"intro/apartment/index","scopeData":{"@type":"general","uniq_id":"intro/apartment/index","title":"学校机构介绍","digest":"","thumbs":["https://mp.innenu.com/img/inNENU.jpg"],"tags":["学校机构介绍"]}}