{"title":"服务办理","author":"Mr.Hope","time":"2021年8月15日","grey":true,"shareable":true,"content":[{"tag":"list","header":"东师日常","content":[{"text":"障碍报修","icon":"wrench","path":"guide/action/repair"}]},{"tag":"list","header":"学习相关","content":[{"text":"本部图书馆学术沙龙座位预约","icon":"time","path":"guide/action/benbu-salon"},{"text":"毕业生图书馆离校手续办理","icon":"leave","path":"guide/action/library-leave"}]},{"tag":"list","header":"证件与材料","content":[{"text":"学生证补办","icon":"lost","path":"guide/action/student-id"}]}],"images":[],"id":"guide/action/index","scopeData":{"@type":"general","uniq_id":"guide/action/index","title":"服务办理","digest":"","thumbs":["https://mp.innenu.com/img/inNENU.jpg"],"tags":[]}}