{"title":"本科补办学生证","author":"Mr.Hope","time":"2021年11月22日","shareable":true,"content":[{"tag":"text","text":["请通过本科教学服务系统进行办理。"]},{"tag":"copy","header":"校内","text":"http://dsjx.nenu.edu.cn/ggxx/xj/xs_zjbl_list.jsp"},{"tag":"copy","header":"校外","text":"https://dsjx.webvpn.nenu.edu.cn/ggxx/xj/xs_zjbl_list.jsp"},{"tag":"title","text":"收费标准"},{"tag":"text","text":["学生证补办收取工本费15元；学生证更换需持旧证，收取工本费5元。"]},{"tag":"title","text":"执行流程"},{"tag":"img","src":"https://mp.innenu.com/img/action/get-student-id.jpg"}],"id":"guide/action/student-id","images":["https://mp.innenu.com/img/action/get-student-id.jpg"],"scopeData":{"@type":"general","uniq_id":"guide/action/student-id","title":"本科补办学生证","cover":"https://mp.innenu.com/img/action/get-student-id.jpg","digest":"请通过本科教学服务系统进行办理。学生证补办收取工本费15元；学生证更换需持旧证，收取工本费5元。","thumbs":["https://mp.innenu.com/img/action/get-student-id.jpg"],"tags":["收费标准","执行流程"]}}