{"title":"数院明日乡支教团","author":"Mr.Hope","time":"2021年9月9日","shareable":true,"content":[{"tag":"title","text":"简介"},{"tag":"p","text":["“明日乡”成立于2008年汶川地震之际，是由东北师范大学学生自发组织的服务地震灾区以及西南贫困地区的公益支教团，连续十年组织志愿者进行以支教为主、主题交流为辅的暑期夏令营活动。","十二年间，明日乡服务21所学校，陪伴3500余名儿童的成长，志愿者人数达1080余人，服务时数累计超过112800小时。"],"style":"text-indent: 1.5em; "}],"cite":[],"id":"guide/association/volunteer/mingri"}