{"title":"学科建设","time":"2022 年 6 月 29 日","shareable":true,"cite":["http://fzghc.nenu.edu.cn/xkjs/xkgk.htm"],"content":[{"tag":"p","text":["经过 70 余年的积累和建设，特别是在 “211 工程 ”和 “985 优势学科创新平台” 的重点支持下，东北师范大学已经逐步建设成为涵盖哲学、经济学、法学、教育学、文学、历史学、理学、工学、农学、管理学、艺术学等十一个学科门类的综合性、研究型大学，形成了以教师教育为鲜明特色，以文、理基础学科见长，以新工科为生长点的研究型、综合性大学发展格局。","学校设有 78 个本科招生专业，23 个博士学位授权一级学科，37 个硕士学位授权一级学科，教育博士专业学位授权点和 22 个硕士专业学位授权点，以及 22 个博士后科研流动站，形成了层次分明、类型多样的人才培养体系。","近年来，在“内涵发展”战略指引下，学校学科建设工作取得历史性突破，2017 年 9 月公布的国家“世界一流大学和一流学科建设高校及建设学科”中，马克思主义理论、世界史、数学、化学、统计学、材料科学与工程 6 个学科入选世界一流学科建设行列，入选数量位列原 211 院校之首。化学、材料科学、工程学、植物与动物科学、数学、生态与环境科学 6 个学科进入 ESI 前 1%。34 个学科入选吉林省特色高水平学科。在教育部学位中心第四轮学科评估中，A 类学科 6 个 —— 其中马克思主义理论获评 A+，统计学、教育学、生态学获评 A，世界史、生物学获评 A-；B 类学科 15 个 —— 其中外国语言文学、化学、中国语言文学、音乐与舞蹈学、数学、地理学、美术学、物理学获评 B+，体育学、政治学、中国史获评 B，应用经济学、心理学、理论经济学、戏剧与影视学获评 B-。数学、化学、生态学、化学工程、材料科学与工程、纳米科学与技术、环境科学与工程、农学 8 个学科进入“2020 软科世界一流学科排名”。在 2019 年度上海软科“中国最好学科排名”中，7 个学科进入全国前 10，17 个学科位列全国同类学科前 25%，31 个学科(占学校学科总数的 84%)位列全国同类学科前 50%，彰显了较强的综合实力。","未来，学校将以“中国特色、世界一流”为目标，秉持“尊重·创造”的教育理念，坚持“内涵发展”战略，努力建设“世界一流师范大学”，形成综合性大学的学科结构布局、研究型大学的学科层次水平和为社会区域发展服务的学科优势特色。"],"style":";display: inline-block"},{"tag":"title","text":"双一流学科"},{"tag":"p","text":["2017 年 9 月 21 日，教育部、财政部、国家发展改革委联合发布《关于公布世界一流大学和一流学科建设高校及建设学科名单的通知》，我校马克思主义理论、世界史、数学、化学、统计学、材料科学与工程 6 个学科入选国家“双一流”建设学科。"],"style":";display: inline-block"},{"tag":"title","text":"国家重点学科"},{"tag":"text","text":["东北师范大学有 5 个国家重点学科:"]},{"tag":"ul","text":["思想政治教育","教育学原理","世界史","细胞生物学","生态学"]},{"tag":"title","text":"吉林省特色高水平学科"},{"tag":"p","text":["东北师范大学共有 34 个学科入选吉林省特色高水平学科建设项目。"],"style":";display: inline-block"},{"tag":"doc","name":"学术学位授权学科","url":"https://mp.innenu.com/file/subject/jilin.pdf","icon":"pdf"},{"tag":"title","text":"学术学位授权学科"},{"tag":"p","text":["东北师范大学共有 37 个硕士学位授权一级学科，23 个博士学位授权一级学科。"],"style":";display: inline-block"},{"tag":"doc","name":"学术学位授权学科","url":"https://mp.innenu.com/file/subject/degree.pdf","icon":"pdf"},{"tag":"img","src":"https://mp.innenu.com/img/about/doctor-level-1.png"},{"tag":"img","src":"https://mp.innenu.com/img/about/master-level-1.png"},{"tag":"title","text":"专业学位授权学科"},{"tag":"p","text":["东北师范大学共有 1 个教育博士专业学位授权点，22 个硕士专业学位授权点。"],"style":";display: inline-block"},{"tag":"img","src":"https://mp.innenu.com/img/about/doctor-major.png"},{"tag":"img","src":"https://mp.innenu.com/img/about/master-major.png"},{"tag":"doc","name":"专业学位授权学科","url":"https://mp.innenu.com/file/subject/professional.pdf","icon":"pdf"}],"id":"intro/subject/subject"}