{"title":"电费缴纳","author":"Mr.Hope","time":"2022 年 7 月 15 日","shareable":true,"content":[{"tag":"title","text":"免费额度"},{"tag":"p","text":["每人每月有 5 度免费电量，换句话说一个寝室默认每个月有 30 度电量，如果您寝室因为有室友没来报到而少人的话，一般情况下也是 30 度电。当然如果贴心的宿管阿姨明确在系统上更正了您寝室的人数，就会按照人数 × 5 计算了。月底会将免费额度清零。(不要想着能攒免费电量)","需要特别注意的是假期寝室是不提供免费电量的，直白点说，一个六人寝，一月二月和七月八月都分别只有 30 度电量。"],"style":";display: inline-block"},{"tag":"title","text":"收费价格"},{"tag":"ul","text":["电费不支持电费查询。所以当剩余电量小于 5 度时，系统会自动进行两分钟的暂停供电作为提醒，此时需尽快交费。","每月优先扣除免费用电额度，之后按照长春市用电标准每度电 0.525 元/度扣费，所交费用月底不清零，扣完为止(年度清零)。"]},{"tag":"title","text":"缴费地点"},{"tag":"text","text":["三舍 A、B、C 统一在二舍计电办缴费。"]},{"tag":"title","text":"工作时间"},{"tag":"ul","heading":"工作时间","text":["8:00 - 11:30","13:30 - 16:00。","此外周末、假期计电办不上班，请务必提前预存好足够的电费。"]},{"tag":"title","text":"Mr.Hope の 解释"},{"tag":"ol","text":["学校电费系统很老旧，学校也一直没有升级，并不支持在线查询的，所以只能用 5 度电断电两分钟的方式来提醒大家。不过有可能您恰好没有留意这两分钟，而且节假日是不开的，想象一下端午节三天假的第一天停电了或者假期留校的时候停电了是什么感觉。所以假期前一定确保自己寝室账户上有充足的钱。","请不要一次交太多的钱，每年暑假计电办会重置系统，会将您的账户余额清零，钱并不会退给您。","其实免费用电量一般情况下是够用的，尤其是女生寝室没有使用电脑的情况，男生寝室如果电脑用得不是很厉害的话一般一个月 20 - 25 度左右，即使用超了，一个月也就几度电(如果大白天不关灯、来电就开电脑、寝室还有台式机就当我没说)","500W 这个总的功率有点异议，似乎有部分寝室默认是 300W，如果寝室内有一些合理的、具有一定功率的电器比如台式机，可以向宿管阿姨反应，是可以上调到 500W 的(除非有特殊原因，再高就不行了)。辅导员寝室是全天供电的，而且功率限制超过了一千瓦，实在有什么需要(以前有人问过我这个问题) 要么找您的辅导员请 TA 在寝室给您弄(如果您辅导员忙的话还是别开口了)、要么找学院熟悉的老师请他帮忙在学院的实验室或者办公室搞。总之一定不要在自己的寝室使用违章电器。"]}],"cite":[],"id":"guide/dorm/electricity/pay"}