{"title":"本部烘焙坊","author":"Mr.Hope","time":"2021年11月23日","shareable":true,"content":[{"tag":"title","text":"校内位置"},{"tag":"location","title":"本部烘焙坊","points":[{"latitude":43.862772,"longitude":125.333208,"name":"八度烘焙"},{"latitude":43.861806,"longitude":125.336898,"name":"梅小姐私房烘焙店"}]},{"tag":"ul","text":["北苑地下一楼","浴池一楼"]},{"tag":"list","header":false,"items":[{"text":"八度烘焙","path":"guide/life/bake/badu"}]},{"tag":"text","heading":"梅小姐私房烘焙店"},{"tag":"img","src":"https://mp.innenu.com/img/bath/benbu-shop2.jpg","desc":"梅小姐私房烘焙店"},{"tag":"title","text":"校外"},{"tag":"text","text":["暂无信息。"]}],"cite":[],"id":"guide/life/bake/benbu"}