{"title":"校园卡政策对比","time":"2022 年 8 月 5 日","grey":true,"shareable":true,"id":"guide/life/sim/index","author":"Mr.Hope","cite":[],"content":[{"tag":"text","heading":" ","text":["三大运营商在校内都有自己的营业厅，同时在每年迎新季为吸引新生同学，三大运营商都会推出较为优秀的套餐服务。"]},{"tag":"text","type":"warning","text":["受到精力制约以及避免打广告嫌疑，Mr.Hope 2022 年度无计划了解并列出校园卡政策。"]}]}