{"title":"生物技术","author":"Mr.Hope","time":"2021年8月15日","desc":"来源: 2021本科招生指南","shareable":true,"content":[{"tag":"title","text":"专业简介"},{"tag":"p","text":["为普通类专业，旨在培养学生成为富有创新意识和开拓精神，具备较强的将生物学理论和技术转化为实践能力的优秀生物技术人才。"],"style":"text-indent: 1.5em; "},{"tag":"title","text":"主干课程"},{"tag":"ul","text":["动物学","植物生物学","生物化学","微生物学","人体及动物生理学","遗传学","细胞生物学","分子生物学","综合野外实习","生态学","生物学基础实验","综合实验","基因工程","发酵工程","细胞工程","蛋白质与酶工程","生物技术专业实践","生物信息学"]},{"tag":"title","text":"就业方向"},{"tag":"text","text":["适合继续深造，攻读生物学及其相关专业的研究生，进而在科研机构、高等院校及企事业单位等从事科学研究、教学工作、应用研究、技术开发和管理工作。"]}],"images":[],"id":"intro/school/biology/tech","scopeData":{"@type":"general","uniq_id":"intro/school/biology/tech","title":"生物技术","digest":"为普通类专业，旨在培养学生成为富有创新意识和开拓精神，具备较强的将生物学理论和技术转化为实践能力的优秀生物技术人才。动物学 植物生物学 生物化学 微生物学 人体及动物生理学 遗传学 细胞生物学 分子生物学 综合野外实习 生态学 生物学基础实","thumbs":["https://mp.innenu.com/img/inNENU.jpg"],"tags":["专业简介","主干课程","就业方向"]}}