{"title":"招生情况","grey":true,"author":"Mr.Hope","time":"2021年12月20日","shareable":true,"content":[{"tag":"list","header":"本科招生","items":[{"text":"2021 年本科开设专业","icon":"degree","path":"intro/enroll/under/major/2021"},{"text":"2021 年本科招生章程","icon":"rule","path":"intro/enroll/under/rule/2021"},{"text":"2021 年国家优师专项计划招生简章","icon":"rule","path":"intro/enroll/under/rule/great-2021"},{"text":"本科录取通知书状态","icon":"search","path":"intro/enroll/under/search"},{"text":"更多","icon":"more","path":"intro/enroll/under/index"}]},{"tag":"list","header":"研究生招生","items":[{"text":"2022 年招生专业、人数与联系方式","icon":"about","path":"intro/enroll/grad/major/2022"},{"text":"2022 年硕士研究生招生简章","icon":"rule","path":"intro/enroll/grad/rule/2022"},{"text":"东师研招公众号","icon":"wechat","url":"account-detail?path=graduate"},{"text":"更多","icon":"more","path":"intro/enroll/grad/index"}]},{"tag":"list","header":"第二学士学位","items":[{"text":"2021 年第二学士学位招生简章","icon":"rule","path":"intro/enroll/second-degree/2021"}]}],"cite":[],"id":"intro/enroll/index"}