{"title":"英语协会纳新","shareable":true,"content":[{"tag":"img","src":"https://mp.innenu.com/img/association/ea-poster.jpg","desc":"详情"},{"tag":"img","src":"https://mp.innenu.com/img/association/ea-qq-group.jpg","desc":"纳新群"}],"images":["https://mp.innenu.com/img/association/ea-poster.jpg","https://mp.innenu.com/img/association/ea-qq-group.jpg"],"id":"guide/association/culture/ea-intake","scopeData":{"@type":"general","uniq_id":"guide/association/culture/ea-intake","cover":"https://mp.innenu.com/img/association/ea-poster.jpg","title":"英语协会纳新","digest":"","thumbs":["https://mp.innenu.com/img/association/ea-poster.jpg","https://mp.innenu.com/img/association/ea-qq-group.jpg"],"tags":[]}}