{"title":"中华古诗词吟诵团纳新","shareable":true,"content":[{"tag":"title","text":"中华古诗词吟诵团纳新啦!"},{"tag":"text","text":["社团日常开展吟诵表演、传统吟诵知识教学、汉服展示等系列特色活动。在这里，你可以学习古老的吟诵知识，体味优美的汉服文化，感受古典舞蹈的魅力。","如果你对吟诵知识和传统文化感兴趣；如果你喜欢汉服，心仪古典舞蹈；如果你想让语文教学变得更加有趣、丰富，一定不要错过!"]},{"tag":"text","text":["中华古诗词吟诵团，期待你的加入!"],"align":"text-align: center;","style":"font-size:18px;"},{"tag":"img","src":"https://mp.innenu.com/img/association/gushici-poster.jpg","desc":"详情"},{"tag":"img","src":"https://mp.innenu.com/img/association/gushici-qq-group.jpg","desc":"纳新群"}],"images":["https://mp.innenu.com/img/association/gushici-poster.jpg","https://mp.innenu.com/img/association/gushici-qq-group.jpg"],"id":"guide/association/culture/poem-intake","scopeData":{"@type":"general","uniq_id":"guide/association/culture/poem-intake","cover":"https://mp.innenu.com/img/association/gushici-poster.jpg","title":"中华古诗词吟诵团纳新","digest":"社团日常开展吟诵表演、传统吟诵知识教学、汉服展示等系列特色活动。在这里，你可以学习古老的吟诵知识，体味优美的汉服文化，感受古典舞蹈的魅力。 如果你对吟诵知识和传统文化感兴趣；如果你喜欢汉服，心仪古典舞蹈；如果你想让语文教学变得更加有趣、丰富","thumbs":["https://mp.innenu.com/img/association/gushici-poster.jpg","https://mp.innenu.com/img/association/gushici-qq-group.jpg"],"tags":["中华古诗词吟诵团纳新啦!"]}}