{"title":"学校概况","grey":true,"author":"Mr.Hope","time":"2022 年 6 月 27 日","shareable":true,"content":[{"tag":"list","header":"学校介绍","items":[{"text":"学校介绍","icon":"about","path":"intro/about/intro"},{"text":"学校定位","icon":"locate","path":"intro/about/locate"},{"text":"学校标识","icon":"activity","path":"intro/about/sign"},{"text":"学校校史","icon":"history","path":"intro/about/history"}]},{"tag":"list","header":"东师实力","items":[{"text":"师资队伍","icon":"teacher","path":"intro/about/teacher"},{"text":"杰出人才","icon":"star","path":"intro/about/talent"},{"text":"学科建设","icon":"content","path":"intro/about/subject"},{"text":"东师排名","icon":"rank","path":"intro/about/rank"},{"text":"专业排名","icon":"rank","path":"intro/about/major-rank"},{"text":"对外合作办学","icon":"student-org","path":"intro/about/cop"}]},{"tag":"list","header":"信息公开","items":[{"text":"领导机构","icon":"leader","path":"intro/about/public/leader"},{"text":"校情统计","icon":"data","path":"intro/about/public/basic"}]},{"tag":"action","header":"信息公开网","content":"http://publish.nenu.edu.cn"}],"cite":[],"id":"intro/about/index"}