{"title":"学校概况","grey":true,"time":"2022 年 7 月 31 日","shareable":true,"id":"intro/about/index","author":"Mr.Hope","cite":[],"content":[{"tag":"list","header":"学校介绍","items":[{"text":"学校介绍","icon":"about","path":"intro/about/intro"},{"text":"学校定位","icon":"locate","path":"intro/about/locate"},{"text":"学校标识","icon":"activity","path":"intro/about/sign"},{"text":"学校校史","icon":"history","path":"intro/about/history"},{"text":"校情统计","icon":"data","path":"intro/about/basic"},{"text":"领导机构","icon":"leader","path":"intro/about/leader"}]},{"tag":"list","header":"东师实力","items":[{"text":"师资队伍","icon":"teacher","path":"intro/about/teacher/intro"},{"text":"杰出人才","icon":"star","path":"intro/about/teacher/talent"},{"text":"学科建设","icon":"content","path":"intro/subject/index"},{"text":"对外合作办学","icon":"student-org","path":"intro/about/cop"}]},{"tag":"action","header":"信息公开网","content":"http://publish.nenu.edu.cn"}]}