{"title":"领导机构","desc":"2021 年 3 月 16 日更新，由学校办公室提供","cite":["https://www.nenu.edu.cn/xxgk1/ldjg1.htm"],"time":"2022 年 8 月 1 日","shareable":true,"content":[{"tag":"title","text":"党委"},{"tag":"text","heading":"书记","text":["杨晓慧"]},{"tag":"action","header":"书记信箱","content":"shuji@nenu.edu.cn"},{"tag":"text","type":"info","heading":"个人介绍","path":"intro/about/yangxiaohui"},{"tag":"ul","heading":"副书记","text":["刘益春","王  延","马晓燕","兰恒斌"]},{"tag":"ul","heading":"常委","text":["杨晓慧","刘益春","王  延","马晓燕","韩东育","郭建华","兰恒斌","常 青","王占仁","徐海阳","柏维春","严蔚刚","艾春明"]},{"tag":"title","text":"行政"},{"tag":"text","heading":"校长","text":["刘益春"]},{"tag":"action","header":"校长信箱","content":"xiaozhang@nenu.edu.cn"},{"tag":"text","type":"info","heading":"个人介绍","path":"intro/about/liuyichun"},{"tag":"phone","fName":"校长公开电话","num":"0431-85098666","org":"东北师范大学"},{"tag":"ul","heading":"副校长","text":["马晓燕","韩东育","郭建华","常  青","王占仁","徐海阳"]},{"tag":"ul","heading":"校长助理","text":["于  伟","薛利锋"]},{"tag":"title","text":"纪委"},{"tag":"text","heading":"书记","text":["兰恒斌"]}],"id":"intro/about/leader"}