{"title":"长春火车站介绍","author":"Mr.Hope","time":"2021年8月22日","shareable":true,"content":[{"tag":"title","text":"综述"},{"tag":"text","text":["长春一共有三个火车站"]},{"tag":"ul","text":["长春站","长春西站","长春南站"]},{"tag":"text","heading":"长春站","text":["长春站同时经停普通列车和高铁，承载了长春 60% 的客流量。"]},{"tag":"text","heading":"长春西站","text":["长春西站以高铁为主，是长春站客运能力负载满额后设立的站点。"]},{"tag":"text","heading":"长春南站","text":["长春南站为货运站，主要以货物运输为主，几乎没有经停车辆。"]}],"images":[],"id":"guide/traffic/train/intro","scopeData":{"@type":"general","uniq_id":"guide/traffic/train/intro","title":"长春火车站介绍","digest":"长春一共有三个火车站长春站 长春西站 长春南站长春站 长春站同时经停普通列车和高铁，承载了长春 60% 的客流量。长春西站 长春西站以高铁为主，是长春站客运能力负载满额后设立的站点。长春南站 长春南站为货运站，主要以货物运输为主，几乎没有经","thumbs":["https://mp.innenu.com/img/inNENU.jpg"],"tags":["综述"]}}