{"title":"本科招生相关信息","grey":true,"author":"Mr.Hope","time":"2021年11月21日","shareable":true,"content":[{"tag":"copy","header":"2021本科招生计划","text":"http://bkzsw.nenu.edu.cn/col_000018_000171.html"},{"tag":"copy","header":"2021本科招生指南","text":"https://m-ebook.eol.cn/ebook/3117"},{"tag":"copy","header":"本科往年分数线","text":"http://bkzsw.nenu.edu.cn/col_000018_000170.html"},{"tag":"copy","header":"2021 录取通知书查询","text":"http://bkzsw.nenu.edu.cn/col_000018_000169.html"}],"id":"intro/enroll/under/info","scopeData":{"@type":"general","uniq_id":"intro/enroll/under/info","title":"本科招生相关信息","digest":"","thumbs":["https://mp.innenu.com/img/inNENU.jpg"],"tags":[]}}