{"title":"企业微信号","grey":true,"time":"2022 年 6 月 28 日","shareable":true,"id":"guide/account/wechat/index","author":"Mr.Hope","cite":[],"content":[{"tag":"list","header":"开始使用","items":[{"text":"企业号介绍","icon":"intro","path":"guide/account/wechat/intro"},{"text":"企业号认证","icon":"account","path":"guide/account/wechat/authorize"},{"text":"手机号更改","icon":"phone","path":"guide/account/wechat/change"}]},{"tag":"list","header":"功能","items":[{"text":"校园卡充值","icon":"card","path":"guide/card/charge/wechat"},{"text":"校园网充值","icon":"network","path":"guide/network/charge/wechat"}]},{"tag":"img","src":"https://mp.innenu.com/img/account/wechat-follow.png","desc":"企业微信二维码"}]}