{"title":"文学院","author":"Mr.Hope","time":"2020年9月1日","photo":["https://mp.innenu.com/img/school/literature.jpg","https://mp.innenu.com/img/school/literature1.jpg"],"content":[{"tag":"account","name":"文学院","logo":"https://mp.innenu.com/img/media/chinese.png","detail":"东北师范大学文学院","wxid":"dongshiwenyuan","wxcode":"https://mp.innenu.com/img/media/chinese-qrcode.jpg","account":"chinese","location":{"latitude":43.85947,"longitude":125.32917},"mail":"chinese@nenu.edu.cn","site":"http://chinese.nenu.edu.cn/home"},{"tag":"list","content":[{"text":"学院简介","icon":"about","path":"intro/school/chinese/intro"},{"text":"招生介绍","icon":"intro","path":"intro/school/chinese/enroll"}]}],"id":"map/benbu/school/chinese","scopeData":{"@type":"general","uniq_id":"map/benbu/school/chinese","title":"文学院","digest":"","thumbs":["https://mp.innenu.com/img/inNENU.jpg"],"tags":[]}}