{"title":"教育学部","author":"Mr.Hope","time":"2020年9月1日","photo":["https://mp.innenu.com/img/school/education.jpg"],"content":[{"tag":"account","name":"教育学部","logo":"https://mp.innenu.com/img/media/education-wechat.png","detail":"东北师范大学教育学部","wxid":"edunenu","wxcode":"https://mp.innenu.com/img/media/education-qrcode.jpg","account":"education","location":{"latitude":43.8617,"longitude":125.32983},"mail":"fed@nenu.edu.cn","site":"https://edu.nenu.edu.cn/"},{"tag":"list","content":[{"text":"学院简介","icon":"about","path":"intro/school/education/intro"},{"text":"招生介绍","icon":"intro","path":"intro/school/education/enroll"},{"text":"优秀毕业生建议","icon":"idea","path":"intro/school/education/advice"}]}],"images":[],"id":"map/benbu/school/education","scopeData":{"@type":"general","uniq_id":"map/benbu/school/education","title":"教育学部","digest":"","thumbs":["https://mp.innenu.com/img/inNENU.jpg"],"tags":[]}}