{"title":"本部校区快递","author":"Mr.Hope","time":"2021年11月17日","shareable":true,"content":[{"tag":"text","text":["由于疫情封校，本部快递点在校园内的有:"]},{"tag":"ul","text":["申通","圆通","百世","顺丰","韵达","邮政","京东","中通"]},{"tag":"text","text":["如果要寄快递的话最好选择它们。"]},{"tag":"title","text":"菜鸟驿站"},{"tag":"list","header":false,"content":[{"text":"查看详情","icon":"cainiao","path":"guide/express/cainiao"}]},{"tag":"title","text":"快递柜"},{"tag":"list","header":false,"content":[{"text":"查看详情","icon":"express-cabinet","path":"guide/express/benbu-cabinet"}]},{"tag":"title","text":"临时取件点"},{"tag":"list","header":false,"content":[{"text":"查看详情","icon":"express","path":"guide/express/benbu-temp"}]},{"tag":"title","text":"南门"},{"tag":"text","text":["本部南门(文昌路)是露天快递集中地，一些在校园内未设点的快递均会选择在那里等待同学们取件。在南门附近的快递有宅急送、天天快递、德邦快递、品骏快递、唯品会等。如果您需要取快递，您需要填写出校申请出校取快递。"]},{"tag":"text","type":"tip","text":["取件地点是文昌路北侧的小面包。"]},{"tag":"title","text":"EMS 邮政"},{"tag":"text","text":["EMS 邮政寄件比较具体，如果具体填写行政楼或各学院都可收到。","地址可以只填入东北师范大学，默认会被送到菜鸟驿站。"]}],"images":[],"id":"guide/express/benbu","scopeData":{"@type":"general","uniq_id":"guide/express/benbu","title":"本部校区快递","digest":"由于疫情封校，本部快递点在校园内的有:申通 圆通 百世 顺丰 韵达 邮政 京东 中通如果要寄快递的话最好选择它们。本部南门(文昌路)是露天快递集中地，一些在校园内未设点的快递均会选择在那里等待同学们取件。在南门附近的快递有宅急送、天天快递、","thumbs":["https://mp.innenu.com/img/inNENU.jpg"],"tags":["菜鸟驿站","快递柜","临时取件点","南门","EMS 邮政"]}}