{"title":"通信大数据行程卡介绍","author":"Mr.Hope","time":"2022 年 7 月 11 日","shareable":true,"cite":["https://xc.caict.ac.cn/help.html"],"content":[{"tag":"text","type":"info","text":["“通信大数据行程卡”是由工信部指导，中国信通院、中国电信、中国移动、中国联通共同推出的公益性的行程查询服务，可以免费为用户提供本人过往7天内到访过的国家 (地区) 和连续停留满4小时的国内城市证明，数据相对准确，使用便捷。"]},{"tag":"card","title":"通信行程卡","options":{"appId":"wx8f446acf8c4a85f5","path":"pages/index"}},{"tag":"img","src":"https://mp.innenu.com/img/epidemic/history-visit.jpg","desc":"微信小程序码","env":["qq"]},{"tag":"title","text":"主要功能和流程"},{"tag":"p","text":["通信行程卡查询服务主要面向中国手机用户，能够查询个人国内和国际前 7 天内的行程，国内精确到省市 (连续停留 4 小时以上) ，国外精确到国家。查询由用户主动发起，可用手机软件 (微信、支付宝等) 扫码接入查询页面，或微信/支付宝小程序搜索“通信行程卡”进入小程序，输入手机号码并点击获取验证码，验证成功后点击查询，即可返回查询结果。"],"style":";display: inline-block"},{"tag":"ol","type":"warning","text":["新开卡的用户满 7 天后才能使用行程查询服务。"]},{"tag":"title","text":"查询结果规则"},{"tag":"p","text":["查询结果显示到访的省市 (国内) 、国家和地区 (国际) 。用户前 7 天内的行程计算是在运营商后台完成的，结果有一天的延迟，比如 9 月 8 日计算的是 9 月 8 日之前 7 天内的行程数据 (9 月 1 日 0 点 - 9 月 7 日 24 点之间) 。另外，由于服务使用的是基站数据，为了确保通信连续、实现覆盖无盲区，行政区划交界处的两地基站信号可能会交叉覆盖，造成结果的偏差，使用时可结合其他证明做相应调整。"],"style":";display: inline-block"},{"tag":"title","text":"优点"},{"tag":"text","text":["数据相对准确，使用便捷。"]},{"tag":"title","text":"到访判断"},{"tag":"text","text":["通信大数据行程卡设置了满足 4 小时为驻留的判断条件，判断范围为属地的全部基站，并可能与其他行政区出现交叠。"]}],"id":"guide/epidemic/history-visit/intro"}