{"title":"本部饮品店","author":"Mr.Hope","time":"2021年9月25日","shareable":true,"content":[{"tag":"text","type":"tip","text":["Mr.Hope 正在整理此信息并欢迎您的协助。","此处需包含饮品店包括咖啡店、奶茶店等相关校内外店铺。"]},{"tag":"functional-list","content":[{"text":"联系 Mr.Hope","icon":"contact","type":"button","openType":"contact","env":["wx"]},{"text":"联系 Mr.Hope","icon":"contact","type":"button","openType":"addFriend","openId":"868D7B2F0C609B4285698EAB77A47BA1","env":["qq"]}]}],"images":[],"id":"guide/life/drink/benbu","scopeData":{"@type":"general","uniq_id":"guide/life/drink/benbu","title":"本部饮品店","digest":"Mr.Hope 正在整理此信息并欢迎您的协助。 此处需包含饮品店包括咖啡店、奶茶店等相关校内外店铺。","thumbs":["https://mp.innenu.com/img/inNENU.jpg"],"tags":[]}}