{"title":"校园邮箱客户端设置","grey":true,"author":"Mr.Hope","time":"2021年12月3日","shareable":true,"content":[["list",{"content":[{"text":"安卓邮箱客户端设置","icon":"android","path":"guide/account/mail/Android"},{"text":"iOS 邮箱客户端设置","icon":"apple","path":"guide/account/mail/iOS"},{"text":"Windows 邮箱客户端设置","icon":"windows","path":"guide/account/mail/windows"},{"text":"macOS 邮箱客户端设置","icon":"apple","path":"guide/account/mail/macos"}]}]],"cite":[],"id":"guide/account/mail/client"}