{"title":"校园邮箱","grey":true,"author":"Mr.Hope","time":"2021年12月20日","shareable":true,"content":[{"tag":"text","type":"info","heading":"校园邮箱","text":["学校会为每名同学发放一个终身有效的教育邮箱，以 \"@nenu.edu.cn\" 后缀结尾。","邮箱的账户目前不可自定义，默认为“姓全拼+名首字母缩写+三位数字序号”。"]},{"tag":"list","items":[{"text":"邮箱介绍","icon":"email","path":"guide/account/mail/intro"},{"text":"安卓邮箱客户端设置","icon":"android","path":"guide/account/mail/Android"},{"text":"iOS 邮箱客户端设置","icon":"apple","path":"guide/account/mail/iOS"},{"text":"Windows 邮箱客户端设置","icon":"windows","path":"guide/account/mail/windows"},{"text":"macOS 邮箱客户端设置","icon":"apple","path":"guide/account/mail/macos"}]},{"tag":"img","src":"https://mp.innenu.com/img/account/emailAdvance.png","desc":"邮件客户端高级设置"}],"cite":[],"id":"guide/account/mail/index"}