{"title":"张哲的建议","time":"2022 年 7 月 30 日","shareable":true,"id":"guide/advice/physics/zhe","author":"张哲","cite":[],"content":[{"tag":"ul","type":"info","heading":"张哲介绍","text":["物理学院材料物理专业 2018 级本科生","四年综合排名专业第一","多次获得校长奖学金等学业奖学金","获得严济慈奖学金","已保研至武汉大学"]},{"tag":"title","text":"材料物理专业的学习建议"},{"tag":"p","text":["先说重点，材料物理是一门为科研准备的本科专业，这个专业未来大概率要继续读研并进实验室！ (写下这篇小作文的我就是走的这个路线) 接下来我会从本人经历出发，谈谈这个专业及未来的方向。"]},{"tag":"p","heading":"重点课程","text":["这个专业的课程很多很多 (如果你的耐心与精力足够，建议都认真学) 。有些课可以摸鱼 (自己凭感觉把握奥) ，但是有些课必须深入学习，这不仅仅是为了那些绩点，更是未来读研深造所需的基础知识，接下来咱们好好谈谈这些课程。","大一的课基本上都很重要 (譬如高数、线代、化概，又是基础课又拉学分，将来还总能用上) ，所以大一你学就完事了，多跑跑图书馆，我不过多阐述。","大二大三会接触到咱们专业的重要课程: 结构化学、物理化学、固体物理，其中尤其以固体物理最为重要 (固体物理这门课以你大一学到的课为基础，后面会碰到的半导体物理这门课以固体物理为基础) ，里面的一系列概念将来读研进实验室时候大概率都会用上，把这门课学好，未来省心省力。前两门化学需要学会，固体物理需要学懂，学明白。","至于量子力学，这门课含金量极高，高到我学的一塌糊涂，考试也是混过去的。希望届时学弟学妹们能加油，把这门课搞懂。"]},{"tag":"p","heading":"保研的办法？","text":["依据我本人经验而谈，保研比考研要轻松得多。俗话说，大四不考研，天天像过年 (自己体会) 。保研的条件我不过多赘述，学院都会讲。核心思路就是好好学习，天天向上 (英语四六级很关键！) 。这里提一句，材料物理专业的保研难度比物理学院其他专业保研难度低得多！ (具体情况相信你们慢慢就了解到了)"]},{"tag":"p","heading":"学材料未来的前途？","text":["古人云: “生化环材四大坑”，然后进了材料专业，你感觉自己眼前一黑，前途渺茫。但其实这仅仅是本科毕业所面临的一个问题 (咱们学校的本科生想找个工作完全不是难事，但实际上，进了物理学院，本科想找个好工作挺困难的。不读研你还想走！？) 这也就绕回我最开始说的重点: 这个专业要读研！读研可以选择的方向有很多 (实验方向往往以固体物理为理论基础) ，咱们学校也有很多优秀的做材料的老师，你们以后可以慢慢了解。"]}]}