{"title":"本科 2021 年招生专业","author":"Mr.Hope","time":"2021年11月21日","shareable":true,"content":[{"tag":"text","type":"warning","text":["不同省份存在不同的招生政策，并不是以下所有专业都在您所在省份招生。而且部分学院会在某些省份采取分专业招生，而在其他省份采取大类招生。如果您想要查看您所在省份的招生专业，请访问下方链接。"]},{"tag":"copy","header":"2021招生计划","text":"http://bkzsw.nenu.edu.cn/col_000018_000171.html"},{"tag":"title","text":"本部各学院与其招生专业"},{"tag":"ul","heading":"教育学部","text":["小学教育(公费师范): ￥0/年","学前教育(公费师范): ￥0/年","教育学类(学前教育,小学教育,教育学): ￥3850/年"]},{"tag":"ul","heading":"心理学院","text":["心理学(公费师范): ￥0/年","心理学: ￥3850/年"]},{"tag":"ul","heading":"文学院","text":["汉语言文学(公费师范): ￥0/年","汉语言文学(蒙授，公费师范): ￥0/年","汉语言文学(优师专项): ￥0/年","汉语言文学: ￥3850/年"]},{"tag":"ul","heading":"历史文化学院","text":["历史学(公费师范): ￥0/年","历史学(蒙授，公费师范): ￥0/年","历史学(优师专项): ￥0/年","历史学: ￥3850/年"]},{"tag":"ul","heading":"外国语学院","text":["英语(公费师范): ￥0/年","英语(蒙授，公费师范): ￥0/年","英语(优师专项): ￥0/年","英语: ￥5060/年"]},{"tag":"ul","heading":"马克思主义学部","text":["马克思主义理论类: ￥3850/年\n(分流至思想政治教育,哲学,社会学)"]},{"tag":"ul","heading":"数学与统计学院","text":["数学与应用数学(公费师范): ￥0/年","数学与应用数学(蒙授，公费师范): ￥0/年","数学与应用数学(优师专项): ￥0/年","数学类: ￥3850/年\n(分流至数学与应用数学、统计学)","数学与应用数学: ￥3850/年","统计学: ￥3850/年"]},{"tag":"ul","heading":"物理学院","text":["物理学(公费师范): ￥0/年","物理学(蒙授，公费师范): ￥0/年","物理学(优师专项): ￥0/年","物理学类: ￥3850/年\n(分流至物理学、电子信息科学与技术、材料物理)"]},{"tag":"ul","heading":"化学学院","text":["化学(公费师范): ￥0/年","化学(优师专项): ￥0/年","化学: ￥3850/年"]},{"tag":"ul","heading":"生命科学学院","text":["生物科学(公费师范): ￥0/年","生物科学(蒙授，公费师范): ￥0/年","生物科学(优师专项): ￥0/年","生物科学类: ￥3850/年\n(分流至生物科学、生物技术)"]},{"tag":"ul","heading":"地理科学学院","text":["地理科学(公费师范): ￥0/年","地理科学(优师专项): ￥0/年","地理科学类: ￥3850/年\n(分流至地理科学,人文地理与城乡规划,地理信息科学)"]},{"tag":"ul","heading":"体育学院","text":["体育教育(公费师范): ￥0/年","体育教育: ￥4620/年"]},{"tag":"list","header":false,"content":[{"text":"本部校区校门介绍","icon":"gate","path":"guide/check/benbu"},{"text":"本部校区寝室介绍","icon":"dorm","path":"guide/dorm/locate/benbu"}]},{"tag":"title","text":"净月各学院与其招生专业"},{"tag":"ul","heading":"政法学院","text":["思想政治教育(公费师范): ￥0/年","思想政治教育(蒙授，公费师范): ￥0/年","思想政治教育(优师专项): ￥0/年","思想政治教育: ￥3850/年","政治学类: ￥3850/年","政治学与行政学: ￥3850/年","法学: ￥3850/年"]},{"tag":"ul","heading":"经济与管理学院","text":["经济学类: ￥3850/年","经济学: ￥3850/年","会计学(中外合作办学): ￥28000/年"]},{"tag":"ul","heading":"外国语学院","text":["日语: ￥3850/年","俄语: ￥3850/年","商务英语: ￥5060/年"]},{"tag":"ul","heading":"音乐学院","text":["音乐学(声乐,师范): ￥12000/年","音乐学(钢琴,师范): ￥12000/年","舞蹈编导(师范): ￥12000/年"]},{"tag":"ul","heading":"美术学院","text":["美术学(师范): ￥12000/年","美术学(非师范): ￥12000/年","设计学类: ￥12000/年"]},{"tag":"ul","heading":"信息科学与技术学院","text":["教育技术学(公费师范): ￥0/年","教育技术学(蒙授，公费师范): ￥0/年","计算机类: ￥4630/年\n(分流至教育技术学、计算机科学与技术、图书馆学、智能科学与技术)","计算机科学与技术(中外合作办学): ￥19000/年"]},{"tag":"ul","heading":"环境学院","text":["环境科学与工程类: ￥3850/年\n(分流至环境科学、环境工程和生态学)"]},{"tag":"ul","heading":"传媒学院","text":["新闻传播学类: ￥6600/年","数字媒体技术: ￥5060/年","广播电视编导: ￥12000/年","播音与主持艺术: ￥12000/年"]},{"tag":"text","type":"warning","text":["今年预科同学在自己的学院管理，到自己的学院处报到。"]},{"tag":"list","header":false,"content":[{"text":"净月校区校门介绍","icon":"gate","path":"guide/check/jingyue"},{"text":"净月校区寝室介绍","icon":"dorm","path":"guide/dorm/locate/jingyue"}]}],"id":"intro/enroll/under/major/2021","scopeData":{"@type":"general","uniq_id":"intro/enroll/under/major/2021","title":"本科 2021 年招生专业","digest":"不同省份存在不同的招生政策，并不是以下所有专业都在您所在省份招生。而且部分学院会在某些省份采取分专业招生，而在其他省份采取大类招生。如果您想要查看您所在省份的招生专业，请访问下方链接。教育学部 小学教育(公费师范): ￥0/年 学前教育(公","thumbs":["https://mp.innenu.com/img/inNENU.jpg"],"tags":["本部各学院与其招生专业","净月各学院与其招生专业"]}}