{"name":"东北师范大学教育学部","desc":"东北师范大学教育学部官方微信平台","id":"edunenu","logo":"http://mp.innenu.com/img/media/education-wechat.png","qrcode":"img/media/education-qrcode.jpg","article":[{"cover":"http://mmbiz.qpic.cn/mmbiz_jpg/Vx8dVSJTs8apqHT8kgKb8ObEenVO4DJ28V3CYXnzKa0HYZNV8MbY9z9mpDV7tQV30aXfjfX9Xy8wXpElkyDKnw/0?wx_fmt=jpeg","title":"第一届“全球基础教育论坛”成功举办","url":"https://mp.weixin.qq.com/s/fyGH1WCmn3O9PC-lXMmftg"},{"cover":"http://mmbiz.qpic.cn/mmbiz_jpg/Vx8dVSJTs8Y8LypJhQaEWSMVeD8fuB7phF3b8NAMic09cwY9lUhLG80KCzPwCcibqVBdpUUhIhDBkFFODl4uSYCg/0?wx_fmt=jpeg","title":"学部教师团队入选“吉林省高校黄大年式教师团队”","desc":"学部教师团队入选“吉林省高校黄大年式教师团队”","url":"https://mp.weixin.qq.com/s/9AJa-4xbcQJyfwRjZaI7bA"},{"cover":"http://mmbiz.qpic.cn/mmbiz_jpg/Vx8dVSJTs8YjmL5UPkahuLc268IH4yZhgTaavI9P9obKawCsISNlQRd7BHXnrwRUTnH7bfqpyqic2E72rgamzVg/0?wx_fmt=jpeg","title":"东北师范大学承办民进中央“庆祝第三十七个教师节暨2021·中国教师发展论坛”","desc":"东北师范大学承办民进中央“庆祝第三十七个教师节暨2021·中国教师发展论坛”","url":"https://mp.weixin.qq.com/s/LH9ZbbRBqk9TitHmZtExTw"},{"cover":"http://mmbiz.qpic.cn/mmbiz_jpg/Vx8dVSJTs8YjmL5UPkahuLc268IH4yZhFnY6KasQTk8Eib8RYCpBoOKg6TdoibxrvIJGgzOS3MXvPDEwiccryicXCw/0?wx_fmt=jpeg","title":"东北师范大学教育学部2021级新生入学报到","desc":"东北师范大学教育学部2021级新生入学报到","url":"https://mp.weixin.qq.com/s/HcTSx2MFIrLoz0F6gsc-LA"},{"cover":"http://mmbiz.qpic.cn/mmbiz_jpg/Vx8dVSJTs8aN0H8cKIy87KWUjK8k0fN4HcNKtLXEQXesSfeNBFH0Yv6DdVRQ0Tiax497EJUlb8rfd2Crf1gicJhQ/0?wx_fmt=jpeg","title":"欢迎参加第一届全球基础教育论坛","desc":"欢迎参加第一届全球基础教育论坛","url":"https://mp.weixin.qq.com/s/hSHo8bqdImsY2KeoZzuG0w"},{"cover":"http://mmbiz.qpic.cn/mmbiz_jpg/Vx8dVSJTs8btK96ibPs2lDOudoVSeHuUW9ibjJEFSVsuplwjz5L3ozN3t6Jqr8zVEr9UHzugvibUskh50Z4glqXpg/0?wx_fmt=jpeg","title":"学部柳海民教授学术论文被《新华文摘》全文转载","desc":"近日，学部柳海民教授与其学生邹红军博士合作发表于《教育研究》2021年第4期的论文《高质量：中国基础教育发展路向的时代转换》被《新华文摘》2021年第14期全文转载。","url":"https://mp.weixin.qq.com/s/WnltZJxwDMT-tx-jCRcybg"},{"cover":"http://mmbiz.qpic.cn/mmbiz_jpg/Vx8dVSJTs8Y8TMsiabyW8bNMAFoCcZO1wZNiccDHfxnPY5BibaE5ibtjhdxe7yFkqMra1kC9tKUV8s2abgSO5PgFng/0?wx_fmt=jpeg","title":"学部学生创业项目《迈思亿——科技创新人才培养的“赋能者”》在第七届吉林省“互联网＋”大学生创新创业大赛中获得金奖","desc":"2021年8月5日，由吉林省教育厅主办的“建行杯”第七届吉林省“互联网＋”大学生创新创业大赛总决赛在长春落下帷幕。来自全省近70所高校的460个项目团队共同为荣誉而战，为梦想比拼。","url":"https://mp.weixin.qq.com/s/FZ2V6nm4UWGBmN5F2HKICw"},{"cover":"http://mmbiz.qpic.cn/mmbiz_jpg/Vx8dVSJTs8agiba6nfG0CFyd7tXsgfTrlnUbJV32csgsBicRZhE8TdmRInfkdZ4escucEasHAGLlzywbsLRBica0Q/0?wx_fmt=jpeg","title":"学部教师入选2021年度“香江学者计划” 博士后资助项目","desc":"日前，全国博士后管委会办公室公布了2021年度“香江学者计划”入选结果，学部副教授、原教育学流动站师资博士后吕博老师获得资助。","url":"https://mp.weixin.qq.com/s/KkluUEraWaAxgR3dlyDN6Q"},{"cover":"http://mmbiz.qpic.cn/mmbiz_jpg/Vx8dVSJTs8ZZ4rsfyoNZOW4BywuarxgwN0RlEq9YpOr2IqRM2w729GNibJSqHKNQgEzbukibMvVC4R29dDY6V1ibw/0?wx_fmt=jpeg","title":"教育学部成功举办2021年全国教育学研究生学术论坛","desc":"7月23日至25日，教育学部成功举办了2021年全国教育学研究生学术论坛。本次论坛受研究生院“创新计划项目”资助，由教育学部教育学原理学科承办，论坛主题为“教育高质量发展：理论认识与实践路径”。","url":"https://mp.weixin.qq.com/s/cEWAfCUt2k8Vxfdu27f27A"},{"cover":"http://mmbiz.qpic.cn/mmbiz_jpg/Vx8dVSJTs8ZZ4rsfyoNZOW4BywuarxgwHZeZibF8akIMq5sPrvSSE80mTW314RxrL6kNNCItnKicrqAjsEyqLQAA/0?wx_fmt=jpeg","title":"教育学部成功举办2021年全国教育学研究生学术论坛","desc":"7月23日至25日，教育学部成功举办了2021年全国教育学研究生学术论坛。本次论坛受研究生院“创新计划项目”资助，由教育学部教育学原理学科承办，论坛主题为“教育高质量发展：理论认识与实践路径”。","url":"https://mp.weixin.qq.com/s/-X2shuDaJz-nblG2WvGZVQ"},{"cover":"http://mmbiz.qpic.cn/mmbiz_jpg/Vx8dVSJTs8a3MzMT4FhcpOTp8BT3Bt6xVsvx0BsxfNxZwgKc3dNiaeqHs5men6PCzVfy0vZ7ytl82HolXJ7UAew/0?wx_fmt=jpeg","title":"全国小学教育专业建设学术研讨会在东北师范大学教育学部顺利召开","desc":"7月22日，全国小学教育专业建设学术研讨会暨全国小学教师教育委员会第四届常务理事会2021年年会在东北师大教育学部召开。","url":"https://mp.weixin.qq.com/s/Zwm4lLpx4vs6JxwqapunzQ"},{"cover":"http://mmbiz.qpic.cn/mmbiz_jpg/Vx8dVSJTs8bccrqfFGyxUsHwTUggwm75X24nsvEgOg7rwKo8mIa5yWDIj19qwElLbudpZ46Yw5RQma4k1wseSw/0?wx_fmt=jpeg","title":"全国小学教育专业建设学术研讨会在东北师范大学教育学部顺利召开","desc":"7月22日，全国小学教育专业建设学术研讨会暨全国小学教师教育委员会第四届常务理事会2021年年会在东北师大教育学部召开。","url":"https://mp.weixin.qq.com/s/C4mhEDYDRiUQhbUBYQJ_KQ"},{"cover":"http://mmbiz.qpic.cn/mmbiz_jpg/Vx8dVSJTs8aMFFkPNhBERp4oTjHWwAKAqxZZpEep9C2rgvTmIBfFzapaaC5SEVNRcmPkLiamWWdaxjAAZ4CoOIQ/0?wx_fmt=jpeg","title":"学部中国农村教育发展研究院承办中国社会学会2021年学术年会“代际贫困与教育扶贫”论坛","desc":"7月18日，由教育部人文社会科学重点研究基地中国农村教育发展研究院牵头学部中国农村教育发展研究院承办中国社会学会2021年学术年会“代际贫困与教育扶贫”论坛","url":"https://mp.weixin.qq.com/s/iDRIZRA5VypglgAt3Lxyrw"},{"cover":"http://mmbiz.qpic.cn/mmbiz_jpg/Vx8dVSJTs8YletG4RjX656p7RYicibS30mz5qc1Qvy3ACnNaa5J1PO5Up04hdgGQY9icKqtLwOIszwsdBX7SkCLfQ/0?wx_fmt=jpeg","title":"学部举办云南省高校领导干部学习贯彻习近平总书记 关于教育重要论述专题培训班","desc":"在全国上下深入学习贯彻习近平总书记在庆祝中国共产党成立100周年大会上的重要讲话精神之际，7月11日-17日，受云南省委教育工委的委托，学部教师发展学院承办“云南省高校领导干部学习贯彻习近平总书记关于教育重要论述专题培训班”。","url":"https://mp.weixin.qq.com/s/OcbRCTBWIbC0Pg8hR7UALQ"}]}