{"name":"东北师范大学","detail":"东北师范大学官方微信公众号","desc":"勤奋创新 为人师表","id":"nenuweixin","logo":"https://mp.innenu.com/img/media/official.png","qrcode":"img/media/officail-qrcode.jpg","article":[{"cover":"https://mmbiz.qpic.cn/mmbiz_jpg/ysE1q5sFFFgd0GXicsIUv7KYQPgh9w2riawT14QicbSAPKzJ9ibicdz3s4rDOLT7AVoicuPw3eh58vicdFetlRuh7dbWQ/0?wx_fmt=jpeg","title":"荣耀东师·誉满桃李 | 走近东师荣誉教授——史宁中","desc":"​满腔热情育桃李，披肝沥胆报国家！","url":"https://mp.weixin.qq.com/s/BDEyRstIccf4Q0MAtBmVBQ"},{"cover":"https://mmbiz.qpic.cn/mmbiz_jpg/ysE1q5sFFFiax4CicQQaOZgyibxq4Kqu1NMbv6JlgB2KTJ7SwCwiboS39JicLQuXURSh00iblhXJZc2V3ur3tTqjRTJw/0?wx_fmt=jpeg","title":"致敬教师 | 东北师范大学隆重举行2021年教学工作表彰大会暨首届教职工荣退典礼","desc":"赓续百年初心，担当育人使命！","url":"https://mp.weixin.qq.com/s/Twz8FWG7fGjzQC3D8qlhpg"},{"cover":"https://mmbiz.qpic.cn/mmbiz_jpg/ysE1q5sFFFgaokoBbR2L7dliaGTibVkbJPoJn0lGdStGLgl1sx9jLh74ohuM1ZOO8LFln8dg4YzjXfr2ugXVJhNQ/0?wx_fmt=jpeg","title":"祝全体教职员工教师节快乐！","desc":"百年大计，教育为本；教育大计，教师为本。","url":"https://mp.weixin.qq.com/s/gxkIUiAMeNh1aXEJyAii-g"},{"cover":"https://mmbiz.qpic.cn/mmbiz_jpg/ysE1q5sFFFgaokoBbR2L7dliaGTibVkbJPD88rXBDH7WXvPp8Ap9n85icSf43jm7geVJLeKF3KCq7kEeRMVd06iaxA/0?wx_fmt=jpeg","title":"弦歌不辍 一诺千钧 | 聆听师长从教微语录","url":"https://mp.weixin.qq.com/s/ykt1F14kDfuwdp5whkHhUA"},{"cover":"https://mmbiz.qpic.cn/mmbiz_jpg/ysE1q5sFFFjzGSibD2GFUSJnicsVKH7jvA0FxKwGUrWiaWqVovGVHBOAFGzdqicnBKbyt2WzBYrwahIr9kw5QmBWDw/0?wx_fmt=jpeg","title":"荣耀东师·誉满桃李 | 走近东师荣誉教授——田克勤","url":"https://mp.weixin.qq.com/s/TPVbTbn2SaREjWDymMYQ8A"},{"cover":"https://mmbiz.qpic.cn/mmbiz_jpg/ysE1q5sFFFjzGSibD2GFUSJnicsVKH7jvAYpEgQnE68lvSoibomloQVBmyX5CXxMqBB5QdKFTJpyU4kC3MlX0MCZw/0?wx_fmt=jpeg","title":"东师桃李 | 刘根平: 敬重专业 热爱教育","desc":"东师精神，薪火相传！","url":"https://mp.weixin.qq.com/s/-jK_3BNWqIa_y1wYS1LCPw"},{"cover":"https://mmbiz.qpic.cn/mmbiz_jpg/ysE1q5sFFFh0jraNdqIG3HIgJa1zI13htZdWhgSwYd9dj424DbcElnYt3GeODj8I1QOIugzGf1YRcRK7yoBjTA/0?wx_fmt=jpeg","title":"东北师范大学承办民进中央“庆祝第三十七个教师节暨2021·中国教师发展论坛”","desc":"建设高质量教师教育体系，办好人民满意的教育","url":"https://mp.weixin.qq.com/s/73kzrLfhEuTonDZ8BUx9cA"},{"cover":"https://mmbiz.qpic.cn/mmbiz_jpg/ysE1q5sFFFjJ3upbOjibZiaiar6g8I7ib9NicICFCricYl5vBrB67iccibqNiarF1ribdFek6kQcAuMFHQj3XZWibOSgCQ40w/0?wx_fmt=jpeg","title":"2021·中国教师发展论坛，明天见！","desc":"全程直播，敬请关注！","url":"https://mp.weixin.qq.com/s/63wgUPK4Kk6euB5YENANNQ"},{"cover":"https://mmbiz.qpic.cn/mmbiz_jpg/ysE1q5sFFFgLje6usGEzJIWuEJfLLMQr4Glx06lJtxE2TKmPjarnicnDTb66mjInaE5gVFzMKicNA3nCOq8nicaWQ/0?wx_fmt=jpeg","title":"欢迎2021级新生 | 你与东师的故事即将正式开启~","url":"https://mp.weixin.qq.com/s/6FhQ88wpEaAUPHYsGK2ERw"},{"cover":"https://mmbiz.qpic.cn/mmbiz_jpg/ysE1q5sFFFgLje6usGEzJIWuEJfLLMQrDPdRueYg6jNiaBaciaL5ibJrE4mlp1y8rJSmyB8fPP9lOd2VD7wsMgJRA/0?wx_fmt=jpeg","title":"东北师范大学学位论文封面等你来设计！","url":"https://mp.weixin.qq.com/s/DiJ55lfAevr2feFN6bbZsg"},{"cover":"https://mmbiz.qpic.cn/mmbiz_jpg/ysE1q5sFFFjgUjOQ93XqVhW4GOiaicZofueEq7cHxesL5138QvFdQVpDB0rZPtibBxybEXJFQRbrolWzKFOia38E8w/0?wx_fmt=jpeg","title":"东师·印象 | 远方有你: 在青春奋斗中逐梦行远","desc":"远方有你，强国有我！","url":"https://mp.weixin.qq.com/s/fnr-T_RXZYCQktTRyupg4w"},{"cover":"https://mmbiz.qpic.cn/mmbiz_jpg/ysE1q5sFFFhhseML5Aia5N9y9ISp3XgzkloTKibWK8DhnOGX4zR8845vTd1zM6UhwKf08BPoL306ibkyRkQ3Et2KA/0?wx_fmt=jpeg","title":"@NENUers: 做好假期疫情防护，奶牛君期待与你重逢东师校园","desc":"做好疫苗接种，守护你我健康！","url":"https://mp.weixin.qq.com/s/oFR9fB3AjHBtN5ZEo5zRmw"},{"cover":"https://mmbiz.qpic.cn/mmbiz_jpg/ysE1q5sFFFhhseML5Aia5N9y9ISp3XgzkkkYQQFUD4LMdTH934d2jV4ibQic3DziasaLmIqHLjFZ3VL9VpesmFz2Ew/0?wx_fmt=jpeg","title":"中央广播电视总台中央新影发现之旅频道对东北师范大学进行报道","desc":"强师报国，求实创造，建设一流师范大学！","url":"https://mp.weixin.qq.com/s/ORUNnlaXfh76ODRkwcOqyQ"},{"cover":"https://mmbiz.qpic.cn/mmbiz_png/ysE1q5sFFFjfUpOMSvl1Bq0xz427kIvLfJTG8MGTGE0vHzlzB0RGibczZaQ3OwqZ3BYCcFy2EtGupniayhM9MfJg/0?wx_fmt=png","title":"东师网络思政成果展 | 文字类一等奖: 爱上这座城","desc":"传承红色基因，庆祝建党百年","url":"https://mp.weixin.qq.com/s/d_s42_xIt4GX2535qQhCow"},{"cover":"https://mmbiz.qpic.cn/mmbiz_png/ysE1q5sFFFjfUpOMSvl1Bq0xz427kIvLfJTG8MGTGE0vHzlzB0RGibczZaQ3OwqZ3BYCcFy2EtGupniayhM9MfJg/0?wx_fmt=png","title":"东师网络思政成果展 | 音视频类一等奖: 一生坚守的红色理论家——郑德荣","desc":"传承红色基因，庆祝建党百年！","url":"https://mp.weixin.qq.com/s/22T9b0QXsHcJqP_36RNWDA"},{"cover":"https://mmbiz.qpic.cn/mmbiz_jpg/ysE1q5sFFFgg3owvVzmcdqZ9c1mibGZ6Lt7I5GMXtSuINHasnibZYPFBQW0KzwB7v8sphjK332LS4z7w8zYCz8Ng/0?wx_fmt=jpeg","title":"教育部官网发布东北师大校长刘益春关于《中西部欠发达地区优秀教师定向培养计划》的解读文章","desc":"促进教育公平，推进中西部欠发达地区教育高质量发展","url":"https://mp.weixin.qq.com/s/14DycmX5oBP_OGBkMgngzQ"},{"cover":"https://mmbiz.qpic.cn/mmbiz_jpg/ysE1q5sFFFgg3owvVzmcdqZ9c1mibGZ6L7b3UzZD3gbzEEicktGulcUiadNQMyGGcqSmTL0PMmObznIQTzSAzwk1w/0?wx_fmt=jpeg","title":"东北师范大学教师在首届全国高校教师教学创新大赛总决赛中喜获佳绩","desc":"不忘教育初心，力求精益求精！","url":"https://mp.weixin.qq.com/s/_bUPblgEXALpz9ujbUCVig"},{"cover":"https://mmbiz.qpic.cn/mmbiz_jpg/ysE1q5sFFFhMkXdYvnUIy4y1VP9gUMoCVbDFfC6pRRxS6JQfoy1cGLuyNJBrcBQRCrfaEzmE0cn9wlpSSHBrwg/0?wx_fmt=jpeg","title":"东北师范大学自然博物馆拍摄推出珍稀植物科普微视频","desc":"快来和奶牛君一起看看吧！","url":"https://mp.weixin.qq.com/s/LIiEL47TCXoA7uqsgxbIwg"},{"cover":"https://mmbiz.qpic.cn/mmbiz_jpg/ysE1q5sFFFiamq0J1EibldL2iavRjksNpCpnCrtESZBcF0ibP9W7jhlAvuvTmtCeQQeY0cjIloUORRj0aCSkOHPzGQ/0?wx_fmt=jpeg","title":"参军报国 不负韶华 ｜ 2021年超“燃”征兵宣传片来了！","desc":"将青春献给祖国，把热血融入山河！","url":"https://mp.weixin.qq.com/s/Nlrk9FY5JQnmIKcAcuQdFA"},{"cover":"https://mmbiz.qpic.cn/mmbiz_jpg/ysE1q5sFFFhUWHMp7xe2BKf79fjETtHpvTHyppMT4y6R4BtUtTIs5v8esXtduibgS8oicrw0fXxwbnnyciafX7Teg/0?wx_fmt=jpeg","title":"聚焦前沿 | 东北师范大学承办第十九届国际发光会议(ICL2020)","desc":"一起来涨知识吧！","url":"https://mp.weixin.qq.com/s/vw2WAeiUzZ69-aXpaEF7Ww"},{"cover":"https://mmbiz.qpic.cn/mmbiz_jpg/ysE1q5sFFFhUWHMp7xe2BKf79fjETtHpvTHyppMT4y6R4BtUtTIs5v8esXtduibgS8oicrw0fXxwbnnyciafX7Teg/0?wx_fmt=jpeg","title":"媒体 | 多家媒体报道由东北师范大学承办的第十九届国际发光会议(ICL2020)","desc":"此次会议得到多家媒体关注，让我们来一起看看吧！","url":"https://mp.weixin.qq.com/s/A1o_5QLCoJwIXD_qC4etzA"},{"cover":"https://mmbiz.qpic.cn/mmbiz_jpg/ysE1q5sFFFjln91MQEkoGZ081CasHnvKA83TWR0bjQhW9AxpwJXFGPPOajgt4XRPUj8TIbbfqSW7TIrpqVJiaKw/0?wx_fmt=jpeg","title":"守望相助！东师永远是你的坚强后盾！","desc":"风雨同舟，众志成城！","url":"https://mp.weixin.qq.com/s/WZPDMOcYNsGRltXI019qOQ"},{"cover":"https://mmbiz.qpic.cn/mmbiz_jpg/ysE1q5sFFFiaFHRKSvG8Qd5hVabubSStJGlzDTwkJA9j8IhqYYnOwxcYfibJKZ8vMeN32uRGF81tbDsiaYsnUcPqg/0?wx_fmt=jpeg","title":"聚焦前沿 | 东北师范大学邀请你参加第19届国际发光会议(ICL2020)","desc":"快来参加吧！","url":"https://mp.weixin.qq.com/s/nLkI7f59DbpTBy_ZoGIOww"},{"cover":"https://mmbiz.qpic.cn/mmbiz_jpg/ysE1q5sFFFjmcmEPYgicGXC17Ko8CkyMKMneFx69iaZLJbfX1KhNf9XK76wk6ibKT4IDSSaicfLeUDZtRAka8icIeVQ/0?wx_fmt=jpeg","title":"东师桃李 | 于洪君: 为国勇传声，立言展担当","desc":"东师精神，薪火相传！","url":"https://mp.weixin.qq.com/s/HY6o5bS5wt32yadQm69gXQ"},{"cover":"https://mmbiz.qpic.cn/mmbiz_jpg/ysE1q5sFFFiad6JEia9wsDyQkLibLvYqOxNYNYprdEPC2ia8HnNhiaMggnymFJpty36x7NcVItmuKsz3BZaDIURWRjQ/0?wx_fmt=jpeg","title":"东师桃李 | 夏青——“祖国的声音”","desc":"东师精神，薪火相传！","url":"https://mp.weixin.qq.com/s/yJE4e6sYpBa30hNt3qhOSQ"},{"cover":"https://mmbiz.qpic.cn/mmbiz_jpg/dz10wiatQOQFSG2AYMic5CXJT0vlsYCClSVI5dornxeic6ucdLoZEx2dA83br1oyzGWo62CzsjRibsraDLReRdtyFg/0?wx_fmt=jpeg&amp;random=0.3690541131110261","title":"相约东师·名师讲专业 | 专业教师带你走近哲学、思想政治教育、社会学专业","desc":"东北师范大学欢迎你的到来！","url":"https://mp.weixin.qq.com/s/frTTa8zzWBVIkHDWXO4w9A"},{"cover":"https://mmbiz.qpic.cn/mmbiz_jpg/ysE1q5sFFFhHdJ1tyF3WJfmNU9fsuU8g2MaFAQNSavGr0seXJSxo5X8Ph1LcHJMuMIgjXSSg4ImRWnIftRt8mQ/0?wx_fmt=jpeg","title":"传颂红色校史 庆祝建党百年 | 东北师范大学早期历史宣传片《光辉东师——从延安到东北》正式发布！","desc":"巍巍东师，根溯延安；白山松水，薪火相传。","url":"https://mp.weixin.qq.com/s/8tT--BPoQ9vq3LKEpUssqA"},{"cover":"https://mmbiz.qpic.cn/mmbiz_jpg/ysE1q5sFFFg4SQR1UlpVBUnAnwQibA8pwxkuea2pPsST7jcf1vLqFlYbiaTqYIBvnha5pOQibvQfQeTwgGprWsRVg/0?wx_fmt=jpeg","title":"2021届毕业典礼 | 东师与你的故事还将继续！","desc":"不负青春和岁月，未来大有可为！","url":"https://mp.weixin.qq.com/s/xzufsoEDPeaRiiLud86cVw"},{"cover":"https://mmbiz.qpic.cn/mmbiz_jpg/ysE1q5sFFFg4SQR1UlpVBUnAnwQibA8pwRrtvWlobcRDCbXLZEc2veyWicD4nxR0UvicetfDQ7Cu3TrcYV1LHCEPA/0?wx_fmt=jpeg","title":"以青春之我谱写新的百年华章——东北师大校长刘益春寄语毕业学子","desc":"以青春之我谱写新的百年华章","url":"https://mp.weixin.qq.com/s/QssnsIEsI0xPZ0AWy2Pttw"},{"cover":"https://mmbiz.qpic.cn/mmbiz_jpg/ysE1q5sFFFgEpyRXAccicuIyhbN7NxpsdhzcJMy8d4jNV0BIYMqeY0AbicTpoDcmicO7v5WshIicTGnWByaDpH3WpQ/0?wx_fmt=jpeg","title":"奶牛君带你一起“云游”东师校园！","desc":"解读招生政策，走进东师校园","url":"https://mp.weixin.qq.com/s/BXPmH2WBXyK_oUcyOv0Zsg"},{"cover":"https://mmbiz.qpic.cn/mmbiz_jpg/ysE1q5sFFFgEpyRXAccicuIyhbN7NxpsdwtXgAM9CxBncpfzb0bfCnhmrEnutmmzINXZKibAt9StA6U1o23QCpjw/0?wx_fmt=jpeg","title":"《远方有你2021》 | 东师与你，不说再见!","desc":"又是一年毕业季，《远方有你》不会缺席~","url":"https://mp.weixin.qq.com/s/l7oqS0QuI1KDM23a-yVA-A"},{"cover":"https://mmbiz.qpic.cn/mmbiz_png/ysE1q5sFFFhaxnicbrjuKIInaxok3Lv37dQRXEz0fUtVVVYGNKh6TGGUYZhAl8xicHvhsfKxKVmky9jB51tLZy7g/0?wx_fmt=png","title":"毕业季｜请带上定格在夏日的东师记忆，迈向你的锦绣前程！","desc":"叮咚！专属东师人的夏日手机壁纸来了","url":"https://mp.weixin.qq.com/s/s_azB5-TR0kLRg_WdgwHkw"},{"cover":"https://mmbiz.qpic.cn/mmbiz_jpg/ysE1q5sFFFghxtuy5rSm1h3Rd9KIe6GEErvrKqY46AhXMXNWe0HEFj3LoJibkKkYXVaNr1TTuxCxvjKKia66HZIw/0?wx_fmt=jpeg","title":"羲光隽永 科学报国 | 致敬东师校友陆家羲: 攻克两项世界数学难题的中学物理教师","desc":"学习榜样典型，践行东师精神!","url":"https://mp.weixin.qq.com/s/URqAG5GnVPmr4rxrux2rXg"},{"cover":"https://mmbiz.qpic.cn/mmbiz_jpg/dz10wiatQOQFSG2AYMic5CXJT0vlsYCClSDtO8hDNbMYXtrZ8AOsMqmd5Nn15Ut4TvpNhnsVgg3iaAAsjgVqj9Oog/0?wx_fmt=jpeg&amp;random=0.12345056268543098","title":"相约东师·名师讲专业 | 专业教师带你走近金融学、经济学、会计学、人力资源管理、市场营销、会计学(中外合作)专业","desc":"东北师范大学欢迎你的到来！","url":"https://mp.weixin.qq.com/s/MdfHsjxVJ2TIp97hk7J1ZQ"},{"cover":"https://mmbiz.qpic.cn/mmbiz_jpg/dz10wiatQOQESuaQRSsQ4gfwSmIcKiadFwPnFIkHwNeKImRNEKjIkHFq65yoOOCTW1HMiaCCnXrwPh9uAqz3qszRg/0?wx_fmt=jpeg&amp;random=0.5020514855508924","title":"相约东师·名师讲专业 | 专业教师带你走近思想政治教育(公费师范)、法学、行政管理、国际政治、政治学与行政学专业","desc":"东北师范大学欢迎你的到来！","url":"https://mp.weixin.qq.com/s/hSAKZF3mXikzS9rsrSt1AQ"},{"cover":"https://mmbiz.qpic.cn/mmbiz_jpg/ysE1q5sFFFhJjM9p7VYpohLCiav03rHibOd8RzlLoSMQwMx0ulMyLMyVm7PbtPPFXLiaicXnsyXHwX5iaUsXq75eiarg/0?wx_fmt=jpeg","title":"党史学习教育·铭记 | 东北师范大学推出系列短片《影视剧中学党史 ——电视剧&lt;长征&gt;导演访谈》","desc":"学史明理、学史增信、学史崇德、学史力行","url":"https://mp.weixin.qq.com/s/EWK4QfD6A5G2A53vRzl1mw"},{"cover":"https://mmbiz.qpic.cn/mmbiz_jpg/dz10wiatQOQESuaQRSsQ4gfwSmIcKiadFwPnFIkHwNeKImRNEKjIkHFq65yoOOCTW1HMiaCCnXrwPh9uAqz3qszRg/0?wx_fmt=jpeg&amp;random=0.5020514855508924","title":"相约东师·名师讲专业 | 专业教师带你走近思想政治教育(公费师范)、法学、行政管理、国际政治、政治学与行政学专业","desc":"东北师范大学欢迎你的到来！","url":"https://mp.weixin.qq.com/s/hSAKZF3mXikzS9rsrSt1AQ"},{"cover":"https://mmbiz.qpic.cn/mmbiz_jpg/dz10wiatQOQESuaQRSsQ4gfwSmIcKiadFwPnFIkHwNeKImRNEKjIkHFq65yoOOCTW1HMiaCCnXrwPh9uAqz3qszRg/0?wx_fmt=jpeg&amp;random=0.5020514855508924","title":"相约东师·名师讲专业 | 专业教师带你走近思想政治教育(公费师范)、法学、行政管理、国际政治、政治学与行政学专业","desc":"东北师范大学欢迎你的到来！","url":"https://mp.weixin.qq.com/s/hSAKZF3mXikzS9rsrSt1AQ"},{"cover":"https://mmbiz.qpic.cn/mmbiz_jpg/ysE1q5sFFFjjGr9FvPYaAfCBzh1I9vTqOQK0wcLWbYp73ADlFARMbxdXmTka2BVCePkadgIwKvhBtAT1CDmIgQ/0?wx_fmt=jpeg","title":"相约东师·名师讲专业 | 教授、博导带你走近教育学、小学教育、学前教育专业","desc":"东北师范大学欢迎你的到来！","url":"https://mp.weixin.qq.com/s/XrpIpjh0n-GnCHGR1m2ksg"},{"cover":"https://mmbiz.qpic.cn/mmbiz_jpg/ysE1q5sFFFjjGr9FvPYaAfCBzh1I9vTqOQK0wcLWbYp73ADlFARMbxdXmTka2BVCePkadgIwKvhBtAT1CDmIgQ/0?wx_fmt=jpeg","title":"相约东师·名师讲专业 | 教授、博导带你走近教育学、小学教育、学前教育专业","desc":"东北师范大学欢迎你的到来！","url":"https://mp.weixin.qq.com/s/XrpIpjh0n-GnCHGR1m2ksg"},{"cover":"https://mmbiz.qpic.cn/mmbiz_jpg/ysE1q5sFFFiaj7NcHf065vZ5py94je0ClTdNNCoqg2MOxsQicrOzKsMtWWIsFIia17yibiaNjuoD4wRaTbz52iaQZcIw/0?wx_fmt=jpeg","title":"相约东师·名师讲专业 | 国家级一流本科专业: 数学与应用数学、统计学","desc":"名师在校园","url":"https://mp.weixin.qq.com/s/_z9RcqOjeQqsX_44DWfguA"},{"cover":"https://mmbiz.qpic.cn/mmbiz_jpg/ysE1q5sFFFia1FLz3cVz5VrTyRVwLbtMRBeXZGibVmJUL275FOYiaR8ImSTn8QvWwhT9VsXctxpQnicg5elmTXOvew/0?wx_fmt=jpeg","title":"媒体 | 光明日报微信公众平台发布《郑德荣: 信仰坚定的“红色理论家”》纪录片","desc":"走近“全国优秀共产党员”，学习郑德荣同志精神品质。","url":"https://mp.weixin.qq.com/s/rCGavB4Hf92V138LgGLclw"},{"cover":"https://mmbiz.qpic.cn/mmbiz_png/ysE1q5sFFFiaRwuGXGQicXQItbKCH9gtLf2ORofzics568RRQy2XAFm5uibbPJddwJMfIc3SuJgAZspYuoicELxYVYA/0?wx_fmt=png","title":"科苑探骊 | 东北师范大学教师在共价有机骨架薄膜材料领域取得重要进展","desc":"聚焦科研前沿，感悟创新力量。","url":"https://mp.weixin.qq.com/s/o55v8HOx9iUQyQXduaOgBA"},{"cover":"https://mmbiz.qpic.cn/mmbiz_jpg/ysE1q5sFFFiapxc2e9loE0SfQ5nr52KL0rvq8ibWCNibXOVx3f4trwru8ich4cUIApbekeibdayd1ptT4P3ewtzK9KQ/0?wx_fmt=jpeg","title":"你好，这有一封来自初夏东师的情书等待签收！","desc":"天为纸，风为笔，云为墨，这是来自东师的深情与偏爱。","url":"https://mp.weixin.qq.com/s/IBuYagsdyrs-Nnnur9gHFQ"},{"cover":"https://mmbiz.qpic.cn/mmbiz_jpg/ysE1q5sFFFjvichDqv57RVKIIPZIMiaIxzRfL7UM6UD0RET6u7GOxyaQibx3Svpiad0YVZdqqAINiaHuM3YvKT9GPqQ/0?wx_fmt=jpeg","title":"东师桃李 | 王贵军——把全身心都交给数学教学研究的“数痴”","desc":"东师精神，薪火相传！","url":"https://mp.weixin.qq.com/s/cGoOJEaDchjxYt9uLJUNeA"},{"cover":"https://mmbiz.qpic.cn/mmbiz_jpg/ysE1q5sFFFjvichDqv57RVKIIPZIMiaIxz4AMsbenLZgxqWhK7zaqBy4QEDOh1FUnypHGv9CsSTYYyEKO6cNtBTw/0?wx_fmt=jpeg","title":"以青春之我，赴志愿之约 | 二十余年矢志不移，为东师志愿者点赞！","desc":"让青春在为祖国、为民族、为人民、为人类的不懈奋斗中绽放绚丽之花！","url":"https://mp.weixin.qq.com/s/DWyizFUjVVbC0NU8PnrKzg"},{"cover":"https://mmbiz.qpic.cn/mmbiz_jpg/ysE1q5sFFFgwKBQZnpR3mibO8hWiceYPJjeHpWmxN3OPTWeuogPDEibBTyjbjSHWVcHR1tV5PKCzq47YtpA94nNMQ/0?wx_fmt=jpeg","title":"《吉林日报》| “人民教师的摇篮”——东北师范大学为党的教育事业高质量培养人才纪实","url":"https://mp.weixin.qq.com/s/Ckbslnuf3a2E5PV74TjdgQ"},{"cover":"https://mmbiz.qpic.cn/mmbiz_jpg/ysE1q5sFFFiaPtia7IldyGlq6AdhyMjbeLX6OUkgPuMib3w5fwl4YBoYup7rpticnZDZIbPYMNINq9rH5Eer2HEggA/0?wx_fmt=jpeg","title":"东师桃李 | 林华——绽放的玫瑰","desc":"东师精神，薪火相传！","url":"https://mp.weixin.qq.com/s/y1p64gNIJ2hB4CnPqjNTOg"},{"cover":"https://mmbiz.qpic.cn/mmbiz_jpg/ysE1q5sFFFiaRwuGXGQicXQItbKCH9gtLfKficDJIUibTS7KlkgsOic75DD4bKgWWzREyueg2hOhGmQx7UszMzLYUWw/0?wx_fmt=jpeg","title":"《文蕴东师·大师·郑汝骊》 | 奶牛君带您回顾，著名化学家郑汝骊与东师的故事","desc":"东师品格多风骨，多酸科学有来人。","url":"https://mp.weixin.qq.com/s/4infV9YV-eeyaXbvBtdBlw"},{"cover":"https://mmbiz.qpic.cn/mmbiz_jpg/ysE1q5sFFFiaRwuGXGQicXQItbKCH9gtLfuBsuBqkXCctJicnEWuEXNfvx6FfNBBOZ8QnGw3ESBv5etySlosafjQw/0?wx_fmt=jpeg","title":"《人民日报》| 全国人大代表、东北师范大学校长刘益春: 建设高水平师资队伍","url":"https://mp.weixin.qq.com/s/5JY53pPECuKa00GpS6euPg"},{"cover":"https://mmbiz.qpic.cn/mmbiz_jpg/ysE1q5sFFFhfRbiciaOgtFh5tnwpe2dHJs5LILz3lOWGbtWtLo1sNCG2RX87icTfvictoy6Ny9VMlTgaHza608a5wA/0?wx_fmt=jpeg","title":"东师 | 风暖人间草木香，莫负斑斓好时光~","desc":"欢迎回到，色彩斑斓的东师~","url":"https://mp.weixin.qq.com/s/uwlaEG17fVaB3wtJGSE0gw"},{"cover":"https://mmbiz.qpic.cn/mmbiz_jpg/ysE1q5sFFFhJcmTDrZ5vFNkIticLdk9dTMUBPiczsZkTUkzy8BrmVsicMVpHeroONpKvSiacxWIDy2oltZk5Zko4Cw/0?wx_fmt=jpeg","title":"“五一”劳动节 | 向工作在东师的他们致敬、点赞！","desc":"一段温情的短视频，为东师劳动者打call！","url":"https://mp.weixin.qq.com/s/AX2XPBmdLqITMVk4nItW3A"},{"cover":"https://mmbiz.qpic.cn/mmbiz_jpg/ysE1q5sFFFgHev5WP1KUBTqESKYjicNPCqNPEg2S9xEdr8N7Jve9k3S4uiaVFyJETiaaMapibFEaoCDBj1xR2OkEiaA/0?wx_fmt=jpeg","title":"致敬最美东师劳动者 | 平凡打工人的前世今生","desc":"快来pick你心中最美的劳动者吧~~","url":"https://mp.weixin.qq.com/s/4J6JaOcoACqilFXw-KO-ig"},{"cover":"https://mmbiz.qpic.cn/mmbiz_jpg/ysE1q5sFFFia0y7HiboXMloLiad5HXNMkBEaTmkfawGt3yNlibicCvVDnHoTUAHEDBFO6zicEtNTfr9iaotbXtc8vMrtA/0?wx_fmt=jpeg","title":"我在东师，看见光","desc":"在这逐梦的年华，总有一束光时刻相随","url":"https://mp.weixin.qq.com/s/jWKb3g3kHVmvEDQP26zjXg"},{"cover":"https://mmbiz.qpic.cn/mmbiz_jpg/ysE1q5sFFFjROkjtHASAMRXKS7k9R5iaq6GdVLicq8qQicIibW5xwIztr69S3K4hHUgibyicPN3SR28WLApyJc96ZsvA/0?wx_fmt=jpeg","title":"东师“本硕博一体化拔尖创新人才培养计划”邀请你加入！","desc":"快来和奶牛君一起来了解一下吧~","url":"https://mp.weixin.qq.com/s/_bY6HZwDY1xruD2t1HbySA"},{"cover":"https://mmbiz.qpic.cn/mmbiz_png/ysE1q5sFFFia7ib92ZWwiarzyJ413c8E2WCdGZoWbeYtvxvKZzdnw0xicd47l81FaH7JJUxMPCR3HiaqTicEDUJnaOLw/0?wx_fmt=png","title":"科苑探骊 | 东北师范大学教师在生命分析与全集成生物电子学领域取得新进展","desc":"聚焦科研前沿，感悟创新力量。","url":"https://mp.weixin.qq.com/s/nBkc6sPDsaHvHYwfuwhhfQ"},{"cover":"https://mmbiz.qpic.cn/mmbiz_jpg/ysE1q5sFFFj1oYfBohVLq0MUQzCkehRcPFVhTu6XqkJRvt5QlWnKAyoAaocmtgzKJatnrTkrpkMDGo8ria4FldA/0?wx_fmt=jpeg","title":"首届全国高校教师教学创新大赛吉林赛区选拔赛在东北师范大学举行！","desc":"跟奶牛君一起来了解一下吧~","url":"https://mp.weixin.qq.com/s/2LkbuzuAdgiRb_4BMFhvCA"},{"cover":"https://mmbiz.qpic.cn/mmbiz_png/ysE1q5sFFFg2spgIAUrm3iaoKjI3HMByg99MjkokH0NnMv4V5Baric7ezZy0HTkYdeIV2KArG7qvf75VCsZSiaxDg/0?wx_fmt=png","title":"上新了食堂 | 探店！这些东师美食你吃过了吗？","desc":"“人生忽如寄，莫辜负茶、汤和好天气”！","url":"https://mp.weixin.qq.com/s/TdzvMJu7llvJtf3-2X_Fbg"},{"cover":"https://mmbiz.qpic.cn/mmbiz_jpg/ysE1q5sFFFjwdNeJ4b1DHBPfR0bNM3jzp6EvGnyGrkxBpgce8ExGv3OtMNU16K2Mic5A8iaKG0O7Eic5EmNpNvj0Q/0?wx_fmt=jpeg","title":"传唱红色校歌，迎接建党百年 | 东北师范大学2021版校歌MV正式发布！","desc":"2021版校歌正式版来啦！","url":"https://mp.weixin.qq.com/s/rSZDoSMrbfT4AmdapKBV9A"},{"cover":"https://mmbiz.qpic.cn/mmbiz_jpg/ysE1q5sFFFhL2oXJ7UOQyNicJQ60XzUaxYLoRibT9xjIdnZKkpdPbPoAicRDo9ArxAZhJ35uCxgPz0Mk2JbssxYMg/0?wx_fmt=jpeg","title":"爱了！不曾见过的东师夜晚","desc":"这里是东北师范大学，现在是北京时间22点整。","url":"https://mp.weixin.qq.com/s/Dhe8RIKJ2eB4jzKMzL0NaQ"},{"cover":"https://mmbiz.qpic.cn/mmbiz_jpg/ysE1q5sFFFjJ7AP4w1dBn4icQqdic8ddt5HoVOtpOzzr2v6qYolcvpLPQmSDiaVqG0J4iaj32klBtCVDoCR4a91UmQ/0?wx_fmt=jpeg","title":"东师桃李 | 易茗——以平实简单筑就辉煌的“至真词作家”","desc":"东师精神，薪火相传！","url":"https://mp.weixin.qq.com/s/N9q0YjL4UWwrCTEDwWpd_A"},{"cover":"https://mmbiz.qpic.cn/mmbiz_jpg/ysE1q5sFFFjibrAJHR7Rmr02YvibLTLnob2YhfQiaT32KAiaMU3ficnKB70rfEGv1FFG7EW8nbChxuGWpOVW7UWbQ2w/0?wx_fmt=jpeg","title":"初春·东师","desc":"东师@你去赴一场春日盛宴~","url":"https://mp.weixin.qq.com/s/fSkGVsEi3xdENAgBCp0Kfw"},{"cover":"https://mmbiz.qpic.cn/mmbiz_jpg/ysE1q5sFFFgkL6ODL8YZYs4kQXEPmRnS1jlaw1DhgibhQHHMF5t1o5qD9Le8MSPT9tWibdXwkaxGQsU61rw4ZHJA/0?wx_fmt=jpeg","title":"先睹为快 | NENUer们期待已久的《人文数学》出版啦！","desc":"快和奶牛君一起来聆听高夯老师对《人文数学》的思考吧~","url":"https://mp.weixin.qq.com/s/AK3W-2DidM9v1ZhGergLiA"},{"cover":"https://mmbiz.qpic.cn/mmbiz_png/ysE1q5sFFFgoB3ONJpNM55cKIbRNEkfJQScCjnHB1CpmQucqwNZOmIt3Vrg3gtNSZTJicsiaq6Z7QicbjBYbqMV0w/0?wx_fmt=png","title":"科苑探骊 | 东北师范大学宽谱响应型量子点光伏器件研究取得新进展","desc":"聚焦科研前沿，感悟创新力量。","url":"https://mp.weixin.qq.com/s/ghdCvwwxgEK_nk6P4VW1ZA"},{"cover":"https://mmbiz.qpic.cn/mmbiz_png/ysE1q5sFFFh35v9icZyzum1MO4FmNWUbgr9apeibAAtfTGpMdBa8PwCxClmVhIJkgMIIpPVXn5hQ5vUBSAS7aBzA/0?wx_fmt=png","title":"大片来袭！看NENUer的春天穿什么？","desc":"叮咚~你期待的春日穿搭已送达！","url":"https://mp.weixin.qq.com/s/Ft08hcHOqGy6NYij8KhUpA"},{"cover":"https://mmbiz.qpic.cn/mmbiz_jpg/ysE1q5sFFFjFobRvFOtJfIVIUTWPm6UuvVSGqibfXIiaxvHzEMQmEMWBZUUzZIAC2L1365S3Tg2qAUkwnYmjdGVg/0?wx_fmt=jpeg","title":"春天来啦，NENUer快跑！","desc":"春暖花开，东师人一起“犇”赴新征程吧！","url":"https://mp.weixin.qq.com/s/kNsn703E4J9XZMSC79Ff7Q"},{"cover":"https://mmbiz.qpic.cn/mmbiz_jpg/ysE1q5sFFFiaXnXUx3G4TU9FaZKzAqFnxKN2sBuN13AUZV1HP1ga3nTn8hiaMQBT7J2OyBsicOZL2EJpOx26UD0Qg/0?wx_fmt=jpeg","title":"迎建党百年·党史铭记｜学习！习近平总书记对学习党史提出9方面要求","desc":"学史明理、学史增信、学史崇德、学史力行。","url":"https://mp.weixin.qq.com/s/NfL2pA-XOTWjOY1e5cWxbg"},{"cover":"https://mmbiz.qpic.cn/mmbiz_jpg/ysE1q5sFFFiad6JEia9wsDyQkLibLvYqOxNHyRibVVlU6v6gL1eJeRr1IsF0xfFHqPLffAU3oH3ZF9wnickOaCQibfiaA/0?wx_fmt=jpeg","title":"东师桃李 | 孙立春——教坛无涯勤为径，立德树人敢为先","desc":"东师精神，薪火相传！","url":"https://mp.weixin.qq.com/s/noKFs3-ewAmauAa9pwfneA"},{"cover":"https://mmbiz.qpic.cn/mmbiz_jpg/ysE1q5sFFFjD01fibB2Drp0cHiaFBXVhzamicKcVbSlDXMfHXKxbYClWG6GGpicWRBLBBjfhQnicNNPdUuI6icRRXS4Q/0?wx_fmt=jpeg","title":"我们，这样记住你","desc":"缅怀英烈，遥寄追思。","url":"https://mp.weixin.qq.com/s/qmcBRVbe2y10ZL0XmYE1Kw"},{"cover":"https://mmbiz.qpic.cn/mmbiz_jpg/ysE1q5sFFFiadFibwaZLYcibiaWV6JrjI7B4GYpTYkdaDZ55qey6L9sfhcxia0ULr24gicL63Va8hDrYQ9UxRMfRKaBg/0?wx_fmt=jpeg","title":"新同学，你好! 你有一封东北师大的录取通知书等待查收!","desc":"东师与你，不见不散","url":"https://mp.weixin.qq.com/s/H259b9YTQwEBp5kFwnKCSg"}]}