{"name":"青年力量","detail":"东北师范大学体育学院","desc":"消息发布、工作通知、活动展示、教育引导","id":"dongshidike","logo":"https://mp.innenu.com/img/media/pe.png","qrcode":"img/media/pe-qrcode.jpg","article":[{"cover":"https://mmbiz.qpic.cn/mmbiz_jpg/9opNmOhpWG3bVf8KA7iaxjCYPL4Q1E2zXMbzAV7DeDgxIhdTzUxz8XWhvZX9lcn43758mXonZrcfC0rtRzia5DFA/0?wx_fmt=jpeg","title":"东师体院快讯 | 东北师范大学体育学院举办2021级研究生入学教育大会","desc":"东北师范大学体育学院举办2021级研究生入学教育大会","url":"https://mp.weixin.qq.com/s/q6iQbPWvmPThBgvkBDHEXQ"},{"cover":"https://mmbiz.qpic.cn/mmbiz_jpg/9opNmOhpWG1eMQMObxr1f9rLFBtmsOIrER3dzmvKUQ5GMSwHl6hwCVhQkIReQOPNSLoAeeiaFHuCPHdxF40VYGA/0?wx_fmt=jpeg","title":"东师体院快讯 | 2021级新生，欢迎你们","desc":"2021级新生，欢迎你们","url":"https://mp.weixin.qq.com/s/hzvNXnlpVm90Yu-MDcm-LQ"},{"cover":"https://mmbiz.qpic.cn/mmbiz_jpg/9opNmOhpWG0xEfeiafvYulGvqrtlEs6Lic8zOprfOsAY84TVeNCAL2raF9hLxtuOSQCoY5dOeZqnKsUL0Sb2F0ow/0?wx_fmt=jpeg","title":"东师体院快讯 | 东北师范大学体育学院学生基本功大赛举行","desc":"东北师范大学体育学院学生基本功大赛举行","url":"https://mp.weixin.qq.com/s/m8Ayahnlzfd2Nl1BwFKiVg"},{"cover":"https://mmbiz.qpic.cn/mmbiz_jpg/9opNmOhpWG2zvwRciaaTRyIVjovAc4WffeOoL74fGftQl6JGXqVaLltkUib0qbrZetsciacTvibJFvn91xEDJnwY9A/0?wx_fmt=jpeg","title":"东师体院快讯 | 2021级体育学院本科生校内迎新定向越野赛","desc":"2021级体育学院本科生校内迎新定向越野赛","url":"https://mp.weixin.qq.com/s/Un7FHSVq__Eqhe7xMLq-5g"},{"cover":"https://mmbiz.qpic.cn/mmbiz_jpg/9opNmOhpWG1eMQMObxr1f9rLFBtmsOIrsVTiaHP0piccicq8DnicX61AibMPoHlMDthbXiag4fTPsPWTu8OJFSqibupGQ/0?wx_fmt=jpeg","title":"东师体院快讯 | 我院范尧教授、柴娇教授获批国家社会科学基金项目","desc":"我院范尧教授、柴娇教授获批国家社会科学基金项目","url":"https://mp.weixin.qq.com/s/XpJdQstjyVPcXxjYVj6oag"},{"cover":"https://mmbiz.qpic.cn/mmbiz_jpg/9opNmOhpWG0iawKIhBqfc7nzxslAeaCTOVQOicBWJrBexibh3nZ2KdYXVPSF5D6Cd61kBiacwHliceGI7G2jFvdibaDw/0?wx_fmt=jpeg","title":"东师体院快讯 | 2021年教育实习动员大会圆满结束！","desc":"2021年教育实习动员大会圆满结束！","url":"https://mp.weixin.qq.com/s/ONtepCLiucuvgGhZ7rVeTQ"},{"cover":"https://mmbiz.qpic.cn/mmbiz_jpg/9opNmOhpWG0iawKIhBqfc7nzxslAeaCTOvw5BPIJb7vA8hKAFo307aic0HkuBYYWeIMB5DwZicxNePC1ICHhBZlWg/0?wx_fmt=jpeg","title":"东师体院快讯 | 体育学院举行加强学生社团规范化管理工作研讨会","desc":"体育学院举行加强学生社团规范化管理工作研讨会","url":"https://mp.weixin.qq.com/s/B4aV1c8sddxgwc0OakvkOQ"},{"cover":"https://mmbiz.qpic.cn/mmbiz_jpg/9opNmOhpWG0iawKIhBqfc7nzxslAeaCTOvw5BPIJb7vA8hKAFo307aic0HkuBYYWeIMB5DwZicxNePC1ICHhBZlWg/0?wx_fmt=jpeg","title":"东师体院快讯 | 体育学院举行加强学生社团规范化管理工作研讨会","desc":"体育学院举行加强学生社团规范化管理工作研讨会","url":"https://mp.weixin.qq.com/s/B4aV1c8sddxgwc0OakvkOQ"},{"cover":"https://mmbiz.qpic.cn/mmbiz_jpg/9opNmOhpWG05tRjtCicY5ax6Rsq2FUcicXMwsdrCydE6uwNawIscwHVfPCFLd0ACv40dbjn2HWhLjmtGe86yRfGg/0?wx_fmt=jpeg","title":"东师体院快讯 | 2021级东师体院新生入学指南来啦!","desc":"新生入学指南——干货都在这！","url":"https://mp.weixin.qq.com/s/VZztBZjLDee9FB4f2nUcHA"},{"cover":"https://mmbiz.qpic.cn/mmbiz_jpg/9opNmOhpWG0YvxMKFDanlwlsM4ib7ZjyzdCJVJcsCTjknVSBIPRrq9yConvA3ASZLzuqA4XgcmAydfUVHSFiau3w/0?wx_fmt=jpeg","title":"东师体院快讯 | 学院多措并举做好疫情防控常态下的学生返校工作","desc":"学院多措并举做好疫情防控常态下的学生返校工作","url":"https://mp.weixin.qq.com/s/m_cihl8prVD5Lwpk5YfBGw"},{"cover":"https://mmbiz.qpic.cn/mmbiz_jpg/9opNmOhpWG1icxAKvv6LEqoLP88vypeUvoDuWCqPIiaKFD1bEVcct59oicezR2YSN7aL6Jju4xiczvbicQoM5slZQJQ/0?wx_fmt=jpeg","title":"东师体院快讯 | 我院张守伟教授在《中国教育报》发表评论文章","desc":"我院张守伟教授在《中国教育报》发表评论文章","url":"https://mp.weixin.qq.com/s/xr135YmcwbvFqJZotZ7zeA"},{"cover":"https://mmbiz.qpic.cn/mmbiz_jpg/9opNmOhpWG0GWNYteHqU5C3qFjGiafwyv6iayC6wYyF7ClTQicYmZicr5zGpz4ge4icqwIywg2tTvFx5Kon8dWevibpw/0?wx_fmt=jpeg","title":"东师体院快讯 | 我院杨光教授在中国体育报发表署名文章","desc":"我院杨光教授在中国体育报发表署名文章","url":"https://mp.weixin.qq.com/s/RfljGI23epx7jzv-snCDrQ"},{"cover":"https://mmbiz.qpic.cn/mmbiz_jpg/9opNmOhpWG3h5XOTwjVzUKwDDuEfSXE2iaYaDGJDZShMWiafqANtsRugSRtEzBZIAsbeYRD95BNkyvKRz78KYUbQ/0?wx_fmt=jpeg","title":"东师体院快讯 | 2021年长春市青少年日常公益培训活动圆满落幕","desc":"2021年长春市青少年日常公益培训活动圆满落幕","url":"https://mp.weixin.qq.com/s/hPlE9O2PCuXGESwfAbVPvg"},{"cover":"https://mmbiz.qpic.cn/mmbiz_jpg/9opNmOhpWG0GWNYteHqU5C3qFjGiafwyv6iayC6wYyF7ClTQicYmZicr5zGpz4ge4icqwIywg2tTvFx5Kon8dWevibpw/0?wx_fmt=jpeg","title":"东师体院快讯 | 我院杨光教授在中国体育报发表署名文章","desc":"我院杨光教授在中国体育报发表署名文章","url":"https://mp.weixin.qq.com/s/R3sSwDzKHOkXLnTKJUYraw"},{"cover":"https://mmbiz.qpic.cn/mmbiz_jpg/9opNmOhpWG1dPf7INQg6G793PYWzcjvsI8ThdtftF65lqCB1OEpicib2z5WfP6f03G9bXPK01z6vCOib2ETc008xQ/0?wx_fmt=jpeg","title":"东师体院快讯 | 第20届大田赛杭州鸣枪 马越强势出击再添一金","desc":"第20届大田赛杭州鸣枪 马越强势出击再添一金","url":"https://mp.weixin.qq.com/s/yKG6lubaJWWJQ3aReKB4jQ"},{"cover":"https://mmbiz.qpic.cn/mmbiz_jpg/9opNmOhpWG3GoDicALqQuyibrlwPgXRCuAz2lTxg3TFMVpTzw4k2djBtrna71cLTgqzSYD4jNiavicTWT9N7F8Ldfg/0?wx_fmt=jpeg","title":"东师体院快讯 | 关于加强暑期安全管理的通知","desc":"关于加强暑期安全管理的通知","url":"https://mp.weixin.qq.com/s/TYgcw9fisy1R_rSDWBStvQ"},{"cover":"https://mmbiz.qpic.cn/mmbiz_jpg/9opNmOhpWG3GoDicALqQuyibrlwPgXRCuAJ57aLgCKYl2w1b64L7FvTmW3mcznEsLFJBSiaubdITsuBQLN7aqwibJg/0?wx_fmt=jpeg","title":"东师体院快讯 | 我院三个本科专业在“软科”、“校友会”中国大学专业排名中获佳绩","desc":"我院三个本科专业在“软科”、“校友会”中国大学专业排名中获佳绩","url":"https://mp.weixin.qq.com/s/agwWEK_HQwENb5QgSTRoUA"},{"cover":"https://mmbiz.qpic.cn/mmbiz_jpg/9opNmOhpWG2ESgY7PjWxlIU7NNhyQrTKicxjXmN4iaic5dZ0ekcmxZO5JpwW3yIAstWOI08aiaibrDSqXLUrIafCL2w/0?wx_fmt=jpeg","title":"东师体院快讯 | 我院师生4篇论文入选第十四届全国学生运动会科学论文报告会","desc":"我院师生4篇论文入选第十四届全国学生运动会科学论文报告会","url":"https://mp.weixin.qq.com/s/r9p8LellPnM2nV-X8IllSg"},{"cover":"https://mmbiz.qpic.cn/mmbiz_jpg/9opNmOhpWG1ibeEKVKyeXwXw7PXaqwUMtCcyrX0KmyFibOpHPdYumxrWU7N7IxASxc5ydhJk1fcJNjuNibNJbvSaw/0?wx_fmt=jpeg","title":"东师体院快讯 | 全国第十四届学运会闭幕 东师学子闪耀青岛","desc":"全国第十四届学运会闭幕 东师学子闪耀青岛","url":"https://mp.weixin.qq.com/s/zq11WsXRkrVjikge4xGRXA"},{"cover":"https://mmbiz.qpic.cn/mmbiz_jpg/9opNmOhpWG3RuuhpnaeyJWaBaOow8baicBdA2LhcMAa1lib4BJic2ZGmWic5pULNXvVT3eLiax85v2KRacl5ohAwBsg/0?wx_fmt=jpeg","title":"东师体院快讯 | 学运会东师速报 东师制造吉林省代表团首金！女子铅球马越摘金","desc":"学运会东师速报 东师制造吉林省代表团首金！女子铅球马越摘金","url":"https://mp.weixin.qq.com/s/Y0SFkf_Gm6T9ovseYO3RXg"},{"cover":"https://mmbiz.qpic.cn/mmbiz_jpg/9opNmOhpWG0k43HVtZH8f2q8jLmDNalz0Fg3N3icW3gSicd48Lydmz36eRqB24C7rVoGHydXo26Dx3I4k52Aa95Q/0?wx_fmt=jpeg","title":"东师体院快讯 | 学运会东师速报 武术项目大学组完赛 男女队双双登上领奖台","desc":"学运会东师速报 武术项目大学组完赛 男女队双双登上领奖台","url":"https://mp.weixin.qq.com/s/ei4624WJhaaFRUD0hUjIBg"},{"cover":"https://mmbiz.qpic.cn/mmbiz_jpg/9opNmOhpWG1ia6AD4M9H9lnPQa5r318YxiaxbE584xV21MtUXN1BkmTCiaHdqibwibficicP9SiaKshUEW2rGqhxzmBjGw/0?wx_fmt=jpeg","title":"东师体院快讯 | 东北师范大学体育学院举行庆祝中国共产党成立100周年主题升旗仪式","desc":"东北师范大学体育学院举行庆祝中国共产党成立100周年主题升旗仪式","url":"https://mp.weixin.qq.com/s/ICBY8kYkWBLHUJxBvxLwsw"}]}