{"name":"东北师大萤火支教团","detail":"东北师范大学萤火支教团","desc":"用生命感动生命","id":"yinghuozhijiao","logo":"https://mp.innenu.com/img/association/yinghuo.png","qrcode":"https://mp.innenu.com/img/media/yinghuo-wx-qrcode.jpg","article":[{"cover":"https://mmbiz.qpic.cn/mmbiz_jpg/icxv22eW8RQe3sFZr8jSON4AOHF3ftu83gibWDBCKEdNTzgdpAnODnOLYZm9SagPNB2TT7R5OrQ9OcgWtwh3jCjw/0?wx_fmt=jpeg","title":"萤火支教团2021年暑期沂南县支教总结","desc":"半夏彼岸 似水流年 感谢相遇 不负遇见","url":"https://mp.weixin.qq.com/s/bgsSnxuiGRUVkPEjfOJ1AA"},{"cover":"https://mmbiz.qpic.cn/mmbiz_jpg/icxv22eW8RQeib61ojczS0pnEJyicSL0Q7RgIeQwFia8xKBTVmSIicyIdES6Fjb027RHZNqgmR01yPaM8M3TkPRXOvQ/0?wx_fmt=jpeg","title":"东北师范大学萤火支教团开学第一课","desc":"让青春绽放在最美丽的地方","url":"https://mp.weixin.qq.com/s/ZpGDW_QGMxqU9NKsCrBPuQ"},{"cover":"https://mmbiz.qpic.cn/mmbiz_jpg/icxv22eW8RQcPackkAf8CpMJrYGiczWibcFqO4zhAKj8HicMP2gfxf40vEDviaOFzIIUoODJxIibY9akle5yz45libia0g/0?wx_fmt=jpeg","title":"第一次素质拓展，久等啦！！","desc":"2019第一次素拓，终于来啦~","url":"https://mp.weixin.qq.com/s/v7w5fpeYrtSoGRld78ex8g"},{"cover":"https://mmbiz.qpic.cn/mmbiz_jpg/icxv22eW8RQdtiacfiaEF60OyU9C1pv8bGicJgo24oa2LnNzTWibDc9ibzFP5bNJNyVzLpvvKjBBLQUiaIoMPicRAv8WRQ/0?wx_fmt=jpeg","title":"秘密行动？秘密行动！","desc":"萤火虫们突然齐聚北苑，究竟......","url":"https://mp.weixin.qq.com/s/EVcuaBVLhjT9RxB65Hb6xw"},{"cover":"https://mmbiz.qpic.cn/mmbiz_jpg/icxv22eW8RQciatboEVJS90TEfJwt7GicJVKFUeESs6dPo5sCAdvc2cER34l5g8Qh3zj4aBZyVNGIhb1I7icVXC4iaQ/0?wx_fmt=jpeg","title":"东北师范大学萤火支教团再次出发啦！","url":"https://mp.weixin.qq.com/s/D9CsOX5stv-3gJug3AtTFQ"},{"cover":"https://mmbiz.qpic.cn/mmbiz_jpg/icxv22eW8RQeia3hO7gVibXiarLOtThNs6P9Z2z6CAqjAKgyicOeDu3cu0jC3L5ZUY14NTs5pmvE6U1Im7wEooKwYEQ/0?wx_fmt=jpeg","title":"素质拓展&amp;送老会 | 与萤火的“约会”","desc":"经历了“电闪雷鸣”的周日，你还记得周六的“约会”吗？","url":"https://mp.weixin.qq.com/s/ZbvOOc_KPrH5gnNDOidqMA"},{"cover":"https://mmbiz.qpic.cn/mmbiz_jpg/icxv22eW8RQfHBicFN4yWPzwDXq6k3trf0rVfHD8floJ17hLeEon00MhGCwYOia2aABOT7xnNUicrBhicMbbrHp33dQ/0?wx_fmt=jpeg","title":"萤火支教团2019年第二次见面大会","desc":"期盼着，期盼着，萤火支教团纳新之后的见面大会终于来喽！","url":"https://mp.weixin.qq.com/s/P4PYwfUhhcNka6wKtFvD6w"},{"cover":"https://mmbiz.qpic.cn/mmbiz_jpg/icxv22eW8RQfV8XSDsdUoibRQ1RrOereScanYiaSEcmau8ol3vicHU09zJ7DJNBE7EeoPjqvjnB8NMXKq4TPk87S6w/0?wx_fmt=jpeg","title":"与萤火的2018与2019","desc":"美味的糖果，温暖的祝福，还有你和我与萤火的2018与2019~","url":"https://mp.weixin.qq.com/s/YEN3_1gSInEZ6FD5eJmnWQ"},{"cover":"https://mmbiz.qpic.cn/mmbiz_jpg/icxv22eW8RQeJFT07KX8wib1EBkynTGlLh0ltKkvg4PsRlNhsEegjOvQaV0GK3biaD6GWzASGcpzbtP0SzU0G1JBQ/0?wx_fmt=jpeg","title":"「萤火支教团第一次见面大会」","desc":"小萤火虫儿，终于等到你们~欢迎加入萤火支教团！","url":"https://mp.weixin.qq.com/s/gLT5t9a0Wc45c3WG1MG5gw"},{"cover":"https://mmbiz.qpic.cn/mmbiz_jpg/icxv22eW8RQestJbep5DWKSRARPdOWTNzo2EP5erRUpUprVrTtsiaVgicXiaTcBe9fFia9j15Te0wNOico0EkZV36QZg/0?wx_fmt=jpeg","title":"震惊！你们在玩啥？！","desc":"萤火支教团七点青春第一弹来袭","url":"https://mp.weixin.qq.com/s/N5cmj9jEyf6oizeQuYNDmg"},{"cover":"https://mmbiz.qpic.cn/mmbiz_jpg/icxv22eW8RQcBgpgbmkPZqarmXqQxclJPDWFiaqfkU45nN946mIXHr5lNGl6MTsx0bej6gub6bsVrah1pibiaK7PibA/0?wx_fmt=jpeg","title":"【萤火第二次素拓】18寒冬，感谢相伴","desc":"萤火的第二次素质拓展来了~","url":"https://mp.weixin.qq.com/s/lrw3upJtxQiHewHMfA19cg"},{"cover":"https://mmbiz.qpic.cn/mmbiz_jpg/icxv22eW8RQeJFT07KX8wib1EBkynTGlLh0ltKkvg4PsRlNhsEegjOvQaV0GK3biaD6GWzASGcpzbtP0SzU0G1JBQ/0?wx_fmt=jpeg","title":"「萤火支教团第一次见面大会」","desc":"小萤火虫儿，终于等到你们~欢迎加入萤火支教团！","url":"https://mp.weixin.qq.com/s/gLT5t9a0Wc45c3WG1MG5gw"},{"cover":"https://mmbiz.qpic.cn/mmbiz_jpg/icxv22eW8RQciakmlNn5qhnP9TcRyJvydFW2baMupqs4kAc6WnAQCnNzHEW0j2m0njef6PoRpQV7w6bNX3a7ibiblw/0?wx_fmt=jpeg","title":"再见、不负遇见","desc":"一站的结束，另一站的开始，期待、期待、期待……","url":"https://mp.weixin.qq.com/s/itJ-riyGA6gRatWC7qsMrA"},{"cover":"https://mmbiz.qpic.cn/mmbiz_jpg/icxv22eW8RQficCNibnpXcBicVUpcm7GMWkEdOlsGmdia0Q34BuPLrbuEfGcMHT8rBiaOQLUpKTxDlUmibzPw5uCiaViaRQ/0?wx_fmt=jpeg","title":"支教札记: 来日仍有晴空万里 飘于远方你我路上","desc":"徐徐回望 曾属于彼此的晚上  红红仍是你 赠予我的心中艳阳 一瞬太短 有太多东西要讲 如今只可回忆这最美的时光。","url":"https://mp.weixin.qq.com/s/4yH8ftPG-UZ2HjWl-wY_zA"},{"cover":"https://mmbiz.qpic.cn/mmbiz_jpg/icxv22eW8RQdgHjbxm5Vq8Sx6E1sbN7YscDOKHAIQRI3xsySibweJRM6FX2m3zIkic6juvOoiawNpHXQDNkPbc70mQ/0?wx_fmt=jpeg","title":"历练·积累·感恩·回馈","desc":"根植梦的种子，期待漫天芬芳","url":"https://mp.weixin.qq.com/s/GU2vy3lPeTvQOFRx-v14lw"},{"cover":"https://mmbiz.qpic.cn/mmbiz_jpg/icxv22eW8RQfmqlGG7icAib6cInIRJCHydkIgLlHgrAFgelqXiauvocnXStPiaerahmWEdNNjUgbUqZ428pq7ZTib7Yw/0?wx_fmt=jpeg","title":"成长路上，你我相伴","desc":"心中有绿，脚下留青","url":"https://mp.weixin.qq.com/s/AF0cCTnLQzspSw3NH78FIg"}]}