{"title":"选课参考","author":"Mr.Hope","time":"2021年9月7日","shareable":true,"content":[{"tag":"title","text":"选课参照"},{"tag":"p","text":["选课参照主要有两方面，一是课程表，二是学长学姐的建议。"],"style":"text-indent: 1.5em; "},{"tag":"text","type":"info","heading":"课程表","text":["课程表上的课程建议都选上，除非某些专业选修课的确很难而且自己没兴趣并已经选好了同等学分的别的选修课，或是已经提前修过了。"]},{"tag":"text","type":"info","heading":"学长学姐的建议","text":["由于思想政治理论课、体育课以及教师资格课等都有多个老师开课，不同的老师风格、要求不同，也就适合不同的同学。所以关于选课，大家可以去咨询一下自己的学长学姐。","选修课有很多种，大家注意某一门课如果学长学姐说比较好，一定要问好课程名称以及任课老师，除了课程外老师也很重要。"]},{"tag":"title","text":"注意事项"},{"tag":"text","type":"warning","heading":"尽量不要选其他学院专业课","text":["除了你打算转专业，或者你们专业明确在课程计划中注明建议、推荐或正常情况下应该选修某个专业的课程，否则不要选择其他专业的课程。","专业课期末考试时间为开课学院制定，各学院之间很容易冲突。如果考试时间冲突，您就需要通知双方学院这件事情并期望双方学院解决冲突。很多情况下，双方学院可能都不会调整考试时间，这个时候你就必须要申请某一门课程的缓考，在下一学期开始时参加考试。这个时候就是所谓的二卷，而很多教授会把简单的题目作为期末卷子，这会变相提高你的考核难度。","学校课堂都是开放的，如果只是兴趣爱好想听课可以蹭课，除非铁了心要搞辅修或者双学位，或者是大三下、大四自己学院已经没专业课要修就是单纯的感兴趣，可以考虑外，Mr.Hope 真心不建议大一大二不符合上述条件的人去修读其他专业(尤其是跨学院)的专业课。"]},{"tag":"text","type":"warning","heading":"不能选择自己学院的通识选修课","text":["自己学院开的通识选修课一定一定一定不能选，没有学分!!!","这个规定的原因是通常自己学院开设的内容会在专业课中涉及，而且考核对于本专业的同学过于简单，所以修读此类课程在大多数情况下没有意义。"]}],"id":"guide/select/reference","scopeData":{"@type":"general","uniq_id":"guide/select/reference","title":"选课参考","digest":"选课参照主要有两方面，一是课程表，二是学长学姐的建议。课程表 课程表上的课程建议都选上，除非某些专业选修课的确很难而且自己没兴趣并已经选好了同等学分的别的选修课，或是已经提前修过了。学长学姐的建议 由于思想政治理论课、体育课以及教师资格课等","thumbs":["https://mp.innenu.com/img/inNENU.jpg"],"tags":["选课参照","注意事项"]}}