{"title":"in东师咨询群","author":"Mr.Hope","time":"2021年11月22日","shareable":true,"content":[["title",{"text":"in东师咨询群"}],["img",{"src":"https://mp.innenu.com/img/about/innenu.jpg","desc":"群内 Mr.Hope 和 Mrs.Hope 会对小程序未涉及到的内容解答"}],["title",{"text":"相关说明"}],["text",{"text":["欢迎进群"]}],["ul",{"text":["对小程序未涉及到的内容进行提问","反馈小程序错误","提交小程序的反馈与建议"]}]],"cite":[],"id":"guide/prepare/qq-group/innenu","images":["https://mp.innenu.com/img/about/innenu.jpg"]}