{"name":"NENU艺术团","detail":"东北师范大学生艺术团","desc":"关注东北师范大学生艺术团，及时掌握东师校内活动信息，了解关于艺术的所有。我们能做到的还有更多！","id":"nenuyishutuan","logo":"https://mp.innenu.com/img/organization/daYi.png","qrcode":"https://mp.innenu.com/img/media/art-ensemble-wechat.jpg","article":[{"cover":"http://mmbiz.qpic.cn/mmbiz_jpg/PgEYqPkxb6jkpKrGobM22cbrtQrd1fG2bj1d1TdTkUZ0qfnMqV0yrtaXYJfu1jib1mibRLWart04siaiboj39Nsj2w/0?wx_fmt=jpeg","title":"有朝“艺”日——大学生居家艺术生活展终篇","desc":"大艺学子的居家艺术生活(内附获奖名单)","url":"https://mp.weixin.qq.com/s/INKyXAMp967EzjFWXPEbQg"}]}