{"name":"东师大学生创业中心","detail":"东北师范大学大学生创新创业中心","desc":"大学生创业中心，一个富有激情的团队，等待着你与我们一起共创辉煌。","id":"chuangyezhongxin","logo":"https://mp.innenu.com/img/organization/daChuang.png","qrcode":"https://mp.innenu.com/img/media/career-center-wechat.jpg","article":[{"cover":"http://mmbiz.qpic.cn/mmbiz_jpg/z1ZYpnEmdBHSwoNZUK6QJm0tRxXbvmo4c6lkg3ZAB1WGykaThfdSuWVltqlGfdxvhhb4icN8DLTJvEtlQkfrM0Q/0?wx_fmt=jpeg","title":"净月|大例会暨破冰大会","url":"https://mp.weixin.qq.com/s/__EpDBu54u42kU_-S-FJpw"},{"cover":"http://mmbiz.qpic.cn/mmbiz_jpg/z1ZYpnEmdBEtv3AUyft491wrbFiblsexiaicwHADp1TfVd0xpmewPK7hrdj0eHHhe1CbuwVfSwicPKMicPUMSslveBg/0?wx_fmt=jpeg","title":"大创纳新圆满结束啦!","url":"https://mp.weixin.qq.com/s/uMH1E1NJS-SqtJC2IVxM5A"},{"cover":"http://mmbiz.qpic.cn/mmbiz_jpg/z1ZYpnEmdBE24Jav1M6IpptjWFM8K14ARnBOGkRUfwkto34H9bIJQXKSW1xxp4nQ3EC8RcAE3FPgWaR7XAOUCw/0?wx_fmt=jpeg","title":"大学生创新创业中心纳新了!","desc":"携手趁韶华，笃志意更佳。","url":"https://mp.weixin.qq.com/s/ExVBy6vEvzsLMguH6__ctw"},{"cover":"http://mmbiz.qpic.cn/mmbiz_jpg/lJjFqCwjlePnyPxiar4rHLnbibrAAdpFDZPgGAXvym6UOicAyDRtKWhrdAUmD8o3s2JVTcsnBhvbExnxFnsPhFFnw/0?wx_fmt=jpeg","title":"转载 | “千校万岗·就业有‘位’来”吉林省2021届高校毕业生就业IT行业专场空中双选会-正式启动!","desc":"IT行业，“职”等你来!","url":"https://mp.weixin.qq.com/s/l2irpnu7yyk9iEN2k_gifQ"},{"cover":"http://mmbiz.qpic.cn/mmbiz_jpg/z1ZYpnEmdBECTVnwOnibfXPthr1Jc1aYmRmDBXem7r9H6Czlib3lpOliaEHUV7ecQ4eJeTp2tNIbxia4N1Iy4UriaAA/0?wx_fmt=jpeg","title":"【三下乡】东北师范大学: 支教助学点燃青春梦想","desc":"【三下乡】东北师范大学: 支教助学点燃青春梦想","url":"https://mp.weixin.qq.com/s/I2W9asHAGe6G3UfGyTrtIQ"},{"cover":"http://mmbiz.qpic.cn/mmbiz_jpg/z1ZYpnEmdBFAUCIFo0qwQnhibRPmOva4LCKwiaJ3LDQOohLLBiawafmEkB9rgqn1FuNhyukiaRnWiaM0Rbkg7IDObicQ/0?wx_fmt=jpeg","title":"【我的返家乡实践故事】纽瓦克学院(二)抗击疫情，做有为青年|第56辑","desc":"【我的返家乡实践故事】纽瓦克学院(二)抗击疫情，做有为青年","url":"https://mp.weixin.qq.com/s/rMof4y8VeNZsAzmkJpcFyQ"},{"cover":"http://mmbiz.qpic.cn/mmbiz_jpg/z1ZYpnEmdBFAUCIFo0qwQnhibRPmOva4LCKwiaJ3LDQOohLLBiawafmEkB9rgqn1FuNhyukiaRnWiaM0Rbkg7IDObicQ/0?wx_fmt=jpeg","title":"【我的返家乡实践故事】纽瓦克学院(一)山川异域，日月同天|第55辑","desc":"【我的返家乡实践故事】纽瓦克学院(一)山川异域，日月同天","url":"https://mp.weixin.qq.com/s/jAkmcrxyWYmKFj2QjeFl5w"},{"cover":"http://mmbiz.qpic.cn/mmbiz_jpg/z1ZYpnEmdBFAXEK1UNWzFcLl8brPQufEUGk8GB9eq0MZeSxKToQbBwBJJlqceKibEsibwNCQKmwPpic18dGDtcaiag/0?wx_fmt=jpeg","title":"【我的返家乡实践活动】传媒科学学院(新闻学院)(三)同气连枝，共盼春来|第54辑","desc":"【我的返家乡实践活动】传媒科学学院(新闻学院)(三)同气连枝，共盼春来","url":"https://mp.weixin.qq.com/s/oD4_HEf57MbS3mNDdYJ0Jw"},{"cover":"http://mmbiz.qpic.cn/mmbiz_jpg/z1ZYpnEmdBFAXEK1UNWzFcLl8brPQufEUGk8GB9eq0MZeSxKToQbBwBJJlqceKibEsibwNCQKmwPpic18dGDtcaiag/0?wx_fmt=jpeg","title":"【我的返家乡实践活动】传媒科学学院(新闻学院)(二)愿乘长风破万里浪|第53辑","desc":"【我的返家乡实践活动】传媒科学学院(新闻学院)(二)愿乘长风破万里浪","url":"https://mp.weixin.qq.com/s/REfj1HabwaXem6ThYu-xhg"},{"cover":"http://mmbiz.qpic.cn/mmbiz_jpg/z1ZYpnEmdBFAXEK1UNWzFcLl8brPQufEUGk8GB9eq0MZeSxKToQbBwBJJlqceKibEsibwNCQKmwPpic18dGDtcaiag/0?wx_fmt=jpeg","title":"【我的返家乡实践活动】传媒科学学院(新闻学院)(一)战疫日记，十四亿分之一的努力|第52辑","desc":"【我的返家乡实践活动】传媒科学学院(新闻学院)(一)战疫日记，十四亿分之一的努力","url":"https://mp.weixin.qq.com/s/BaA5LtNd5H51af_qIMOcBg"},{"cover":"http://mmbiz.qpic.cn/mmbiz_jpg/z1ZYpnEmdBFFT0tVmgRNOwvI8ux92icDx9VibPYOkLupEusc6u7WKm51t268lPoDvT2icic6JSMpP9bSFH6j9Gztzg/0?wx_fmt=jpeg","title":"【我的返家乡实践故事】体育学院(三)返乡战“疫”，只因一份责任|第51辑","desc":"【我的返家乡实践故事】体育学院(三)返乡战“疫”，只因一份责任","url":"https://mp.weixin.qq.com/s/Bdr-TTD0mWBm3TgMGhmpHA"},{"cover":"http://mmbiz.qpic.cn/mmbiz_jpg/z1ZYpnEmdBFFT0tVmgRNOwvI8ux92icDx9VibPYOkLupEusc6u7WKm51t268lPoDvT2icic6JSMpP9bSFH6j9Gztzg/0?wx_fmt=jpeg","title":"【我的返家乡实践故事】体育学院(二)疫情防控，东师青年在行动 | 第50辑","desc":"【我的返家乡实践故事】体育学院(二)疫情防控，东师青年在行动","url":"https://mp.weixin.qq.com/s/WfmfFnnbW0QybCnN3GX6wA"},{"cover":"http://mmbiz.qpic.cn/mmbiz_jpg/z1ZYpnEmdBFFT0tVmgRNOwvI8ux92icDx9VibPYOkLupEusc6u7WKm51t268lPoDvT2icic6JSMpP9bSFH6j9Gztzg/0?wx_fmt=jpeg","title":"【我的返家乡实践故事】体育学院(一)病虐危亡处 吾心灼灼护国安 | 第49辑","desc":"【我的返家乡实践故事】体育学院(一)病虐危亡处 吾心灼灼护国安","url":"https://mp.weixin.qq.com/s/PWNBLnCN4YBUhX0tSl17tA"},{"cover":"http://mmbiz.qpic.cn/mmbiz_jpg/z1ZYpnEmdBFFT0tVmgRNOwvI8ux92icDx9VibPYOkLupEusc6u7WKm51t268lPoDvT2icic6JSMpP9bSFH6j9Gztzg/0?wx_fmt=jpeg","title":"【我的返家乡实践故事】环境学院(三)逆风踏凌霄，以光散黑|第48辑","desc":"【我的返家乡实践故事】环境学院(三)逆风踏凌霄，以光散黑","url":"https://mp.weixin.qq.com/s/2AAq5xqVuhG8gLzNH6hZzQ"},{"cover":"http://mmbiz.qpic.cn/mmbiz_jpg/z1ZYpnEmdBFFT0tVmgRNOwvI8ux92icDx9VibPYOkLupEusc6u7WKm51t268lPoDvT2icic6JSMpP9bSFH6j9Gztzg/0?wx_fmt=jpeg","title":"【我的返家乡实践故事】环境学院(二)保护生物，我们在行动|第47辑","desc":"【我的返家乡实践故事】环境学院(二)保护生物，我们在行动","url":"https://mp.weixin.qq.com/s/Jdu1hU2sF6I8Tyo58lQzqA"},{"cover":"http://mmbiz.qpic.cn/mmbiz_jpg/z1ZYpnEmdBFFT0tVmgRNOwvI8ux92icDx9VibPYOkLupEusc6u7WKm51t268lPoDvT2icic6JSMpP9bSFH6j9Gztzg/0?wx_fmt=jpeg","title":"【我的返家乡实践故事】环境学院(一)心系牧区脱贫，关注草原生态|第46辑","desc":"【我的返家乡实践故事】环境学院(一)心系牧区脱贫，关注草原生态","url":"https://mp.weixin.qq.com/s/W0vu29sC64taaqJRYinYKw"},{"cover":"http://mmbiz.qpic.cn/mmbiz_jpg/z1ZYpnEmdBGtFVBDvR9wsstHib642COqyYDwic7Oib2MNTYepLtBlm3j2LPhs4HT011hgKn2vicf7VkDx4sZQGUQvg/0?wx_fmt=jpeg","title":"【我的返家乡实践故事】生命科学学院(三)不负韶华，让青春在疫情中闪耀|第45辑","desc":"【我的返家乡实践故事】生命科学学院(三)不负韶华，让青春在疫情中闪耀","url":"https://mp.weixin.qq.com/s/Dbe1E1bKl4XwoQXEywf8vA"},{"cover":"http://mmbiz.qpic.cn/mmbiz_jpg/z1ZYpnEmdBGtFVBDvR9wsstHib642COqyYDwic7Oib2MNTYepLtBlm3j2LPhs4HT011hgKn2vicf7VkDx4sZQGUQvg/0?wx_fmt=jpeg","title":"【我的返家乡实践故事】生命科学学院学院(二)走在路上的我们|第44辑","desc":"【我的返家乡实践故事】生命科学学院学院(二)走在路上的我们","url":"https://mp.weixin.qq.com/s/WJuMwOMfao8hWBBvWjweBg"},{"cover":"http://mmbiz.qpic.cn/mmbiz_jpg/z1ZYpnEmdBGtFVBDvR9wsstHib642COqypFWlgO2csggDzSD4xJZicScjLo6sCEJ1jY7A1u9qpLjFuVfdxop6TqQ/0?wx_fmt=jpeg","title":"【我的返家乡实践故事】生命科学学院学院(一)疫情在前，重任在肩，00后在行动|第43辑","desc":"【我的返家乡实践故事】生命科学学院学院(一)疫情在前，重任在肩，00后在行动","url":"https://mp.weixin.qq.com/s/QYD2HPeixE9ijt2BPnJaFw"},{"cover":"http://mmbiz.qpic.cn/mmbiz_jpg/z1ZYpnEmdBGtFVBDvR9wsstHib642COqygwDwXfj7hDiaAVjDRlGse0NSIloXiaGTyYPrNOhWfsJXok4ykOoE0PLg/0?wx_fmt=jpeg","title":"【我的返家乡实践故事】化学学院(三)战胜疫情， 多一点就是力量|第42辑","desc":"【我的返家乡实践故事】化学学院(三)战胜疫情， 多一点就是力量","url":"https://mp.weixin.qq.com/s/bU9A49VrBCL_yi-lNJzDTw"},{"cover":"http://mmbiz.qpic.cn/mmbiz_jpg/z1ZYpnEmdBGtFVBDvR9wsstHib642COqygwDwXfj7hDiaAVjDRlGse0NSIloXiaGTyYPrNOhWfsJXok4ykOoE0PLg/0?wx_fmt=jpeg","title":"【我的返家乡实践故事】化学学院(二)千钧“疫”发 共克时艰|第41辑","desc":"【我的返家乡实践故事】化学学院(二)千钧“疫”发 共克时艰","url":"https://mp.weixin.qq.com/s/cmkY44tUnhAlI3ZBGdwdcg"},{"cover":"http://mmbiz.qpic.cn/mmbiz_jpg/z1ZYpnEmdBGtFVBDvR9wsstHib642COqygwDwXfj7hDiaAVjDRlGse0NSIloXiaGTyYPrNOhWfsJXok4ykOoE0PLg/0?wx_fmt=jpeg","title":"【我的返家乡实践故事】化学学院(一)战“疫”，我会一“战”到底|第40辑","desc":"【我的返家乡实践故事】化学学院(一)战“疫”，我会一“战”到底","url":"https://mp.weixin.qq.com/s/9GwkxD9cQjJvSTpCR422Fg"},{"cover":"http://mmbiz.qpic.cn/mmbiz_jpg/z1ZYpnEmdBFsy5O1bay9JiboH896DvpFiblibxjKzM8nDPt11UXRbqOEjETGib7XWhAg3vNibz3UiaBqPM68SsHCicqPA/0?wx_fmt=jpeg","title":"【我的返乡实践故事】物理学院(三)关注家乡发展，投身家乡建设| 第39辑","desc":"【我的返乡实践故事】物理学院(三)关注家乡发展，投身家乡建设","url":"https://mp.weixin.qq.com/s/F1DF0TT9QXDDdg4Mn8-aeg"},{"cover":"http://mmbiz.qpic.cn/mmbiz_jpg/z1ZYpnEmdBFsy5O1bay9JiboH896DvpFiblibxjKzM8nDPt11UXRbqOEjETGib7XWhAg3vNibz3UiaBqPM68SsHCicqPA/0?wx_fmt=jpeg","title":"【我的返乡实践故事】物理学院(二)星火传递，让青春更绚烂 | 第38辑","desc":"【我的返乡实践故事】物理学院(二)星火传递，让青春更绚烂","url":"https://mp.weixin.qq.com/s/k4xmhB5tpBWLmsE_FIBLJw"},{"cover":"http://mmbiz.qpic.cn/mmbiz_jpg/z1ZYpnEmdBFsy5O1bay9JiboH896DvpFiblibxjKzM8nDPt11UXRbqOEjETGib7XWhAg3vNibz3UiaBqPM68SsHCicqPA/0?wx_fmt=jpeg","title":"【我的返家乡实践故事】物理学院(一)防治污染，还家乡一片净土 | 第37辑","desc":"【我的返家乡实践故事】物理学院(一)防治污染，还家乡一片净土","url":"https://mp.weixin.qq.com/s/x9kRMQQ3uag3o1C-301tfg"},{"cover":"http://mmbiz.qpic.cn/mmbiz_jpg/z1ZYpnEmdBFsy5O1bay9JiboH896DvpFib8lGCaI3pJ3OsicEldS5aGoibkyJHJhNhvoPbCibOLwJWnLibRmNCfuhaIg/0?wx_fmt=jpeg","title":"【我的返家乡实践故事】信息科学与技术学院(三)故乡等归人|第36辑","desc":"【我的返家乡实践故事】信息科学与技术学院(三)故乡等归人","url":"https://mp.weixin.qq.com/s/k1VC8mxPO4U-F28pe2RKOg"},{"cover":"http://mmbiz.qpic.cn/mmbiz_jpg/z1ZYpnEmdBFsy5O1bay9JiboH896DvpFib8lGCaI3pJ3OsicEldS5aGoibkyJHJhNhvoPbCibOLwJWnLibRmNCfuhaIg/0?wx_fmt=jpeg","title":"【我的返家乡实践故事】信息科学与技术学院(二)不忘初心，不负韶华|第35辑","desc":"【我的返家乡实践故事】信息科学与技术学院(二)不忘初心，不负韶华","url":"https://mp.weixin.qq.com/s/_s3-chrfDwHlUnHvcy0qJw"},{"cover":"http://mmbiz.qpic.cn/mmbiz_jpg/z1ZYpnEmdBFsy5O1bay9JiboH896DvpFib8lGCaI3pJ3OsicEldS5aGoibkyJHJhNhvoPbCibOLwJWnLibRmNCfuhaIg/0?wx_fmt=jpeg","title":"【我的返家乡实践故事】信息科学与技术学院(一)志愿之光，圆梦之旅|第34辑","desc":"【我的返家乡实践故事】信息科学与技术学院(一)志愿之光，圆梦之旅","url":"https://mp.weixin.qq.com/s/RxRMl-Ifw1hTxMS3Jbe8Zg"},{"cover":"http://mmbiz.qpic.cn/mmbiz_jpg/z1ZYpnEmdBGtFVBDvR9wsstHib642COqygwDwXfj7hDiaAVjDRlGse0NSIloXiaGTyYPrNOhWfsJXok4ykOoE0PLg/0?wx_fmt=jpeg","title":"【我的返家乡实践故事】数学与统计学院(三)我，我们|第33辑","desc":"【我的返家乡实践故事】数学与统计学院(三)我，我们","url":"https://mp.weixin.qq.com/s/6QmHNaK5mRIca6uHbObbjw"},{"cover":"http://mmbiz.qpic.cn/mmbiz_jpg/z1ZYpnEmdBGtFVBDvR9wsstHib642COqygwDwXfj7hDiaAVjDRlGse0NSIloXiaGTyYPrNOhWfsJXok4ykOoE0PLg/0?wx_fmt=jpeg","title":"【我的返家乡实践故事】数学与统计学院(二)返乡不忘实践|第32辑","desc":"【我的返家乡实践故事】数学与统计学院(二)返乡不忘实践","url":"https://mp.weixin.qq.com/s/xndyMS7gTBl9OxzWGpMMgg"},{"cover":"http://mmbiz.qpic.cn/mmbiz_jpg/z1ZYpnEmdBFsy5O1bay9JiboH896DvpFibHpeo46oa73BNz73cJWS2WKj2oYUyrpriamCopSGnWT7ghiaUvpNjdSWg/0?wx_fmt=jpeg","title":"【我的返家乡实践故事】数学与统计学院(一)志存高远 行循自然|第31辑","desc":"【我的返家乡实践故事】数学与统计学院(一)志存高远 行循自然","url":"https://mp.weixin.qq.com/s/77gfv238ObuY6fwclWNuiw"},{"cover":"http://mmbiz.qpic.cn/mmbiz_jpg/z1ZYpnEmdBGtFVBDvR9wsstHib642COqypFWlgO2csggDzSD4xJZicScjLo6sCEJ1jY7A1u9qpLjFuVfdxop6TqQ/0?wx_fmt=jpeg","title":"【我的返家乡实践故事】马克思主义学部(三)绽放青春之花，助力家乡战疫|第30辑","desc":"【我的返家乡实践故事】马克思主义学部(三)绽放青春之花，助力家乡战疫","url":"https://mp.weixin.qq.com/s/XESlw8-RCB7jrWUG4HWJaA"},{"cover":"http://mmbiz.qpic.cn/mmbiz_jpg/z1ZYpnEmdBGtFVBDvR9wsstHib642COqypFWlgO2csggDzSD4xJZicScjLo6sCEJ1jY7A1u9qpLjFuVfdxop6TqQ/0?wx_fmt=jpeg","title":"【我的返家乡实践故事】马克思主义学部(二)肩负时代使命，践行青春誓言|第29辑","desc":"【我的返家乡实践故事】马克思主义学部(二)肩负时代使命，践行青春誓言","url":"https://mp.weixin.qq.com/s/v25e4w2ZAFJ5uPBl9SZq9w"},{"cover":"http://mmbiz.qpic.cn/mmbiz_jpg/z1ZYpnEmdBGtFVBDvR9wsstHib642COqypFWlgO2csggDzSD4xJZicScjLo6sCEJ1jY7A1u9qpLjFuVfdxop6TqQ/0?wx_fmt=jpeg","title":"【我的返家乡实践故事】马克思主义学部(一)点点萤火，汇成人间星河|第28辑","desc":"【我的返家乡实践故事】马克思主义学部(一)点点萤火，汇成人间星河","url":"https://mp.weixin.qq.com/s/gshGuVnjkmwHhvxJy-qj0w"},{"cover":"http://mmbiz.qpic.cn/mmbiz_jpg/z1ZYpnEmdBE7iaIpaNXrMA4geuNaYgqaoP56rQ1fLicU7PMhhrCd7ZEYx9NLw16GL7rc8nibYxD3CnMYR6gm0gbhw/0?wx_fmt=jpeg","title":"【我的返家乡实践故事】音乐学院(三)国家临危难，吾辈当尽责|第27辑","desc":"【我的返家乡实践故事】音乐学院(三)国家临危难，吾辈当尽责","url":"https://mp.weixin.qq.com/s/9_56qbmSA7LMN0IxHqX-Mw"},{"cover":"http://mmbiz.qpic.cn/mmbiz_jpg/z1ZYpnEmdBE7iaIpaNXrMA4geuNaYgqaoP56rQ1fLicU7PMhhrCd7ZEYx9NLw16GL7rc8nibYxD3CnMYR6gm0gbhw/0?wx_fmt=jpeg","title":"【我的返家乡实践故事】音乐学院(二)艺心以疫|第26辑","desc":"【我的返家乡实践故事】音乐学院(二)艺心以疫","url":"https://mp.weixin.qq.com/s/0_EVrAkr1nv_FyxD81_IDQ"},{"cover":"http://mmbiz.qpic.cn/mmbiz_jpg/z1ZYpnEmdBE7iaIpaNXrMA4geuNaYgqaoP56rQ1fLicU7PMhhrCd7ZEYx9NLw16GL7rc8nibYxD3CnMYR6gm0gbhw/0?wx_fmt=jpeg","title":"【我的返家乡实践故事】音乐学院(一) 善满家园|第25辑","desc":"【我的返家乡实践故事】音乐学院(一) 善满家园","url":"https://mp.weixin.qq.com/s/bnHi_An4hiwOX5nKSD-kZw"},{"cover":"http://mmbiz.qpic.cn/mmbiz_jpg/z1ZYpnEmdBFsy5O1bay9JiboH896DvpFib8lGCaI3pJ3OsicEldS5aGoibkyJHJhNhvoPbCibOLwJWnLibRmNCfuhaIg/0?wx_fmt=jpeg","title":"【我的返家乡实践故事】美术学院(三)凝聚青春力量，助力疫情防控|第24辑","desc":"【我的返家乡实践故事】美术学院(三)凝聚青春力量，助力疫情防控","url":"https://mp.weixin.qq.com/s/0YCFz0gkptxwleVvEokZwA"},{"cover":"http://mmbiz.qpic.cn/mmbiz_jpg/z1ZYpnEmdBFsy5O1bay9JiboH896DvpFib8lGCaI3pJ3OsicEldS5aGoibkyJHJhNhvoPbCibOLwJWnLibRmNCfuhaIg/0?wx_fmt=jpeg","title":"【我的返家乡实践故事】美术学院(二)学有所成，回报桑梓|第23辑","desc":"【我的返家乡实践故事】美术学院(二)学有所成，回报桑梓","url":"https://mp.weixin.qq.com/s/XJwhzBM4QlkmE2GWieNZ8Q"},{"cover":"http://mmbiz.qpic.cn/mmbiz_jpg/z1ZYpnEmdBFsy5O1bay9JiboH896DvpFibd2S3BLafxnjzmYicoULQN7pKkS0X2F6qaKdxxsiaz2A6tB1jg6tD2b4g/0?wx_fmt=jpeg","title":"【我的返家乡实践故事】美术学院(一)“河我一起，守护碧水”净滩行动|第22辑","desc":"【我的返家乡实践故事】美术学院(一)“河我一起，守护碧水”净滩行动","url":"https://mp.weixin.qq.com/s/B7CvPXZZwcOHQYVMP9AXWA"},{"cover":"http://mmbiz.qpic.cn/mmbiz_jpg/z1ZYpnEmdBE7iaIpaNXrMA4geuNaYgqaoP56rQ1fLicU7PMhhrCd7ZEYx9NLw16GL7rc8nibYxD3CnMYR6gm0gbhw/0?wx_fmt=jpeg","title":"【我的返家乡实践故事】外国语学院(三)青春有我，主动承担｜第21辑","desc":"【我的返家乡实践故事】外国语学院(三)青春有我，主动承担","url":"https://mp.weixin.qq.com/s/QNc7H1DD139uypo8sYy_Ew"},{"cover":"http://mmbiz.qpic.cn/mmbiz_jpg/z1ZYpnEmdBE7iaIpaNXrMA4geuNaYgqaoBe65JT4TBgSulFiaHvDfRr1OJkxiaM36wTnayxKicJyQvScV0nHhak3cw/0?wx_fmt=jpeg","title":"【我的返家乡实践故事】外国语学院(二)战“疫”坚守，青年力量|第20辑","desc":"【我的返家乡实践故事】外国语学院(二)战“疫”坚守，青年力量","url":"https://mp.weixin.qq.com/s/eZ-SG0oLrS65ZZ0tSCf8WQ"},{"cover":"http://mmbiz.qpic.cn/mmbiz_jpg/z1ZYpnEmdBE7iaIpaNXrMA4geuNaYgqaoP56rQ1fLicU7PMhhrCd7ZEYx9NLw16GL7rc8nibYxD3CnMYR6gm0gbhw/0?wx_fmt=jpeg","title":"【我的返家乡实践故事】外国语学院(一)让“青春”在乡村振兴中闪光|第19辑","desc":"【我的返家乡实践故事】外国语学院(一)让“青春”在乡村振兴中闪光","url":"https://mp.weixin.qq.com/s/-mY3iC5NPPfYYjhO9W2Enw"},{"cover":"http://mmbiz.qpic.cn/mmbiz_jpg/z1ZYpnEmdBE7iaIpaNXrMA4geuNaYgqaoP56rQ1fLicU7PMhhrCd7ZEYx9NLw16GL7rc8nibYxD3CnMYR6gm0gbhw/0?wx_fmt=jpeg","title":"【我的返家乡实践故事】历史文化学院(三)战疫正能量，青春新风采 | 第18辑","desc":"【我的返家乡实践故事】历史文化学院(三)战疫正能量，青春新风采","url":"https://mp.weixin.qq.com/s/1B5fipkXyE07Z83xHfGF3Q"},{"cover":"http://mmbiz.qpic.cn/mmbiz_jpg/z1ZYpnEmdBE7iaIpaNXrMA4geuNaYgqaoP56rQ1fLicU7PMhhrCd7ZEYx9NLw16GL7rc8nibYxD3CnMYR6gm0gbhw/0?wx_fmt=jpeg","title":"【我的返家乡实践故事】历史文化学院(二)实践  创造  成长 | 第17辑","desc":"【我的返家乡实践故事】历史文化学院(二)实践  创造  成长","url":"https://mp.weixin.qq.com/s/AseWwFKmPLJM40z05Ul60A"},{"cover":"http://mmbiz.qpic.cn/mmbiz_jpg/z1ZYpnEmdBE7iaIpaNXrMA4geuNaYgqaoP56rQ1fLicU7PMhhrCd7ZEYx9NLw16GL7rc8nibYxD3CnMYR6gm0gbhw/0?wx_fmt=jpeg","title":"【我的返家乡实践故事】历史文化学院(一)艰辛知人生，实践长才干| 第16辑","desc":"【我的返家乡实践故事】历史文化学院学院(一)艰辛知人生，实践长才干","url":"https://mp.weixin.qq.com/s/DVe-Js6uDQsGDgcOARS5PA"},{"cover":"http://mmbiz.qpic.cn/mmbiz_jpg/z1ZYpnEmdBEibAvwAj0m18TWBDlQTia6ichhNg02YZCR9KAEK6VAiafrjjRZOswxPlETLgdtYFqeJCicdBOzLRgb0eA/0?wx_fmt=jpeg","title":"【我的返家乡实践故事】文学院(三)病毒桀桀，躬身克艰|第15辑","desc":"【我的返家乡实践故事】文学院(三)病毒桀桀，躬身克艰","url":"https://mp.weixin.qq.com/s/2KEN1LBZFz2LoGphAi2__Q"},{"cover":"http://mmbiz.qpic.cn/mmbiz_jpg/z1ZYpnEmdBEibAvwAj0m18TWBDlQTia6ichhNg02YZCR9KAEK6VAiafrjjRZOswxPlETLgdtYFqeJCicdBOzLRgb0eA/0?wx_fmt=jpeg","title":"【我的返家乡实践故事】文学院(二)抗击疫情，与爱同行|第14辑","desc":"【我的返家乡实践故事】文学院(二)抗击疫情，与爱同行","url":"https://mp.weixin.qq.com/s/8EYdcxHItT2fNIWMyuoogg"},{"cover":"http://mmbiz.qpic.cn/mmbiz_jpg/z1ZYpnEmdBEibAvwAj0m18TWBDlQTia6ichZibASic6tiaLO3FWO5CzpdlsfjdBl6NHU16813oQ5V8eFQJqJbia7Rk7yQ/0?wx_fmt=jpeg","title":"【我的返家乡实践故事】文学院(一)青春战疫，正逢其时|第13辑","desc":"【我的返家乡实践故事】文学院(一)青春战疫，正逢其时","url":"https://mp.weixin.qq.com/s/rJKoV_p6yf_IJ0vZV-FkRQ"},{"cover":"http://mmbiz.qpic.cn/mmbiz_jpg/z1ZYpnEmdBEibAvwAj0m18TWBDlQTia6ichZibASic6tiaLO3FWO5CzpdlsfjdBl6NHU16813oQ5V8eFQJqJbia7Rk7yQ/0?wx_fmt=jpeg","title":"【我的返家乡实践故事】经济与管理学院(三)中国加油 新疆加油|第12辑","desc":"【我的返家乡实践故事】经济与管理学院(三)中国加油 新疆加油","url":"https://mp.weixin.qq.com/s/160mw11WVP_CChlpRQCMnQ"},{"cover":"http://mmbiz.qpic.cn/mmbiz_jpg/z1ZYpnEmdBEibAvwAj0m18TWBDlQTia6ichZibASic6tiaLO3FWO5CzpdlsfjdBl6NHU16813oQ5V8eFQJqJbia7Rk7yQ/0?wx_fmt=jpeg","title":"【我的返家乡实践故事】经济与管理学院(二)洺州实践工作日记|第11辑","desc":"【我的返家乡实践故事】经济与管理学院(二)洺州实践工作日记","url":"https://mp.weixin.qq.com/s/cp-aRIRfecPplNR1Sw9MBA"},{"cover":"http://mmbiz.qpic.cn/mmbiz_jpg/z1ZYpnEmdBEibAvwAj0m18TWBDlQTia6ichhNg02YZCR9KAEK6VAiafrjjRZOswxPlETLgdtYFqeJCicdBOzLRgb0eA/0?wx_fmt=jpeg","title":"【我的返家乡实践故事】经济与管理学院(一)奉献家乡 筑梦包鸾|第10辑","desc":"【我的返家乡实践故事】经济与管理学院(一)奉献家乡 筑梦包鸾","url":"https://mp.weixin.qq.com/s/NMw_k0tgFnCpiNdZGwFrYA"},{"cover":"http://mmbiz.qpic.cn/mmbiz_jpg/z1ZYpnEmdBEibAvwAj0m18TWBDlQTia6ichZibASic6tiaLO3FWO5CzpdlsfjdBl6NHU16813oQ5V8eFQJqJbia7Rk7yQ/0?wx_fmt=jpeg","title":"【我的返家乡实践故事】政法学院(三)记后疫情时代的所见所感|第9辑","desc":"【我的返家乡实践故事】政法学院(三)记后疫情时代的所见所感","url":"https://mp.weixin.qq.com/s/I-Q2gr5sI2QLupil7t2k7w"},{"cover":"http://mmbiz.qpic.cn/mmbiz_jpg/z1ZYpnEmdBEibAvwAj0m18TWBDlQTia6ichZibASic6tiaLO3FWO5CzpdlsfjdBl6NHU16813oQ5V8eFQJqJbia7Rk7yQ/0?wx_fmt=jpeg","title":"【我的返家乡实践故事】政法学院(二)以青春之力，奋进教育之路|第8辑","desc":"【我的返家乡实践故事】政法学院(二)以青春之力，奋进教育之路","url":"https://mp.weixin.qq.com/s/pKfZMZgdfb4emWPinp1Xeg"},{"cover":"http://mmbiz.qpic.cn/mmbiz_jpg/z1ZYpnEmdBEibAvwAj0m18TWBDlQTia6ichZibASic6tiaLO3FWO5CzpdlsfjdBl6NHU16813oQ5V8eFQJqJbia7Rk7yQ/0?wx_fmt=jpeg","title":"【我的返家乡实践故事】政法学院(一)文化的记忆，未来的寻觅|第7辑","desc":"【我的返家乡实践故事】政法学院(一)文化的记忆，未来的寻觅","url":"https://mp.weixin.qq.com/s/HTFlj_NqgkBECvycINAYwQ"},{"cover":"http://mmbiz.qpic.cn/mmbiz_jpg/z1ZYpnEmdBGiaHsWeiaWxOLyCQHefNMFdQcQK5tk4IHaibjYcmL61boUHlJXD93fj3qPTiah56gM9szq3F1SeO1vfw/0?wx_fmt=jpeg","title":"【我的返家乡实践故事】心理学院(三)力行爱国 青年担当|第6辑","desc":"​【我的返家乡实践故事】心理学院(三)力行爱国 青年担当","url":"https://mp.weixin.qq.com/s/A1iuV-uvETHu62AG4btACA"},{"cover":"http://mmbiz.qpic.cn/mmbiz_jpg/z1ZYpnEmdBGiaHsWeiaWxOLyCQHefNMFdQcQK5tk4IHaibjYcmL61boUHlJXD93fj3qPTiah56gM9szq3F1SeO1vfw/0?wx_fmt=jpeg","title":"【我的返家乡实践故事】心理学院(二)家乡孩子的笑脸，我的志愿勋章|第5辑","desc":"【我的返家乡实践故事】心理学院(二)家乡孩子的笑脸，我的志愿勋章|","url":"https://mp.weixin.qq.com/s/TldbzYhkqUlMQgY8OE8J4A"},{"cover":"http://mmbiz.qpic.cn/mmbiz_jpg/z1ZYpnEmdBGiaHsWeiaWxOLyCQHefNMFdQcQK5tk4IHaibjYcmL61boUHlJXD93fj3qPTiah56gM9szq3F1SeO1vfw/0?wx_fmt=jpeg","title":"【我的返家乡实践故事】心理学院(一)风雨同行|第4辑","desc":"【我的返家乡实践故事】心理学院(一)风雨同行","url":"https://mp.weixin.qq.com/s/aViwePezP2Whqu6_HhmfFA"},{"cover":"http://mmbiz.qpic.cn/mmbiz_jpg/z1ZYpnEmdBGiaHsWeiaWxOLyCQHefNMFdQcQK5tk4IHaibjYcmL61boUHlJXD93fj3qPTiah56gM9szq3F1SeO1vfw/0?wx_fmt=jpeg","title":"【我的返家乡实践故事】教育学部(三)爱心实践之旅|第3辑","desc":"【我的返家乡实践故事】教育学部(三)爱心实践之旅","url":"https://mp.weixin.qq.com/s/VN3Dnwy8n6KjrDmRDBPJrw"},{"cover":"http://mmbiz.qpic.cn/mmbiz_jpg/z1ZYpnEmdBGiaHsWeiaWxOLyCQHefNMFdQcQK5tk4IHaibjYcmL61boUHlJXD93fj3qPTiah56gM9szq3F1SeO1vfw/0?wx_fmt=jpeg","title":"【我的返家乡实践故事】教育学部(二)战“疫”坚守——我的新疆战“疫”故事丨第2辑","desc":"【我的返家乡实践故事】教育学部(二)战“疫”坚守——我的新疆战“疫”故事","url":"https://mp.weixin.qq.com/s/yRVVinVPKgxsjOsLOmd9wA"},{"cover":"http://mmbiz.qpic.cn/mmbiz_jpg/z1ZYpnEmdBGiaHsWeiaWxOLyCQHefNMFdQcQK5tk4IHaibjYcmL61boUHlJXD93fj3qPTiah56gM9szq3F1SeO1vfw/0?wx_fmt=jpeg","title":"【我的返家乡实践故事】教育学部(一)疫情下的实践与成长丨第1辑","desc":"【我的返家乡实践故事】教育学部(一)疫情下的实践与成长","url":"https://mp.weixin.qq.com/s/BVOQyTra2D9kPD5cOx_mxQ"}]}