{"title":"研究生院","grey":true,"author":"Mr.Hope","time":"2021年11月22日","shareable":true,"content":[{"tag":"list","content":[{"text":"研究生院介绍","icon":"about","path":"intro/apartment/grad/intro"},{"text":"研究生院联系方式","icon":"phone","path":"intro/apartment/grad/contact"}]}],"id":"intro/apartment/grad/index","scopeData":{"@type":"general","uniq_id":"intro/apartment/grad/index","title":"研究生院","digest":"","thumbs":["https://mp.innenu.com/img/inNENU.jpg"],"tags":[]}}