{"title":"汉语言文学(公费师范)专业介绍","desc":"来源: 2021年本科招生指南","author":"Mr.Hope","time":"2021年8月15日","shareable":true,"content":[{"tag":"title","text":"专业简介"},{"tag":"p","text":["为公费师范方向，旨在培养基础扎实且富有创新精神和较强实践能力，“人文学养深厚、 专业基础扎实、教师素质突出”的文史哲复合型的中文基础教育教师人才，并为其成为中文基础教育的学科带头人和未来的教育家打好基础。本专业实行本硕一体化培养，学生本科毕业后，经考核符合要求者可直接攻读教育硕士专业学位研究生。"],"style":"text-indent: 1.5em; "},{"tag":"title","text":"培养方向"},{"tag":"p","text":["主要培养学生具备扎实的专业知识基础，主动担当的人文教育情怀，以及良好的师德修养与品格；具备一流基础教育师资队伍的教学能力与育人能力，具有与时俱进的学习能力与反思意识，具有全球化的开阔视野与现代化的教育理念。"],"style":"text-indent: 1.5em; "},{"tag":"title","text":"主干课程"},{"tag":"ul","text":["中国现代文学史","中国当代文学史","国学经典导读","中国古代文学史(上、中、下)","古代汉语(上、下)","现代汉语(上、下)","文学概论","外国文学史(上、下)","语言学概论","美学原理","文献学概论"]},{"tag":"title","text":"就业方向"},{"tag":"text","text":["按国家师范生公费教育政策，从事基础教育工作。"]}],"images":[],"id":"intro/school/chinese/normal","scopeData":{"@type":"general","uniq_id":"intro/school/chinese/normal","title":"汉语言文学(公费师范)专业介绍","digest":"为公费师范方向，旨在培养基础扎实且富有创新精神和较强实践能力，“人文学养深厚、 专业基础扎实、教师素质突出”的文史哲复合型的中文基础教育教师人才，并为其成为中文基础教育的学科带头人和未来的教育家打好基础。本专业实行本硕一体化培养，学生本科毕","thumbs":["https://mp.innenu.com/img/inNENU.jpg"],"tags":["专业简介","培养方向","主干课程","就业方向"]}}