{"title":"信息科学与技术学院","grey":true,"author":"Mr.Hope","time":"2021年11月21日","shareable":true,"content":[{"tag":"account","name":"信息科学与技术学院","logo":"https://mp.innenu.com/img/media/ist.png","detail":"东北师范大学信息科学与技术学院","wxid":"dsxk2017","wxcode":"https://mp.innenu.com/img/media/ist-qrcode.jpg","account":"ist","location":{"latitude":43.82572,"longitude":125.42695},"site":"http://www.ist.nenu.edu.cn/"},{"tag":"list","content":[{"text":"学院简介","icon":"about","path":"intro/school/ist/intro"},{"text":"专业介绍","icon":"intro","path":"intro/school/ist/enroll"}]}],"images":[],"id":"intro/school/ist/index","scopeData":{"@type":"general","uniq_id":"intro/school/ist/index","title":"信息科学与技术学院","digest":"","thumbs":["https://mp.innenu.com/img/inNENU.jpg"],"tags":[]}}