{"title":"净月校区校门","author":"Mr.Hope","time":"2022 年 6 月 27 日","shareable":true,"content":[{"tag":"title","text":"净月校区图"},{"tag":"text","type":"note","text":["由于疫情原因，报到期间只会开放正门(又叫东北门、1 号门)。"]},{"tag":"title","text":"净月东北门"},{"tag":"location","title":"正门","points":[{"latitude":43.82853,"longitude":125.43107,"detail":"1 号门"}]},{"tag":"img","src":"https://mp.innenu.com/img/scenery/jingyue/gate/east.jpg"},{"tag":"p","text":["这个门正对着图书馆，进门后一直往前走(这条路有点长)，越过紫光桥，经过“大菜花”(其实官方称号叫生命树)后再往前走，走到头就是图书馆前的空地了，迎新摆台就在那里。"],"style":"text-indent: 1.5em; "},{"tag":"title","text":"净月北门(雕塑门、2 号门)"},{"tag":"text","type":"danger","text":["疫情报到期间此门关闭!"]},{"tag":"location","title":"北门","points":[{"latitude":43.82886,"longitude":125.42689,"detail":"雕塑门、2 号门"}]},{"tag":"img","src":"https://mp.innenu.com/img/scenery/jingyue/gate/north.jpg"},{"tag":"p","text":["此门名称的由来是门口右侧有雕塑。"],"style":"text-indent: 1.5em; "}],"cite":[],"id":"guide/check/jingyue"}