{"title":"报到时间地点","author":"Mr.Hope","time":"2021年11月22日","shareable":true,"content":[{"tag":"title","text":"报到时间"},{"tag":"text","type":"tip","heading":"本科新生报到","text":["报到时间为 2021 年 9 月 3 日 星期五 6:00 - 22:00","火车站将设有新生接待处"]},{"tag":"text","type":"tip","heading":"研究生新生报到","text":["报到时间为 2021 年 9 月 1 日 星期三"]},{"tag":"ul","type":"warning","heading":"因疫情防控需要","text":["本部仅开放东北门 (动植物公园正门对面)","净月校区仅开放正门 (1号门)。","学生家长、亲友不能陪同学生进入校园。新生报到时，校园内配备服务车转运行李，学生志愿者提供服务保障。"]},{"tag":"list","header":false,"items":[{"text":"认准校区校门","path":"guide/check/locate"}]},{"tag":"title","text":"可以早到么"},{"tag":"text","heading":"不可以","text":["新冠疫情对学校的安全管控提出要求，为了学生安全着想，学校日常采取封校策略、审批制进出校。除特殊情况外，学校不允许提前入校，也就是提前到会被拒之门外。","寝室分配和校园卡印制可能没有完成，而且食堂档口开放的也比较少，学校超市新生用品可能也还在进货准备中。在生活上无疑会带来一系列的不方便。","由于同学们没有经过新生入学安全教育，对学校不是十分了解，而且来的时间比较零散，辅导员可能未必能够时刻关注到同学们的情况与安全。"]},{"tag":"title","text":"报到(接待)时间"},{"tag":"text","heading":"本科生","text":["2021 年 9 月 3 日 6:00 - 22:00"]},{"tag":"text","heading":"研究生","text":["2021 年 9 月 1 日 6:00 - 22:00"]},{"tag":"title","text":"报到(接待)地点"},{"tag":"text","text":["本部校区在东北门(动植物公园正门对面)进门的街道"]},{"tag":"location","title":"本部东北门","points":[{"latitude":43.86409,"longitude":125.33468}]},{"tag":"text","text":["净月校区在正门通道处"]},{"tag":"location","title":"净月正门","points":[{"latitude":43.86409,"longitude":125.33468}]}],"cite":[],"id":"guide/check/location-and-time"}