{"title":"银行卡办理","time":"2022 年 8 月 5 日","shareable":true,"id":"guide/activity/bank-card","author":"Mr.Hope","cite":[],"content":[{"tag":"p","type":"info","text":["在开学时，学校会统一组织大家办理银行卡，用于日后公费师范生补助、奖学金、助学金、勤工助学项目、路费补贴等费用的发放。","银行卡的类别属于属于学子卡，但可以当作正常的储蓄卡使用。","学校会邀请交通银行的工作人员进入两个校区，同学们只需要准备好身份证和手机，在指定地点排队等候办理，并按照要求填写信息、完成指定的步骤即可。"]}]}