{"title":"导师选择","author":"Mr.Hope","time":"2022 年 7 月 11 日","shareable":true,"content":[{"tag":"p","text":["每学年开学，各学院都会开展研究生导师的师生互选活动。","各学院学生需要自行填写个人介绍表格，并选择心仪导师，导师接收后在表格上签字，完成师生互选。签字后表格上交学院。","对于在师生互选阶段无法选择导师的学生，选择期结束后，由学院安排导师。"],"style":";display: inline-block"}],"cite":[],"id":"guide/activity/choose"}