{"title":"心理学院","grey":true,"author":"Mr.Hope","time":"2021年11月20日","shareable":true,"content":[{"tag":"account","name":"心理学院","logo":"https://mp.innenu.com/img/media/psychology.png","detail":"东北师范大学心理学院","wxid":"gh_b8263d1e2906","wxcode":"https://mp.innenu.com/img/media/psychology-qrcode.jpg","account":"psychology","location":{"latitude":43.863147,"longitude":125.328065},"mail":"psy@nenu.edu.cn","site":"https://psy.nenu.edu.cn/"},{"tag":"list","content":[{"text":"学院简介","icon":"about","path":"intro/school/psychology/intro"},{"text":"专业介绍","icon":"intro","path":"intro/school/psychology/enroll"}]}],"images":[],"id":"intro/school/psychology/index","scopeData":{"@type":"general","uniq_id":"intro/school/psychology/index","title":"心理学院","digest":"","thumbs":["https://mp.innenu.com/img/inNENU.jpg"],"tags":[]}}