{"title":"心理学院介绍","desc":"来源: 2021年本科招生指南","time":"2021年11月19日","shareable":true,"content":[{"tag":"carousel","images":["https://mp.innenu.com/img/school/psychology.jpg"],"url":["https://mp.innenu.com/img/school/psychology.jpg"]},{"tag":"title","text":"学院简介"},{"tag":"p","text":["东北师范大学心理学院的前身是1951年成立的教育系心理学教研室。心理学专业于1980年正式获批本科招生专业，1994 年设立心理学系，2017 年设立独立的心理学院。"],"style":"text-indent: 1.5em; "},{"tag":"title","text":"学科建设"},{"tag":"p","text":["学院拥有3个学术型硕士学位(基础心理学、发展与教育心理学、应用心理学)授权点，2个专业硕士学位(应用心理学、心理健康教育)授权点,1个一级学科(心理学)博士授权点、2个二级学科博士点(发展与教育心理学、基础心理学)和心理学博士后科研流动站。发展与教育心理学专业2006年被评为吉林省重点学科，心理学专业2010年被评为第六批国家特色专业，2015 年被评为吉林省品牌专业，2019年获得国家级一流本科专业建设点。"],"style":"text-indent: 1.5em; "},{"tag":"title","text":"学院环境"},{"tag":"p","text":["学院具有国内一流的心理学科学研究条件，实验室面积500余平方米，投资1000余万元。目前已建成事件相关脑电位(ERP)实验室、经颅磁刺激(TMS)实验室，眼动实验室、生物反馈实验室、视听觉实验室、虚拟现实(VR) 实验室，发展心理实验室以及应用心理实验室等，心理学实验室的环境和设备一直处于国内一 流水平。2008年获批认知与脑科学吉林省高等学校重点实验室，2014 年被评为省级实验教学示范中心。"],"style":"text-indent: 1.5em; "},{"tag":"title","text":"师资力量"},{"tag":"p","text":["学院现有在岗专业教师33人。其中，教授11人，副教授13人,博士生导师15人。近年来，学院教师在Neuroscience Letters、Journal of Exper imental Psychology、Psychophysiology、Experimental Psychology. 心理学报、心理科学进展等国际主流检索期刊源以及国内权威期刊发表高水平论文百余篇，其中包括多篇SCI和SSCI论文。出版多部学术著作，其中包括国家级规划教材。承担多项国家级和省部级项目。"],"style":"text-indent: 1.5em; "},{"tag":"title","text":"联系方式"},{"tag":"ul","text":["地址: 吉林省长春市人民大街5268号","邮政编码: 130024","邮箱: psy@nenu.edu.cn","电话: 0431-85099535","传真: 0431-85099535"]},{"tag":"phone","fName":"心理学院","num":"0431-85099535","org":"东北师范大学","street":"吉林省长春市人民大街5268号","postCode":"130024","mail":"psy@nenu.edu.cn","site":"https://psy.nenu.edu.cn/"}],"images":[],"id":"intro/school/psychology/intro","scopeData":{"@type":"general","uniq_id":"intro/school/psychology/intro","title":"心理学院介绍","digest":"东北师范大学心理学院的前身是1951年成立的教育系心理学教研室。心理学专业于1980年正式获批本科招生专业，1994 年设立心理学系，2017 年设立独立的心理学院。学院拥有3个学术型硕士学位(基础心理学、发展与教育心理学、应用心理学)授权","thumbs":["https://mp.innenu.com/img/inNENU.jpg"],"tags":["学院简介","学科建设","学院环境","师资力量","联系方式"]}}