{"title":"纽瓦克学院招生","author":"Mr.Hope","time":"2022 年 6 月 27 日","shareable":true,"content":[{"tag":"title","text":"本科招生情况"},{"tag":"p","text":["现已停招"],"style":";display: inline-block"},{"tag":"list","header":"专业介绍","items":[{"text":"公共事业管理","path":"intro/school/newark/public"},{"text":"金融学","path":"intro/school/newark/finance"},{"text":"物流管理学","path":"intro/school/newark/supply"}]}],"cite":[],"id":"intro/school/newark/enroll"}