{"title":"净月存取款","time":"2022 年 6 月 27 日","shareable":true,"id":"guide/life/atm/jingyue","author":"Mr.Hope","cite":[],"content":[{"tag":"title","text":"校内 ATM"},{"tag":"location","title":"ATM 位置","points":[{"latitude":43.827284,"longitude":125.423359}]},{"tag":"text","text":["目前已有 ATM 入驻的银行有交通银行(可存钱) 、中国银行、中国建设银行、中国邮政储蓄银行、中国农业银行。","另外，纽瓦克学院(行政楼)一楼也有交通银行取款机。"]},{"tag":"title","text":"校外银行"},{"tag":"location","title":"校外银行","points":[{"latitude":43.827252,"longitude":125.435045,"name":"交通银行"},{"latitude":43.827027,"longitude":125.43547,"name":"邮政储蓄银行"}]}]}