{"title":"常见问题","author":"Mr.Hope","time":"2022 年 6 月 27 日","shareable":true,"content":[{"tag":"text","type":"info","heading":"什么情况下需要向医保局或保险公司备案?","text":["针对商业保险，不存在备案，只有报案出险。当参保学生在外地因急诊住院的才需要向医保局备案，这种情况按转诊异地住院治疗标准支付。"]},{"tag":"text","type":"info","heading":"急诊住院包含哪些情况?","text":["急性脑出血、急性心衰、急性心肌梗塞、心脏骤停、高血压危象、急性肺水肿、 急性肺栓塞、哮喘持续状态、大咯血、癫痫持续状态、昏迷、休克、开放性外伤及骨折等抢救以及危急生命的急救住院。"]},{"tag":"text","type":"info","heading":"如何登记备案?","text":["在入院后 3 个工作日内到 (或电话通知) 长春市医保局经办机构登记备案。","长春市医保局急诊登记电话: 12393"]},{"tag":"phone","fName":"长春市医保局急诊登记电话","num":"12393"}],"cite":[],"id":"guide/check/insurance/faq"}