{"title":"保险","author":"Mr.Hope","time":"2021年9月13日","shareable":true,"content":[{"tag":"list","items":[{"text":"保险介绍","icon":"intro","path":"guide/check/insurance/intro"}]},{"tag":"list","header":"相关详情","items":[{"text":"城乡居民基本医疗保险","path":"guide/check/insurance/base"},{"text":"大学生医疗补充保险","path":"guide/check/insurance/supplement"},{"text":"大学生公费医疗","path":"guide/check/insurance/public"}]},{"tag":"list","header":"更多","items":[{"text":"医保卡","icon":"card","path":"guide/check/insurance/card"},{"text":"常见流程","icon":"flow","path":"guide/check/insurance/flow"},{"text":"常见问题","icon":"faq","path":"guide/check/insurance/faq"}]}],"cite":[],"id":"guide/check/insurance/index"}