{"title":"大学生水平英语测试常见问题","author":"Mr.Hope","time":"2021年11月23日","shareable":true,"content":[{"tag":"text","type":"info","heading":"四六级都必须要考吗?","text":["四级必须，六级可选。一般认为四级和六级分别对应大学生在第四个学期和第六个学期应有的英语水平，因而大学一般会对毕业生有四级考试通过的要求，六级作为较高水平的测试，仅在保研时有需求。"]},{"tag":"text","type":"info","heading":"口语有必要考吗?","text":["因人而异。如果您需要，可以考一下。"]},{"tag":"text","type":"info","heading":"如何查询CET的成绩?","text":["目前，CET暂仅提供当次考试成绩查询，上半年笔试和口试成绩，考生在8月通中国考试网进行查询，下半年笔试和口试成绩，考生在第二年的2月通过中国考试网进行查询。"]},{"tag":"copy","content":"http://cjcx.neea.edu.cn/html1/folder/21045/4883-1.htm"},{"tag":"text","type":"info","heading":"如何领取成绩报告单?","text":["自2016年起，CET成绩报告单同时报道笔试和口试成绩，考生在笔试考试结束90个工作日到笔试考点领取。","我校会直接通过学院下发。"]},{"tag":"text","type":"info","heading":"成绩报告单丢失了可以补办吗?","text":["成绩报告单遗失或毁损后不予补发，但可按规定办理CET考试成绩证明。具体办法请见成绩证明。"]},{"tag":"list","header":false,"items":[{"text":"成绩证明","path":"guide/exam/cet/proof"}]},{"tag":"text","type":"info","heading":"CET笔试中的注意事项","text":["(1)考生在在答题笔试前，请认真完成以下内容:\n\n请检查试题册背面条形码粘贴条、答题卡的印刷质量，如有问题及时向监考员反应，确认无误后完成以下两点要求。\n请将试题册背面条形码粘贴条揭下后粘贴在答题卡1的条形码粘贴框内，并将姓名和准考证号填写在试题册背面相应位置。\n请在答题卡1和答题卡2指定位置用黑色签字笔填写准考证号、姓名和学校名称，并用HB-2B铅笔将对应准考证号的信息点涂黑。\n\n(2)考生在笔试考试过程中，请注意以下内容:\n\n所有题目必须在答题卡上规定位置作答，在试题册上或答题卡上非规定位置的作答一律无效。\n请在规定时间内在答题卡指定位置依次完成作文、听力、阅读、翻译各部分考试，作答作文期间不得翻阅该试题册。听力录音播放完毕后，请立即停止作答，监考员将立即回收答题卡1，得到监考员指令后方可继续作答。\n作文题内容印在试题册背面，作文题及其他主观题必须用黑色签字笔在答题卡指定区域内作答。"]},{"tag":"text","type":"info","heading":"CET口试中的注意事项","text":["CET-SET为计算机化考试，请提前登陆本网站，熟悉考试系统。","考生须按准考证上规定时间到达考场，入场时必须携带准考证和与准考证上一致的身份证件；禁止将手机、其他具有通讯功能的电子产品及考试用书、参考材料等与考试无关的物品带入考场。","考生进入考场后须在指定考试用机上按系统提示在规定时间内进行登录、测试设备、作答；考试结束后，经监考员允许方可离开考场。","考试期间考生须遵守考试纪律，服从管理人员安排。","考生未在规定时间内入场，按弃考处理；入场后未按要求进行登录、测试设备、考试，或未得到监考员允许离开考场的，按违规处理，成绩无效。","考试期间考试系统出现问题时，考生须及时举手示意，经系统管理员和监考员确认后认为本场不能排除系统故障，将安排其至另外场次进行考试。如果确认因系统故障导致考生不能完成本次考试，将退还本次考试费"]},{"tag":"text","type":"info","heading":"如对成绩有异议怎么办?","text":["如对成绩有异议，可按规定进行分数核查，具体办法请见成绩核查。"]},{"tag":"list","header":false,"items":[{"text":"成绩核查","path":"guide/exam/cet/check"}]},{"tag":"text","type":"info","heading":"查询成绩为什么是0?","text":["以下几种情况会造成成绩为0分:","1. 缺考","2. 违规","3. 参加考试，但在考试时未按规定粘贴条形码","4. 参加考试，总成绩在220分及以下。"]}],"cite":[],"id":"guide/exam/cet/faq"}