{"title":"生命科学学院","author":"Mr.Hope","time":"2020年9月1日","photo":["https://mp.innenu.com/img/school/biology.jpg","https://mp.innenu.com/img/school/biology1.jpg","https://mp.innenu.com/img/school/biology2.jpg","https://mp.innenu.com/img/school/biology3.jpg"],"content":[{"tag":"list","content":[{"text":"学院简介","path":"intro/apartment/biology/intro"},{"text":"专业介绍","path":"intro/apartment/biology/enroll"}]},{"tag":"copy","header":"官网地址","text":"https://sky.nenu.edu.cn/"}],"images":[],"id":"map/benbu/school/biology","scopeData":{"@type":"general","uniq_id":"map/benbu/school/biology","title":"生命科学学院","digest":"","thumbs":["https://mp.innenu.com/img/inNENU.jpg"],"tags":[]}}