{"title":"体育学院","author":"Mr.Hope","time":"2020年9月1日","photo":["https://mp.innenu.com/img/school/PE.jpg","https://mp.innenu.com/img/school/PE1.jpg","https://mp.innenu.com/img/school/PE2.jpg","https://mp.innenu.com/img/school/PE3.jpg"],"content":[{"tag":"account","name":"体育学院","logo":"https://mp.innenu.com/img/media/pe.png","detail":"青年力量","wxid":"nenupetw","wxcode":"https://mp.innenu.com/img/media/pe-wechat.jpg","account":"pe","location":{"latitude":43.85841,"longitude":125.32668},"mail":"pe@nenu.edu.cn","site":"https://pe.nenu.edu.cn/"},{"tag":"list","content":[{"text":"学院简介","icon":"about","path":"intro/school/pe/intro"},{"text":"专业介绍","icon":"intro","path":"intro/school/pe/enroll"},{"text":"学科建设","icon":"degree","path":"intro/school/pe/subject"}]}],"id":"map/benbu/school/PE","scopeData":{"@type":"general","uniq_id":"map/benbu/school/PE","title":"体育学院","digest":"","thumbs":["https://mp.innenu.com/img/inNENU.jpg"],"tags":[]}}