{"title":"元晖支教团","author":"Mr.Hope","time":"2022 年 6 月 27 日","shareable":true,"content":[{"tag":"title","text":"简介"},{"tag":"p","text":["元晖支教团由历史悠久，受众广泛的三个支教团组合而成，连续多年奔赴青海、甘肃、黑龙江、四川、河北、宁夏、广西等贫困地区进行暑期支教，累计总时长超过 8500 小时，志愿者人数 800 余人，受益学生近 15000 人。并将坚持去偏远贫困地区支教，为更多的学生带去希望的种子"],"style":";display: inline-block"}],"cite":[],"id":"guide/association/volunteer/yuanhui"}