{"title":"志远支教团","author":"Mr.Hope","time":"2022 年 6 月 27 日","shareable":true,"content":[{"tag":"title","text":"简介"},{"tag":"p","text":["“志远”支教团由文学院指导，下设星星辽原、豫见明天、远方有你、蜀遇你、札木琴五个地方分团。号召学生学习冯志远老师胸怀祖国、献身教育的崇高品德，由学生自发组织，每年前往南北各地进行支教活动。"],"style":";display: inline-block"}],"cite":[],"id":"guide/association/volunteer/zhiyuan"}