{"title":"本科生选课","author":"Mr.Hope","time":"2021年11月23日","shareable":true,"cite":["http://my.nenu.edu.cn/hallIndex/showAppDetail?appid=9d28701efc164f0986d4a635fd8ea93a"],"content":[{"tag":"title","text":"执行流程"},{"tag":"img","src":"https://mp.innenu.com/img/action/select.jpg"},{"tag":"title","text":"相关内容"},{"tag":"list","header":false,"content":[{"text":"选课介绍","icon":"select","path":"guide/select/index"}]}],"id":"guide/action/under/select","images":["https://mp.innenu.com/img/action/select.jpg"],"scopeData":{"@type":"general","uniq_id":"guide/action/under/select","title":"本科生选课","cover":"https://mp.innenu.com/img/action/select.jpg","digest":"","thumbs":["https://mp.innenu.com/img/action/select.jpg"],"tags":["执行流程","相关内容"]}}