{"title":"本部天猫超市","desc":"分布图与照片由晴子提供","author":"Mr.Hope，晴子","time":"2021年9月25日","shareable":true,"content":[{"tag":"text","type":"tip","text":["天猫超市于 2021 年暑假入驻本部校区。"]},{"tag":"title","text":"种类分布"},{"tag":"text","text":["天猫超市物品种类齐全，无论是生活用品、文体用品，还是食品、饮品、面包、水果等都可以买到。"]},{"tag":"img","src":"https://mp.innenu.com/img/shop/tmall-shop-map.jpg","desc":"超市物品分布图"},{"tag":"text","type":"info","heading":"开学季售卖的床上物品与价格","text":["毛毯35，套装被子130，单独55，床单63，床垫58"]},{"tag":"title","text":"支付方式"},{"tag":"text","heading":"自动付款(支付宝)","text":["需要自行将商品扫码，并使用支付宝支付码进行支付"]},{"tag":"img","src":"https://mp.innenu.com/img/shop/tmall-shop-pay.jpg","desc":"自助结账处"},{"tag":"text","heading":"人工","text":["如使用微信需要使用人工付款。"]},{"tag":"title","text":"价格"},{"tag":"text","text":["天猫超市为常规的零售价。"]},{"tag":"title","text":"超市图片"},{"tag":"text","heading":"生活用品区"},{"tag":"carousel","url":["https://mp.innenu.com/img/shop/tmall-shop1.jpg","https://mp.innenu.com/img/shop/tmall-shop2.jpg","https://mp.innenu.com/img/shop/tmall-shop3.jpg","https://mp.innenu.com/img/shop/tmall-shop4.jpg","https://mp.innenu.com/img/shop/tmall-shop5.jpg","https://mp.innenu.com/img/shop/tmall-shop6.jpg","https://mp.innenu.com/img/shop/tmall-shop7.jpg","https://mp.innenu.com/img/shop/tmall-shop8.jpg","https://mp.innenu.com/img/shop/tmall-shop9.jpg"]},{"tag":"text","heading":"食品区"},{"tag":"carousel","url":["https://mp.innenu.com/img/shop/tmall-shop10.jpg","https://mp.innenu.com/img/shop/tmall-shop11.jpg","https://mp.innenu.com/img/shop/tmall-shop12.jpg","https://mp.innenu.com/img/shop/tmall-shop13.jpg"]},{"tag":"text","heading":"饮品区"},{"tag":"carousel","url":["https://mp.innenu.com/img/shop/tmall-shop14.jpg","https://mp.innenu.com/img/shop/tmall-shop15.jpg"]}],"images":["https://mp.innenu.com/img/shop/tmall-shop-map.jpg","https://mp.innenu.com/img/shop/tmall-shop-pay.jpg"],"id":"guide/shop/tmall-shop","scopeData":{"@type":"general","uniq_id":"guide/shop/tmall-shop","cover":"https://mp.innenu.com/img/shop/tmall-shop-map.jpg","title":"本部天猫超市","digest":"天猫超市于 2021 年暑假入驻本部校区。天猫超市物品种类齐全，无论是生活用品、文体用品，还是食品、饮品、面包、水果等都可以买到。开学季售卖的床上物品与价格 毛毯35，套装被子130，单独55，床单63，床垫58自动付款(支付宝) 需要自行","thumbs":["https://mp.innenu.com/img/shop/tmall-shop-map.jpg","https://mp.innenu.com/img/shop/tmall-shop-pay.jpg"],"tags":["种类分布","支付方式","价格","超市图片"]}}