{"title":"研究生会","desc":"来源: 校团委官网","time":"2022 年 6 月 27 日","shareable":true,"content":[{"tag":"account","name":"研究生会","logo":"https://mp.innenu.com/img/organization/yanHui.png","desc":"东北师范大学研究生会","mail":"nenuPGU@163.com"},{"tag":"p","heading":" ","text":["东北师范大学研究生会是学校党委统一领导、团委具体指导下的主要学生组织，是吉林省学生联合会第十届委员会主席单位。校内各学院(部、所)设学院(部、所)研究生会，其在同级党组织领导、团组织指导下开展工作，同时接受校级研究生会的指导，协助校级研究生会开展工作。","校院两级研究生会以习近平新时代中国特色社会主义思想为指导，以加强对研究生同学的政治引领为根本，以全心全意服务同学为宗旨，通过理论学习、专题调研、实践活动等方式及时向研究生群体传达党的声音和主张，全力引导广大研究生同学把个人理想融入到党和人民的共同奋斗之中。","校级研究生会实行“主席团+工作部门”的组织架构，共设有办公室、科研部、宣传部、生活部、文体部、女生部 6 个部门，本部和净月两校区各设校区研究生会。其中主席团成员 4 至 5 人，各部门负责人 2 至 3 人(两校区各 1 至 2 人)，各部门工作人员 2-6 人(两校区各 1-3 人)。","东北师范大学研究生会面向全体同学，始终坚持“从同学中来、到同学中去”的工作原则，依托丰富多彩的校园文化活动听取、收集研究生同学在学业发展、身心健康、社会融入等方面的普遍需求和现实困难并及时反馈学校，服务广大研究生同学全面成长成才。"],"style":";display: inline-block"}],"cite":[],"id":"guide/organization/graduate"}