{"title":"招生情况","grey":true,"author":"Mr.Hope","time":"2022年5月23日","shareable":true,"content":[{"tag":"list","header":"本科招生","items":[{"text":"本科招生信息","icon":"about","path":"intro/enroll/under/info"},{"text":"2022 年本科招生章程","icon":"intro","path":"intro/enroll/under/rule/2022"},{"text":"2022 年高校专项计划招生简章","icon":"intro","path":"intro/enroll/under/rule/2022-plan"},{"text":"2022 年美术类专业招生简章","icon":"intro","path":"intro/enroll/under/rule/2022-art"},{"text":"2022 年舞蹈编导专业招生简章","icon":"intro","path":"intro/enroll/under/rule/2022-dance"},{"text":"2022 年播音与主持艺术专业招生简章","icon":"intro","path":"intro/enroll/under/rule/2022-host"},{"text":"2022 年音乐学专业招生简章","icon":"intro","path":"intro/enroll/under/rule/2022-music"},{"text":"更多","icon":"more","path":"intro/enroll/under/index"}]},{"tag":"list","header":"研究生招生","items":[{"text":"2022 年招生专业、人数与联系方式","icon":"about","path":"intro/enroll/grad/major/2022"},{"text":"2022 年硕士研究生招生简章","icon":"rule","path":"intro/enroll/grad/rule/2022"},{"text":"东师研招公众号","icon":"wechat","url":"account-detail?path=graduate"},{"text":"更多","icon":"more","path":"intro/enroll/grad/index"}]},{"tag":"list","header":"第二学士学位","items":[{"text":"2022 年第二学士学位招生简章","icon":"rule","path":"intro/enroll/second-degree/2022"}]}],"cite":[],"id":"intro/enroll/index"}