{"title":"保险","time":"2022 年 8 月 7 日","grey":true,"shareable":true,"id":"guide/insurance/index","author":"Mr.Hope","cite":[],"content":[{"tag":"list","items":[{"text":"保险介绍","icon":"intro","path":"guide/insurance/intro"}]},{"tag":"list","header":"相关详情","items":[{"text":"城乡居民基本医疗保险","path":"guide/insurance/base"},{"text":"大学生医疗补充保险","path":"guide/insurance/supplement"},{"text":"大学生公费医疗","path":"guide/insurance/public"}]},{"tag":"list","header":"更多","items":[{"text":"城乡居民基本医疗保险缴费","icon":"money","path":"guide/insurance/base-pay"},{"text":"城乡居民基本医疗保险报销","icon":"insurance","path":"guide/insurance/reimburse"},{"text":"医保卡","icon":"card","path":"guide/insurance/card"},{"text":"常见流程","icon":"flow","path":"guide/insurance/flow"},{"text":"常见问题","icon":"faq","path":"guide/insurance/faq"}]}]}