{"title":"教育学部招生","desc":"研究生招生信息来自研究生院","time":"2022 年 7 月 31 日","shareable":true,"content":[{"tag":"title","text":"本科招生概况"},{"tag":"p","text":["教育学部自 1951 年开始招收培养本科生，2022 年招生专业为教育学类、学前教育(公费师范)、小学教育(公费师范)，全部是国家级一流本科专业建设点。"],"style":";display: inline-block"},{"tag":"list","header":"专业详情","items":[{"text":"教育学类","path":"intro/school/education/class"},{"text":"小学教育(公费师范)","path":"intro/school/education/primary-normal"},{"text":"学前教育(公费师范)","path":"intro/school/education/before-normal"}]},{"tag":"title","text":"专业介绍视频"},{"tag":"text","heading":"松高芝兰 教育诗篇"},{"tag":"video","src":"https://www.nenu.edu.cn/__local/E/E6/64/9007D5AFAE7394E7634FB10B334_9F427052_54D380A0.mp4?e=.mp4"},{"tag":"title","text":"本科招生咨询电话"},{"tag":"phone","fName":"王老师","num":"0431-85098033","org":"东北师范大学教育学部","title":"本科教务秘书","street":"吉林省长春市人民大街 5268 号","postCode":"130024","mail":"fed@nenu.edu.cn"},{"tag":"title","text":"硕士研究生招生概况"},{"tag":"img","src":"https://mp.innenu.com/img/enroll/education-master.png","desc":"2021 年招生情况"},{"tag":"phone","header":"硕士研究生招生咨询电话","fName":"建光","lName":"肖","num":"0431-85098033","org":"东北师范大学教育学部","title":"硕士研究生招生负责人","street":"吉林省长春市人民大街 5268 号","postCode":"130024","mail":"xiaojg074@nenu.edu.cn"}],"cite":[],"id":"intro/school/education/enroll"}