{"title":"洗浴充值","author":"Mr.Hope","time":"2021年11月22日","shareable":true,"content":[{"tag":"text","type":"info","text":["您需要先关注微信公众号“台州博诚”。"]},{"tag":"list","header":false,"content":[{"text":"浴池账户与计费","icon":"account","path":"guide/bath/account"}]},{"tag":"text","text":["点击公众号“台州博诚”内“钱包充值”菜单并选择自己的校区"]},{"tag":"img","src":"https://mp.innenu.com/img/bath/charge-menu.jpg","desc":"充值菜单"},{"tag":"text","text":["之后输入自己充值的金额 (不能低于￥20) 并支付"]},{"tag":"text","type":"tip","text":["首次点击时请按照要求进行微信登陆"]},{"tag":"img","src":"https://mp.innenu.com/img/bath/charge-pay.jpg","desc":"充值页面"}],"id":"guide/bath/charge","images":["https://mp.innenu.com/img/bath/charge-menu.jpg","https://mp.innenu.com/img/bath/charge-pay.jpg"],"scopeData":{"@type":"general","uniq_id":"guide/bath/charge","title":"洗浴充值","cover":"https://mp.innenu.com/img/bath/charge-menu.jpg","digest":"您需要先关注微信公众号“台州博诚”。点击公众号“台州博诚”内“钱包充值”菜单并选择自己的校区之后输入自己充值的金额 (不能低于￥20) 并支付首次点击时请按照要求进行微信登陆","thumbs":["https://mp.innenu.com/img/bath/charge-menu.jpg","https://mp.innenu.com/img/bath/charge-pay.jpg"],"tags":[]}}