{"name":"东师地科","desc":"愿地科君常伴地科人","logo":"http://mp.innenu.com/img/wechat/geography.jpg","authorized":false,"content":[{"cover":"http://mmbiz.qpic.cn/mmbiz_jpg/MiaPTgnwE8aerWuDpfdhm5LZzjicLC4EVTL2UdyXnJxSho1EmHzqtsKpbaAGXN8NMO1NTub143vO0cF4YYI9r6rw/0?wx_fmt=jpeg","title":"新生特辑（七） | 震惊，159人齐聚东师地科，竟是为了……","url":"https://mp.weixin.qq.com/s/AtphaI7CEvUJ4gOJpTUz8g"},{"cover":"http://mmbiz.qpic.cn/mmbiz_jpg/MiaPTgnwE8acsXrC4aS4Wekxs0ph5ib4QvSRhicMibkrn9wzoO8sG2Wr7qgwvFG3McEo6VbwM4r1ZgA6vIee1DFSHg/0?wx_fmt=jpeg","title":"新生特辑（六） | 展学子风采，品地理特色","url":"https://mp.weixin.qq.com/s/-I9BTR4mfugvizozeDWITw"},{"cover":"http://mmbiz.qpic.cn/mmbiz_jpg/MiaPTgnwE8aenKn2dofpUAAsibe3ssQVScoe5sMibkxXlmFrKu9loiahuttTI9wiagc3yaZ20ibl0vQWDMR9UVEzBy5A/0?wx_fmt=jpeg","title":"新生特辑（五） | 学在东师","url":"https://mp.weixin.qq.com/s/s1MwJcBgqwekQ5V2wO5xEg"},{"cover":"http://mmbiz.qpic.cn/mmbiz_jpg/MiaPTgnwE8aenKn2dofpUAAsibe3ssQVSc4V4jrTgmRIhk4mlnJxwqc2dT8QLlm1iaNDnzCXa3KLpmoJ6ZPSgL1YA/0?wx_fmt=jpeg","title":"新生特辑（四） | 生活在东师","url":"https://mp.weixin.qq.com/s/D4kslnsJ5f6mWtweQ7YDhw"},{"cover":"http://mmbiz.qpic.cn/mmbiz_jpg/MiaPTgnwE8aenKn2dofpUAAsibe3ssQVScuupAsJV2FlanqIYRHxxyEpViawJnjdF5cAaCibaKUPVUjwnDFx0S6Pfw/0?wx_fmt=jpeg","title":"新生特辑（三） | 备品篇","desc":"整理装备，朝着东师，出发！","url":"https://mp.weixin.qq.com/s/UK4ktquwnseSDKe6Q3xIgw"},{"cover":"http://mmbiz.qpic.cn/mmbiz_jpg/MiaPTgnwE8aenKn2dofpUAAsibe3ssQVScg9bK3dPRFGnfA8xYla6uXicbxtRKoJu2ORYUtrCydzB0CicpYtmPxJrA/0?wx_fmt=jpeg","title":"新生特辑（二） | 我在东师等你来","desc":"东师的小可爱们，你们终于来了！！！","url":"https://mp.weixin.qq.com/s/xy2_-6WvjjGy2d_qOzzN8A"},{"cover":"http://mmbiz.qpic.cn/mmbiz_jpg/MiaPTgnwE8adYjdgKXEbamJ4mk4Y5T632KQ9hdhrxt0VdFH9icyFJicFticmlwECRMPVxh6FP0Qg0icbQ7FWdQKpCrQ/0?wx_fmt=jpeg","title":"新生特辑（一）| 遇见东师地理","desc":"一起来遇见最美的东师地科吧！","url":"https://mp.weixin.qq.com/s/J9uOg5Tnb7Cxw0I1ri4n_w"},{"cover":"http://mmbiz.qpic.cn/mmbiz_jpg/MiaPTgnwE8aeHeWicYftrOpoIQ0AyNfNYQPR3Owy4Js0lGdrgibNFKaLyDsQ2rDE25mMdXGxgNZWGY9gXA4np2saA/0?wx_fmt=jpeg","title":"2021毕业季 | 愿以梦为马，不负韶华","url":"https://mp.weixin.qq.com/s/wWm7gcAZ0MfRVqXSOO24uw"},{"cover":"http://mmbiz.qpic.cn/mmbiz_jpg/MiaPTgnwE8afuhLc5ggTwg0uRVghDPiby95ZKrJoiaY6QCAS3Uyl48gKBhrEK35DLYT30gibNkicmhtpkK940qML5lA/0?wx_fmt=jpeg","title":"2021毕业季 | 一“柒”再出发","url":"https://mp.weixin.qq.com/s/WyMojpTqg6ZszqOJIypNRg"},{"cover":"http://mmbiz.qpic.cn/mmbiz_jpg/MiaPTgnwE8adibXibzJuWZVYLPl6zianV02RDibcjcNRQVbr47fszpWtX8nPRwF48XAh4whqQia45mT5J6fbRV8vk21g/0?wx_fmt=jpeg","title":"你记忆中的童年零食还在吗","desc":"儿时的零食，每一口都是不想长大的倔强。","url":"https://mp.weixin.qq.com/s/Eys6aFe9DV2AYmiJQRsmbQ"},{"cover":"http://mmbiz.qpic.cn/mmbiz_jpg/MiaPTgnwE8acVDUALedzew6sG52PftqMrHaDNPeZ7EpWTn5s9cBnPeH6poUAibAhHrwjxrZboz0WzojPZTibkLxcA/0?wx_fmt=jpeg","title":"当代大学生迷惑快递行为大赏","desc":"千里送快递，礼重情义重。","url":"https://mp.weixin.qq.com/s/KIoIUG2s4RdubOS8mQqbvA"},{"cover":"http://mmbiz.qpic.cn/mmbiz_jpg/MiaPTgnwE8aeKx5BamuIZyn0djtuiaj3XLv060lnpUfKb8oKJOHqiaQr4Pr2gTlTQVB0XlTUjLvnHneTGw5ibZoD4g/0?wx_fmt=jpeg","title":"几分钟，让你成为电脑大神","desc":"新的一年即将到来——你与大神，就差这篇文章","url":"https://mp.weixin.qq.com/s/oRQFQjFU2XY28TfjJ_zXQg"},{"cover":"http://mmbiz.qpic.cn/mmbiz_jpg/MiaPTgnwE8aficibBefZZpz8Dew6mYHwbbIY0QiaLp2KzuiczTaV7nRjYic9suuPnSibc9mSgu3ic2k5n7BEJ2wfnib017Q/0?wx_fmt=jpeg","title":"太太太太真实了！这不就是我和我爸妈的聊天记录吗？？","desc":"那些让人哭笑不得的父母语录，一起来康康吧~","url":"https://mp.weixin.qq.com/s/I-PeSR7LkMwh6iUBQBrjzA"},{"cover":"http://mmbiz.qpic.cn/mmbiz_jpg/MiaPTgnwE8afQD4KUr7PLicnX1swGxUiaSZm1IfgPva88A4zRMezEj3Rytv6axaUIESTic7GIibia7jia2yKZsmk96u6w/0?wx_fmt=jpeg","title":"信息泄露？不！","desc":"在这里地科君将会教你如何保护个人信息","url":"https://mp.weixin.qq.com/s/1jfOKktISkpeavOXvrFflw"},{"cover":"http://mmbiz.qpic.cn/mmbiz_jpg/MiaPTgnwE8afquib8ss6icwTbPtYto3oicYia9tIyia1fdOmjLwibDBAYff8zKztQVHRibOZYqNxuiaC7eqqmaTukAKOdJQ/0?wx_fmt=jpeg","title":"喜欢东师地理的N个理由","url":"https://mp.weixin.qq.com/s/FimacBhemAWUPLPLfXhqyQ"},{"cover":"http://mmbiz.qpic.cn/mmbiz_jpg/MiaPTgnwE8acWVnpiaj0oMhwHH8Dcn1ODBicVk6jfYBIP0kUicfSp21obZ2ynYWP7wVW5A9FJJfzFSzQ0UN4DwoM8g/0?wx_fmt=jpeg","title":"2020毕业季 | 愿有前程可奔赴，亦有岁月可回首","url":"https://mp.weixin.qq.com/s/j75ZhmKHN2Q83KuHCUbdMw"},{"cover":"http://mmbiz.qpic.cn/mmbiz_jpg/MiaPTgnwE8afcBnEe4OibRmu23ExHpppvdKDMKP0nTRM8BQlicVSvS3ytkL4Hiagn4X5rPSugLu190dnxIMetmfB2A/0?wx_fmt=jpeg","title":"2020毕业季 | 愿我们乘风破浪，一“陆”有你","url":"https://mp.weixin.qq.com/s/dlHhTE53_R4NJPmYfNn4zQ"},{"cover":"http://mmbiz.qpic.cn/mmbiz_jpg/MiaPTgnwE8achjZzUE5eVs54DEuNVMrQJBcKGFs7wiadNFmJicg8tn7icL6N7gEJESNALFJqMw2H5MdWRxnxKtbxZw/0?wx_fmt=jpeg","title":"对战疫情，我在一“线” | 你的专业可以为抗疫做什么","url":"https://mp.weixin.qq.com/s/S0_np1BNsrTZ3d9kIoo6Pg"}]}