{"title":"纽瓦克学院招生","author":"Mr.Hope","time":"2021年8月15日","shareable":true,"content":[{"tag":"title","text":"本科招生情况"},{"tag":"p","text":["现已停招"],"style":"text-indent: 1.5em; "},{"tag":"list","header":"专业介绍","content":[{"text":"公共事业管理","path":"intro/school/newark/public"},{"text":"金融学","path":"intro/school/newark/finance"},{"text":"物流管理学","path":"intro/school/newark/supply"}]}],"images":[],"id":"intro/school/newark/enroll","scopeData":{"@type":"general","uniq_id":"intro/school/newark/enroll","title":"纽瓦克学院招生","digest":"现已停招","thumbs":["https://mp.innenu.com/img/inNENU.jpg"],"tags":["本科招生情况"]}}