{"title":"纽瓦克学院介绍","desc":"来源: 东北师范大学罗格斯大学纽瓦克学院官网","shareable":true,"content":[{"tag":"title","text":"学院简介"},{"tag":"p","text":["东北师范大学罗格斯大学纽瓦克学院是经国家教育部正式批准，由东北师范大学与美国罗格斯新泽西州立大学合作设立的中外合作办学机构，为东北师范大学下属的23个学院之一。东北师范大学建立于1946年，是教育部直属高校，国家“211工程”重点建设大学，国家“985工程优势学科创新平台”高校。罗格斯新泽西州立大学(简称“罗格斯大学”)紧邻纽约，是美国最负盛名的公立研究型大学之一。2018年在《美国新闻与世界报道》全球500所大学排行榜上，罗格斯大学位列第69位。东北师范大学罗格斯大学纽瓦克学院培养具有国际视野、通晓国际规则、能够参与国际事务和国际竞争的国际化高端管理人才。学院下设三个专业: 物流管理(供应链管理)、金融、公共事业管理(公共与非盈利管理)；专业课的全部课程均用英语讲授；实行学分制，文理课程和专业课程均实行双教师授课，即由罗格斯大学教授作为主讲教师进行集中授课，全球招聘的外籍教师作为助讲教师进行日常授课。这两个学院享有很高的国际声望，2018年《美国新闻与世界报道》排名分别为全美第48位和第23位，所开设的三个专业中金融学专业全美排名16位，物流管理(供应链管理)专业全美排名第9位，公共事业管理(公共与非盈利管理)专业全美排名第11位。罗格斯大学纽瓦克学院将践行“植根于东师，立足于世界”的办学理念，采用国际先进的教学模式和管理模式，通过东北师范大学与罗格斯大学的通力合作，彰显其自身优势和特色，成为培养国际化、高水平、创新型人才的摇篮。"],"style":"text-indent: 1.5em; "},{"tag":"title","text":"联系方式"},{"tag":"ul","text":["地址: 长春市净月大街2555号","邮政编码: 130117","电话: 0431-84537012"]},{"tag":"phone","fName":"纽瓦克学院","num":"0431-84537012","org":"东北师范大学","street":"吉林省长春市净月大街 2555 号","postCode":"130117","site":"http://newark.nenu.edu.cn/"}],"id":"intro/school/newark/intro","scopeData":{"@type":"general","uniq_id":"intro/school/newark/intro","title":"纽瓦克学院介绍","digest":"东北师范大学罗格斯大学纽瓦克学院是经国家教育部正式批准，由东北师范大学与美国罗格斯新泽西州立大学合作设立的中外合作办学机构，为东北师范大学下属的23个学院之一。东北师范大学建立于1946年，是教育部直属高校，国家“211工程”重点建设大学，","thumbs":["https://mp.innenu.com/img/inNENU.jpg"],"tags":["学院简介","联系方式"]}}