{"title":"公共事业管理专业","author":"Mr.Hope","time":"2021年8月15日","desc":"来源: 东北师范大学罗格斯大学纽瓦克学院官网","shareable":true,"content":[{"tag":"title","text":"专业简介"},{"tag":"p","text":["本专业培养服务于政府和非盈利组织，能够参与公共事业管理和社会活动的专业管理人才。本专业为学生提供大量实质性的知识、分析方法、以及解决专业领域社会问题所需的独特视野，引导学生关注城市化建设和社区发展，了解公共与非盈利管理的精髓，并为学生的职业前景提供专业规划和指导。本专业要求学生具有强烈的社会责任意识和独立思考的能力，把奉献社会、服务公众、为民谋利作为实现自我价值的目标追求。"],"style":"text-indent: 1.5em; "},{"tag":"title","text":"就业方向"},{"tag":"p","text":["公共教育、公共健康、司法与安保、环境治理、商业管理、科研院所、大专院校等公共领域；政府、企事业相关部门"],"style":"text-indent: 1.5em; "}],"id":"intro/school/newark/public","scopeData":{"@type":"general","uniq_id":"intro/school/newark/public","title":"公共事业管理专业","digest":"本专业培养服务于政府和非盈利组织，能够参与公共事业管理和社会活动的专业管理人才。本专业为学生提供大量实质性的知识、分析方法、以及解决专业领域社会问题所需的独特视野，引导学生关注城市化建设和社区发展，了解公共与非盈利管理的精髓，并为学生的职业","thumbs":["https://mp.innenu.com/img/inNENU.jpg"],"tags":["专业简介","就业方向"]}}