{"title":"《东师青年》报社","shareable":true,"content":[["account",{"name":"《东师青年》报社","logo":"https://mp.innenu.com/img/organization/newspaper.png","desc":"东北师范大学《东师青年》报社","qq":3495764565,"wxid":"nenu-youth","wxcode":"https://mp.innenu.com/img/media/newspaper-wechat.jpg","account":"newspaper","mail":"dsqn@nenu.edu.cn"}],["list",{"header":"纳新","content":[{"text":"《东师青年》报社纳新啦~","path":"guide/organization/newspaper/enroll"}]}],["title",{"text":"报社概况"}],["p",{"heading":"报社简介","text":["《东师青年》报社创刊于1999年，覆盖东北师范大学本部、净月两校区，目前是东北师范大学影响力最大的校园媒体组织之一。我们是校团委直接指导下的共青团东北师范大学委员会团报，也是协助校团委宣传部开展平面媒体创作的校级学生组织。","二十年流金岁月，报社在发展中不断壮大，也取得了累累硕果: 全国首届高校社团精英赛中荣获优秀奖、东北地区唯一一家四星级校园媒体、注册上海车展大学生记者团、百度校园媒体合作伙伴……现如今《东师青年》报社已是一个部门齐全，组织完备，分工明确，影响力广泛的校级组织。","“立足校园，观察天下”。深度是我们的执着，温度是我们的坚守。我们以青年之身份，发出独属于我们的拳拳之音。"],"style":"text-indent: 1.5em; "}],["ul",{"heading":"流金岁月","text":["1999年4月22日，《东师青年》报纸创刊，首期报纸八开四版，不定期出刊。","2000年3月29日，创报一周年后首次创新。变换刊头字，从标准字体变为车敏瞧的手写字“东师青年”，版面由八开四版变为四开四版，内容更充实。","2009年4月5日，创刊十周年之际，报纸进行第一次重要改版。","2009年《东师青年》改名为《东师青年》编辑部，刊头字为高长山老师的题字，使用至今。","2011年9月22日第136期，报纸第二次重要改版，首页图片取代正文。","2013年《东师青年》报社在中国高校传媒联盟会员媒体分级评估中被评为四星级会员媒体。","2015年12月10日，报纸进行第三次重要改版。","2019年，《东师青年》报社建社20周年。","......"]}],["p",{"text":["20年来我们聚焦时事、关注热点，共制作了45期特刊，包括非典特刊、汶川地震特刊、雅安地震特刊、防艾特刊、团代会特刊、五四特刊、十九大特刊、迎新特刊、毕业季特刊等。20年来，我们共报道社会新闻事件100余件，如北京奥运、马航失踪、莆田系医院、美国大选、性教育、网贷、电竞等社会新闻事件。同时，专访校园内外人物超200人，从老师到学生，从知名人士到维修员工，都曾对我们吐露心声。我们十余年来的事迹已集结出书，名为《笔上流沙》。书中记载了《东师青年》报社的历史与现在，挫折与成就。","从1999年4月22日至今，《东师青年》报社面向全校发放报纸，两校区共设报刊架16个，邮筒3个。二十年间，我们一共制作199期报纸，共发放报纸794000份。每期报纸包含【乐活】、【人物】、【聚焦】、【专访】、【文论】、【光影】等8或12个版面不等，每一个版面都由东青人用心呈现。","除了坚守纸媒温度，在时代洪流中我们锐意进取，开拓新媒体天地。《东师青年》报社新媒体中心负责《东师青年》报社官方微信公众号、QQ空间、微博以及吉林高校传媒联盟官方微博、东北师范大学团委官网扬思网的运营，公众号NENU东小青开通于2014年4月，至今粉丝将突破20000人。","二十周年流金岁月，报社在历史的沉淀中积累了从报纸编写到办公运行的整体经验，且在时代的发展中推陈出新，不断发展。"],"style":"text-indent: 1.5em; "}],["p",{"heading":"主要版面与活动","text":["报纸目前有8版，主要栏目有乐活版、人物版、聚焦版、时评版、文墨版及光影版，同时有特刊发行，如五四特刊、禁毒防艾特刊等。","除了报纸的编写发行，作为东北师范大学十大校级组织之一，我们不定期举办活动，密切与读者的联系。如【东北师范大学美食节】、【微小说大赛】、【校园新闻大赛】等活动，颇受校内好评。"],"style":"text-indent: 1.5em; "}],["title",{"text":"部门组成"}],["p",{"text":["《东师青年》报社成员分别来自东北师范大学本部校区和净月校区，致力于报纸的编写发行、日常活动的策划开展。我们以编委会为中心，下设社务中心、报务中心、新媒体中心、视觉中心四大板块，每个板块下分设部门进行运作，旨在打造多层次、全方位、宽领域、高格局的现代新型校园媒体。"],"style":"text-indent: 1.5em; "}],["text",{"heading":"社务中心"}],["text",{"type":"info","heading":"办公室","text":["负责会议记录、信息传达、资产管理、制定条例、绩效奖惩和卫生维护，将总管的使命发挥得淋漓尽致。"]}],["text",{"type":"info","heading":"活动统筹部","text":["报社的主要活动策划者及执行者，负责开拓新的活动模式、举办最有意义的报社活动。"]}],["text",{"type":"info","heading":"广告发行中心","text":["负责拉取外联为报社提供资金支持，同时，也是报社和其他社团联系的纽带、叠发报纸的好帮手。"]}],["text",{"heading":"报务中心"}],["text",{"type":"info","heading":"特稿时评部","text":["主要负责文墨版、新闻评论版、书评影评版。雏鸟清音，用文字评判社会事件；着眼社会，用文字记录影片书籍；泼墨挥毫，用笔墨抒写心意。"]}],["text",{"type":"info","heading":"深度专题部","text":["主要负责人物版和深度调查版。立足校园，承担青年重任，在纷繁杂乱的社会热点中解读时代变化，发现校园热点，报道校园新闻，分析社会现象，挖掘时代弄潮儿身上的闪光点。"]}],["text",{"type":"info","heading":"热点采写部","text":["负责净月版、乐活版、读者来信版面。玩转校园新闻，用新鲜、鲜活的方式报道校园新"]}],["text",{"type":"info","heading":"摄影部","text":["负责光影版面及日常摄影任务。"]}],["text",{"heading":"视觉中心"}],["text",{"type":"info","text":["依据报社的宣传需要开展工作，负责对外宣传，设计海报及展板、报纸排版等。"]}],["text",{"heading":"新媒体中心"}],["text",{"type":"info","text":["负责运营微信、微博、QQ三大平台，同时兼顾负责校团委“东北师范大学团委”公众号、推广吉林校媒及校团委官网“扬思网”的工作。"]}],["title",{"text":"其他联系方式"}],["copy",{"header":"微博","text":"http://weibo.com/nenuyouth"}]],"cite":[],"id":"guide/organization/newspaper/index"}