{"title":"后勤管理处","grey":true,"author":"Mr.Hope","time":"2021年8月15日","shareable":true,"content":[{"tag":"list","content":[{"text":"机构设置","icon":"about","path":"intro/apartment/logistics/intro"},{"text":"学校服务监督电话","icon":"phone","path":"intro/apartment/logistics/contact"},{"text":"学生公寓管理办法","icon":"punish","path":"intro/apartment/logistics/rule"}]}],"id":"intro/apartment/logistics/index","scopeData":{"@type":"general","uniq_id":"intro/apartment/logistics/index","title":"后勤管理处","digest":"","thumbs":["https://mp.innenu.com/img/inNENU.jpg"],"tags":["后勤管理处"]}}