{"title":"烘焙坊","desc":"特别鸣谢小艺学长提供部分照片","author":"Mr.Hope","time":"2021年9月8日","shareable":true,"content":[{"tag":"title","text":"本部"},{"tag":"text","heading":"校内","text":["浴池一楼有一家烘焙坊。"]},{"tag":"img","src":"https://mp.innenu.com/img/bath/benbu-shop2.jpg","desc":"梅小姐私房烘焙店"},{"tag":"img","src":"https://mp.innenu.com/img/life/benbu/bath-haircut.jpg","desc":"梅小姐私房烘焙店店内照片"},{"tag":"title","text":"净月"},{"tag":"text","heading":"校内","text":["二食堂一楼有一家"]},{"tag":"swiper","url":["https://mp.innenu.com/img/shop/jingyue-cake1.jpg","https://mp.innenu.com/img/shop/jingyue-cake2.jpg"]},{"tag":"text","text":["烘培坊"],"align":"text-align: center;","style":"font-size: 14px;"},{"tag":"text","heading":"校外","text":["暂无信息。"]}],"images":["https://mp.innenu.com/img/bath/benbu-shop2.jpg","https://mp.innenu.com/img/life/benbu/bath-haircut.jpg"],"id":"guide/life/bake","scopeData":{"@type":"general","uniq_id":"guide/life/bake","cover":"https://mp.innenu.com/img/bath/benbu-shop2.jpg","title":"烘焙坊","digest":"校内 浴池一楼有一家烘焙坊。校内 二食堂一楼有一家烘培坊校外 暂无信息。","thumbs":["https://mp.innenu.com/img/bath/benbu-shop2.jpg","https://mp.innenu.com/img/life/benbu/bath-haircut.jpg"],"tags":["本部","净月"]}}