{"title":"化学学院","author":"Mr.Hope","time":"2020 年 9 月 1 日","photo":["https://mp.innenu.com/img/school/chemistry.jpg","https://mp.innenu.com/img/school/chemistry1.jpg"],"content":[{"tag":"account","name":"化学学院","logo":"https://mp.innenu.com/img/media/chemistry.jpg","detail":"东北师范大学化学学院","wxid":"dongshihuayuan","wxcode":"https://mp.innenu.com/img/media/chemistry-wechat.jpg","account":"chemistry","location":{"latitude":43.86221,"longitude":125.33097},"mail":"chem@nenu.deu.cn","site":"https://chem.nenu.edu.cn/"},{"tag":"list","items":[{"text":"学院简介","icon":"about","path":"intro/school/chemistry/intro"},{"text":"专业介绍","icon":"intro","path":"intro/school/chemistry/enroll"}]}],"cite":[],"id":"map/benbu/school/chemistry"}