{"title":"外国语学院","author":"Mr.Hope","time":"2020年9月1日","photo":["https://mp.innenu.com/img/school/foreign.jpg","https://mp.innenu.com/img/school/foreign.jfif","https://mp.innenu.com/img/school/foreign1.jpg","https://mp.innenu.com/img/school/foreign2.jpg"],"content":[["account",{"name":"外国语学院","logo":"https://mp.innenu.com/img/media/foreign.jpg","detail":"东北师范大学外国语学院","wxid":"nenuwgy","wxcode":"https://mp.innenu.com/img/media/foreign-qrcode.jpg","account":"foreign","location":{"latitude":43.8611,"longitude":125.32707},"mail":"wy@nenu.edu.cn","site":"https://wy.nenu.edu.cn/"}],["list",{"content":[{"text":"学院简介","icon":"about","path":"intro/school/foreign/intro"},{"text":"招生介绍","icon":"intro","path":"intro/school/foreign/enroll"}]}]],"cite":[],"id":"map/benbu/school/foreign"}