{"title":"化学","author":"Mr.Hope","time":"2021年8月15日","desc":"来源: 2021本科招生指南","shareable":true,"content":[["title",{"text":"专业简介"}],["p",{"text":["为教育部批准备案的师范专业，学生毕业后可选择从事教师职业，也可选择继续攻读研究生，或选择从事其他职业。旨在培养适应国家发展需求的化学专业人才的需要,德智体美劳全面发展，具有家国情怀和科学梦想、深厚的化学基础和关联知识储备、良好的科学素养和必备的科研思维、实践技能和解决问题能力的复合性化学人才，能胜任化学及相关领域研发及其他工作需要。"],"style":"text-indent: 1.5em; "}],["title",{"text":"主干课程"}],["ul",{"text":["无机化学","分析化学","有机化学","物理化学","结构化学","高分子科学","普通化学实验","合成化学实验","物理化学实验","综合化学实验","配位化学","化学工程基础","催化原理","无机化合物制备与分析技术","有机化合物制备与分析技术"]}],["title",{"text":"就业方向"}],["text",{"text":["在科研机构、高等学校及企事业单位等从事科学研究、教学工作及管理工作，也可继续深造，攻读化学及其相关专业的研究生。"]}]],"cite":[],"id":"intro/school/chemistry/chemistry"}