{"title":"化学学院专业","author":"Mr.Hope","time":"2021年11月22日","shareable":true,"content":[["title",{"text":"本科招生概况"}],["ul",{"text":["化学(公费师范): ￥0/年","化学: ￥3850/年"]}],["text",{"heading":"专业介绍视频"}],["media",{"type":"video","src":"http://zsb.nenu.edu.cn/__local/E/CB/93/B83A3A45DE8802AB5C09FD37F12_AB2234A1_E4AABBB.mp4?e=.mp4"}],["list",{"content":[{"text":"化学","path":"intro/school/chemistry/chemistry"},{"text":"化学(公费师范)","path":"intro/school/chemistry/normal"}]}],["title",{"text":"硕士研究生招生概况"}],["img",{"src":"https://mp.innenu.com/img/enroll/chemistry-master.png","desc":"2021 年招生情况"}],["phone",{"header":"硕士研究生招生咨询电话","fName":"鹏","lName":"张","num":"0431-85099667","org":"东北师范大学化学学院","title":"硕士研究生招生负责人","street":"吉林省长春市人民大街5268号","postCode":"130024","mail":"zhangp558@nenu.edu.cn"}]],"cite":[],"id":"intro/school/chemistry/enroll","images":["https://mp.innenu.com/img/enroll/chemistry-master.png"]}