{"title":"长春轨道交通介绍","author":"Mr.Hope","time":"2021年8月22日","shareable":true,"content":[{"tag":"list","content":[{"text":"运营线路","icon":"flow","path":"guide/life/traffic/railway/line"},{"text":"运营时间","icon":"time","path":"guide/life/traffic/railway/time"},{"text":"长春市轨道交通“一卡通”","icon":"card","path":"guide/life/traffic/railway/card"},{"text":"E 出行 App","icon":"app","path":"guide/life/traffic/railway/app"}]}],"images":[],"id":"guide/life/traffic/railway/index","scopeData":{"@type":"general","uniq_id":"guide/life/traffic/railway/index","title":"长春轨道交通介绍","digest":"","thumbs":["https://mp.innenu.com/img/inNENU.jpg"],"tags":[]}}