{"title":"统一身份认证","author":"Mr.Hope","time":"2021年12月1日","shareable":true,"content":[["title",{"text":"获得学号"}],["text",{"text":["学号是 10 位数字，您收到的录取通知书编号和日后发放的校园卡💳卡号即是学号。"]}],["title",{"text":"统一身份认证管理"}],["text",{"text":["访问 https://authserver.nenu.edu.cn/authserver/login 并使用学号与默认密码进行登录。"]}],["copy",{"text":"https://authserver.nenu.edu.cn/authserver/login"}],["text",{"type":"info","heading":"默认密码","text":["Nenu + 身份证后六位，X 用 1 代替"]}],["img",{"src":"https://mp.innenu.com/img/account/authserver.jpg"}],["title",{"text":"密保绑定"}],["text",{"text":["登陆后，您可以在“个人资料中”绑定手机和邮箱以供密码找回 (邮箱请绑定第三方邮箱)"]}],["title",{"text":"修改密码"}],["ul",{"text":["请您访问 https://authserver.nenu.edu.cn/authserver/login 进行登录。"]}],["copy",{"text":"https://authserver.nenu.edu.cn/authserver/login"}],["ul",{"text":["点击“修改密码”，修改初始密码。"]}],["img",{"src":"https://mp.innenu.com/img/account/reset-password.jpg"}],["ul",{"type":"tip","heading":"Mr.Hope の 友情提示","text":["为了您找回密码时的便捷，建议您在个人资料处绑定其他邮箱或绑定手机，便于密码遗忘后自助找回。","由于身份证号可能被他人获得，为了您的信息安全、资金安全以及选课的课程安全🔐，⚠请您务必更换默认密码🔑。"]}]],"cite":[],"id":"guide/account/authorize","images":["https://mp.innenu.com/img/account/authserver.jpg","https://mp.innenu.com/img/account/reset-password.jpg"]}