{"title":"学校家长群","author":"Mr.Hope","time":"2022 年 7 月 28 日","shareable":true,"content":[{"tag":"text","type":"info","text":["由于学校官方没有学校范围的大群，Mr.Hope 自己建立了一个家长群。"]},{"tag":"ul","type":"info","text":["本群的主要目的是提供一个家长之间的交流的场所。","Mr.Hope 会定期推送学校的重要新闻、公告、活动介绍、放假开学安排等资讯。","Mr.Hope 会对群内通用的问题进行解答。","本群严禁分享与东师无关的内容、发送任何广告，或诸如拼多多之类的分享以及各种鸡汤、经文等。"]},{"tag":"img","src":"https://mp.innenu.com/img/about/parent.png","env":["wx"]},{"tag":"functional-list","header":false,"items":[{"text":"加入东北师范大学家长群","icon":"qq-group","type":"button","openType":"openGroupProfile","groupId":"154562293"}],"env":["qq"]},{"tag":"text","type":"warning","text":["您需要特别注意，这是一个非官方群。Mr.Hope 从未得到学校任何帮助或支持，存粹志愿服务。","Mr.Hope 从 2018 年开始，已经服务 5 届 (含今年) 新生，如您心有疑虑可向在校生打听口碑。","Mr.Hope 需要每年在小程序和新生与新生家长上投入大量的时间，同时小程序每年有 600 - 800 元的开销 (每天约 2 元)。尽管 Mr.Hope 不建议没有经济能力的学生进行捐赠，但如果作为家长的您觉得 Mr.Hope 的工作给予了您很大帮助，欢迎捐赠或打赏，这对 Mr.Hope 很有帮助。","无论您是否捐赠，Mr.Hope 都会解答您提出的普遍性问题，但是请您不要大量询问很个人的问题。Mr.Hope 硕士在读，时间有限而且维护小程序已经耗费了很大精力。如果您的确需要 Mr.Hope 解答您的个人问题，建议您捐赠或提供咨询费用。普遍性问题指对多数人具有参考性的问题。"]},{"tag":"title","text":"不使用 QQ"},{"tag":"text","text":["如果您不使用 QQ，Mr.Hope 建立了一个微信群。由于微信群满 200 人只能邀请入群，且邀请码仅 7 天有效，请您添加 \"in-NENU\" 好友受邀入群。"]},{"tag":"text","type":"warning","text":["请务必将验证信息备注为“东师新生家长”，否则某些头像或昵称带有推广名称的好友请求可能会被直接拒绝。"]}],"cite":[],"id":"guide/contact/parent"}