{"title":"东北师范大学2022年研究生全国统考招生专业目录","desc":"来源: 研究生院官网","time":"2021年11月22日","shareable":true,"content":[["text",{"type":"info","text":["关于完整的招生专业、人数以及联系方式，请详见官网。"]}],["copy",{"header":"查询地址","text":"https://math127.nenu.edu.cn/yjsy/HData/ZSB/ZSJZ2022-TK-2.html"}],["doc",{"name":"2022年研究生学费及培养校区","url":"https://mp.innenu.com/file/enroll/graduate-fee.xlsx","icon":"xls"}]],"cite":[],"id":"intro/enroll/grad/major/2022"}