{"title":"净月洗衣店","author":"Mr.Hope","time":"2021年9月15日","shareable":true,"content":[{"tag":"title","text":"校内店铺"},{"tag":"ul","text":["糖果洗衣"]},{"tag":"text","heading":"糖果洗衣","text":["位于学生浴池旁"]},{"tag":"title","text":"校外店铺"},{"tag":"text","text":["暂无信息"]}],"images":[],"id":"guide/life/washing/jingyue","scopeData":{"@type":"general","uniq_id":"guide/life/washing/jingyue","title":"净月洗衣店","digest":"糖果洗衣糖果洗衣 位于学生浴池旁暂无信息","thumbs":["https://mp.innenu.com/img/inNENU.jpg"],"tags":["校内店铺","校外店铺"]}}