{"title":"本部食堂","author":"Mr.Hope","time":"2021年11月15日","shareable":true,"content":[{"tag":"text","text":["本部校区有北苑餐厅和南苑餐厅两个食堂。北苑餐厅共两层，南苑餐厅共三层。"]},{"tag":"location","title":"本部食堂","points":[{"latitude":43.86273,"longitude":125.33338,"name":"北苑餐厅"},{"latitude":43.860001,"longitude":125.3327,"name":"南苑餐厅"}]},{"tag":"list","header":false,"content":[{"text":"北苑餐厅","path":"guide/dining/beiyuan/index"},{"text":"南苑餐厅","path":"guide/dining/nanyuan/index"}]},{"tag":"title","text":"美食节"},{"tag":"text","text":["学校食堂每年都会举行美食节，届时会开展档口评选活动。","大家可以免费品尝大量的美食，食堂也会打折。"]},{"tag":"list","header":false,"content":[{"text":"美食节","path":"guide/dining/festival/benbu"}]}],"images":[],"id":"guide/dining/benbu","scopeData":{"@type":"general","uniq_id":"guide/dining/benbu","title":"本部食堂","digest":"本部校区有北苑餐厅和南苑餐厅两个食堂。北苑餐厅共两层，南苑餐厅共三层。学校食堂每年都会举行美食节，届时会开展档口评选活动。 大家可以免费品尝大量的美食，食堂也会打折。","thumbs":["https://mp.innenu.com/img/inNENU.jpg"],"tags":["美食节"]}}