{"title":"食堂","author":"Mr.Hope","time":"2021年11月15日","shareable":true,"content":[{"tag":"title","text":"本部校区"},{"tag":"text","text":["本部校区有北苑餐厅和南苑餐厅两个食堂。北苑餐厅共两层，南苑餐厅共三层。"]},{"tag":"list","header":false,"content":[{"text":"北苑餐厅","path":"guide/dining/beiyuan/index"},{"text":"南苑餐厅","path":"guide/dining/nanyuan/index"}]},{"tag":"title","text":"净月校区"},{"tag":"text","text":["净月校区有两个食堂，分别为一食堂和二食堂，一食堂有三层、二食堂有两层。"]},{"tag":"list","header":false,"content":[{"text":"一食堂","path":"guide/dining/dining1/index"},{"text":"二食堂","path":"guide/dining/dining2/index"}]},{"tag":"title","text":"美食节"},{"tag":"text","text":["学校食堂每年都会举行美食节，届时会开展档口评选活动。","大家可以免费品尝大量的美食，食堂也会打折。"]},{"tag":"list","header":false,"content":[{"text":"本部美食节","path":"guide/dining/festival/benbu"},{"text":"净月美食节","path":"guide/dining/festival/jingyue"}]}],"id":"guide/dining/index","scopeData":{"@type":"general","uniq_id":"guide/dining/index","title":"食堂","digest":"本部校区有北苑餐厅和南苑餐厅两个食堂。北苑餐厅共两层，南苑餐厅共三层。净月校区有两个食堂，分别为一食堂和二食堂，一食堂有三层、二食堂有两层。学校食堂每年都会举行美食节，届时会开展档口评选活动。 大家可以免费品尝大量的美食，食堂也会打折。","thumbs":["https://mp.innenu.com/img/inNENU.jpg"],"tags":["本部校区","净月校区","美食节"]}}