{"title":"安卓邮件客户端设置","author":"Mr.Hope","time":"2021年12月3日","shareable":true,"content":[["text",{"type":"tip","text":["以下步骤将指导您在安卓手机邮件客户端上添加学校邮箱。","本教程以 Gmail 客户端为例"]}],["ul",{"text":["选择 “添加其他账号”"]}],["img",{"src":"https://mp.innenu.com/img/account/mail/gmail-1.jpg"}],["ul",{"text":["选择 “其他”"]}],["img",{"src":"https://mp.innenu.com/img/account/mail/gmail-2.jpg"}],["ul",{"text":["输入学校电子邮箱地址","点击左下角的手动设置"]}],["img",{"src":"https://mp.innenu.com/img/account/mail/gmail-3.jpg"}],["ul",{"text":["选择 “个人(IMAP)”"]}],["img",{"src":"https://mp.innenu.com/img/account/mail/gmail-4.jpg"}],["ul",{"text":["输入密码"]}],["img",{"src":"https://mp.innenu.com/img/account/mail/gmail-5.jpg"}],["ul",{"text":["在接收服务器中输入"]}],["copy",{"text":"smtphz.qiye.163.com"}],["text",{"type":"tip","text":["尽管学校支持 \"smtp.nenu.edu.cn\"，但是因为证书不符无法在某些客户端添加或会持续发出警告。","在学校解决证书问题前，建议使用 163 企业邮提供的服务器。"]}],["img",{"src":"https://mp.innenu.com/img/account/mail/gmail-6.jpg"}],["ul",{"text":["在外发服务器中输入"]}],["copy",{"text":"smtphz.qiye.163.com"}],["text",{"type":"tip","text":["尽管学校支持 \"smtp.nenu.edu.cn\"，但是因为证书不符无法在某些客户端添加或会持续发出警告。","在学校解决证书问题前，建议使用 163 企业邮提供的服务器。"]}],["img",{"src":"https://mp.innenu.com/img/account/mail/gmail-7.jpg"}],["ul",{"text":["自行选择合适的同步频率"]}],["text",{"type":"tip","text":["同步频率过高会加大手机耗电量"]}],["img",{"src":"https://mp.innenu.com/img/account/mail/gmail-8.jpg"}],["ul",{"text":["选择合适的账号名称与发件人姓名"]}],["img",{"src":"https://mp.innenu.com/img/account/mail/gmail-9.jpg"}]],"cite":[],"id":"guide/account/mail/android","images":["https://mp.innenu.com/img/account/mail/gmail-1.jpg","https://mp.innenu.com/img/account/mail/gmail-2.jpg","https://mp.innenu.com/img/account/mail/gmail-3.jpg","https://mp.innenu.com/img/account/mail/gmail-4.jpg","https://mp.innenu.com/img/account/mail/gmail-5.jpg","https://mp.innenu.com/img/account/mail/gmail-6.jpg","https://mp.innenu.com/img/account/mail/gmail-7.jpg","https://mp.innenu.com/img/account/mail/gmail-8.jpg","https://mp.innenu.com/img/account/mail/gmail-9.jpg"]}