{"title":"校园邮箱","author":"Mr.Hope","time":"2021年12月1日","shareable":true,"content":[{"tag":"title","text":"账号获取"},{"tag":"text","text":["请先完成“东北师范大学”企业微信认证。之后下载企业微信 App 并完成登录。"]},{"tag":"list","header":false,"items":[{"text":"企业号认证","icon":"apply","path":"guide/account/wechat/authorize"}]},{"tag":"action","header":"安卓下载企业微信","content":"https://work.weixin.qq.com/wework_admin/commdownload?platform=android&from=wwindex"},{"tag":"action","header":"iOS 下载企业微信","content":"https://work.weixin.qq.com/wework_admin/commdownload?platform=ios&from=wwindex"},{"tag":"ol","text":["下载安装完成后，请通过微信登陆企业微信","在侧边栏中选择“东北师范大学”机构","点击下方 Tab 栏中的 “工作台”","在工作台中找到“个人中心”并进入","点击个人中心下方菜单栏中的“信息查询”-“人员信息”"]},{"tag":"text","type":"info","heading":"邮箱默认密码","text":["同统一身份认证，为 Nenu + 身份证后六位，X 用 1 代替"]},{"tag":"text","type":"warning","text":["我校邮箱使用网易企业邮，邮箱拥有自己的账号系统。","换言之，您需要在邮箱内部的“设置”中进行密码管理，且该密码不与学校统一身份认证同步。"]},{"tag":"title","text":"登陆地址"},{"tag":"action","content":"https://mail.nenu.edu.cn/"},{"tag":"text","type":"warning","text":["账号只需输入别名，无需且不要输入 \"@nenu.edu.cn\""]},{"tag":"text","type":"tip","heading":"Mr.Hope の 提示","text":["为了您的安全，建议勾选 \"SSL 安全登录\" 与 \"全程 SSL\"。"]},{"tag":"img","src":"https://mp.innenu.com/img/account/email-login.jpg","desc":"邮箱登录页面"},{"tag":"title","text":"邮箱使用"},{"tag":"text","text":["和其他邮箱一样，学校邮箱并没有什么特殊的功能。","其特殊的 .edu.cn 后缀，是其作为教育邮箱的体现，通过它可以在部分软件、网站上验证学生身份，并获得学生的专属优惠及待遇。"]},{"tag":"img","src":"https://mp.innenu.com/img/account/email.jpg","desc":"网页版邮箱页面"},{"tag":"title","text":"客户端高级设置"},{"tag":"img","src":"https://mp.innenu.com/img/account/emailAdvance.png","desc":"邮件客户端高级设置"}],"cite":[],"id":"guide/account/mail/intro"}