{"title":"长春站-到净月-4号线转3号线","author":"Mr.Hope","time":"2021年11月22日","shareable":true,"content":[["text",{"type":"tip","text":["通过轨道交通 1 号线转 3 号线是最方便快捷的乘坐方式，票价 4 元。","只有您携带了无法通过地铁安检的物品，再考虑此方案。"]}],["list",{"header":false,"content":[{"text":"1号线转3号线","icon":"train","path":"guide/arrival/train-jingyue/1-3"}]}],["text",{"type":"warning","heading":"运营时间","text":["请注意轨道交通的运营时间，其他时间请选择打车去宾馆 (别想着报到了)。"]}],["img",{"src":"https://mp.innenu.com/img/traffic/railway-3-time.jpg","desc":"轻轨 3 号线时刻表"}],["img",{"src":"https://mp.innenu.com/img/traffic/railway-4-time.jpg","desc":"轻轨 4 号线时刻表"}],["title",{"text":"路线描述"}],["ul",{"text":["从长春站北出站口出站","前往地铁 4 号线“长春站北”车站","登上开往天工路方向(南)的列车","乘坐 10 站到到职业学院站换乘","通过通道在职业学院站内移动至 3 号线","登上开放长影世纪城方向的列车","乘坐 5 站到博硕路站下车","下车出站后右转(向西南)直行，即可在右手侧看到 1 号门"]}],["title",{"text":"火车站出站提示"}],["text",{"type":"tip","heading":"火车站出站口选择","text":["想要乘坐 4 号线，必须从长春站北出站口出站。","所以请大家进入出站地道后，向北出站口方向行进。"]}],["text",{"type":"info","heading":"疫情相关","text":["由于新冠疫情，从长春站出站时要测量体温、刷身份证、查验吉祥码，请提前做好准备。"]}],["title",{"text":"前往地铁站"}],["text",{"heading":"识别出站口"}],["text",{"type":"info","text":["长春站共有两条出站通道，对应 1、2；出站通道有两个方向，南侧为 A，北侧为 B。"]}],["text",{"type":"tip","text":["请您从北出站口 B1、B2 中就近选择出站。"]}],["text",{"heading":"概述","text":["从地下一层北出站口出站后(此时您面朝北)，您身处的地点是地下一楼。","您需要继续向北行进前往地下二楼的综合换乘中心乘坐地铁。"]}],["ul",{"heading":"详情","text":["如果您从 B1 出站口出站，您可以在右前方找到前往地下二层的楼梯与电梯。","如果您从 B2 出站口出站，您需要左转直行，直行途中会在右手边找到前往地下二层的楼梯与电梯。"]}],["text",{"heading":"地铁口位置","text":["进入地下二层后，您可以在地上和墙上找到非常醒目的 4 号线位置提示，请跟着箭头方向行进即可。"]}],["text",{"type":"warning","text":["请注意不要走错到地铁 1 号线。"]}],["text",{"type":"info","heading":"疫情相关","text":["出站时要测量体温。","在长春乘坐公共交通工具、出入公共场所，都需要用到吉林省内的吉祥码。","请提前进行相关注册并在地铁安检前自助扫描吉祥码。"]}],["list",{"header":false,"content":[{"text":"吉祥码注册与使用","icon":"register","path":"guide/epidemic/jixiang-code/index"}]}],["title",{"text":"购票相关"}],["text",{"text":["从 长春站北 到 博硕路 票价 4 元。"]}],["text",{"type":"tip","text":["长春轨道交通支持微信官方“乘车码”小程序，强烈推荐使用小程序扫码进出站!","只需搜索小程序打开并绑定自动扣费协议即可，十分方便快捷!"]}],["text",{"heading":"其他方式","text":["如果您不方便使用微信，您可以使用人工窗口购票，请自备零钱。"]}],["img",{"src":"https://mp.innenu.com/img/arrival/subway-ticket.jpg","desc":"轨道交通票"}],["title",{"text":"进出站验票"}],["ul",{"text":["刷单程票进站时，出站时需将单程票放入回收口","扫码进站时，出站也需扫相同的码"]}],["text",{"type":"tip","text":["请不要忘记在“职业学院”站准时下车换乘，以及在“博硕路”站下车!"]}],["img",{"src":"https://mp.innenu.com/img/traffic/railway-3.png","desc":"轻轨 3 号线停靠点"}],["img",{"src":"https://mp.innenu.com/img/traffic/railway-4.png","desc":"轻轨 4 号线停靠点"}],["title",{"text":"到达校门"}],["text",{"heading":"提示","text":["由于疫情原因，今年报到仅开放学校 1 号门。"]}],["ul",{"text":["请您出站后右转 (向西南)","继续执行即可在右手边 (西南侧) 看到学校 1 号门。"]}]],"cite":[],"id":"guide/arrival/train-jingyue/4-3","images":["https://mp.innenu.com/img/traffic/railway-3-time.jpg","https://mp.innenu.com/img/traffic/railway-4-time.jpg","https://mp.innenu.com/img/arrival/subway-ticket.jpg","https://mp.innenu.com/img/traffic/railway-3.png","https://mp.innenu.com/img/traffic/railway-4.png"]}