{"title":"校园网企业号缴费","time":"2022 年 8 月 8 日","shareable":true,"id":"guide/network/charge/wechat","author":"Mr.Hope","cite":[],"content":[{"tag":"text","heading":"企业号","text":["您可以在东北师范大学微信企业号——『校园卡』栏目进行缴费。"]},{"tag":"img","src":"https://mp.innenu.com/img/card/wechat-card-charge.jpg"},{"tag":"img","src":"https://mp.innenu.com/img/network/charge.png","desc":"点击右上角“网费充值”"},{"tag":"img","src":"https://mp.innenu.com/img/network/network-pay.jpg"},{"tag":"text","text":["稍等片刻，输入框会自动填充您的学号以及对应的姓名、网费产品以及网费余额。","如果未能自动填充，请您自行输入"]},{"tag":"text","text":["在最下方的充值金额中输入相应的充值金额","点击支付即可使用微信支付完成网费的支付"]}]}