{"title":"本科生档案转入","author":"Mr.Hope","time":"2022 年 6 月 27 日","shareable":true,"content":[{"tag":"title","text":"情况说明"},{"tag":"p","text":["对于本科生来说，转入的具体细则主要由高中所在地以及学校决定。","如果你的所在省份和学校要求对公邮寄，那么请直接在收到自己的录取通知书后，按照当年新生手册上的档案邮寄地址和接收人上报高中学校进行邮寄。","如果你所在的省份和学校不开展线上寄送要求考生自携，那么请持录取通知书在规定的事件前往高中学校领取档案并妥善保管。报到时携带档案并提交。"],"style":"text-indent: 1.5em; "},{"tag":"text","type":"info","heading":"选择","text":["对于东北师范大学来说，对公邮寄和考生自携的档案转入方式都是可以的，你可以根据自己的喜好选择。最方便的还是对公邮寄，可以有效避免自携时档案丢失。"]}],"cite":[],"id":"guide/archive/under-in"}