{"title":"数学与统计学院","desc":"来源: 东北师范大学数学与统计学院官网","time":"2021年11月19日","shareable":true,"content":[{"tag":"carousel","images":["https://mp.innenu.com/img/school/math1.jpg","https://mp.innenu.com/img/school/math2.jpg","https://mp.innenu.com/img/school/math3.jpg"],"url":["https://mp.innenu.com/img/school/math1.jpg","https://mp.innenu.com/img/school/math2.jpg","https://mp.innenu.com/img/school/math3.jpg"]},{"tag":"title","text":"学院简介"},{"tag":"p","text":["数学与统计学院创建于1948年8月。现设有基础数学系、信息与计算科学系、应用数学系、运筹与控制系、数学教育系、统计系，建有应用统计教育部重点实验室和吉林国家应用数学中心。有数学和统计学两个一级学科博士学位授予权点，且均为国家“双一流\"建设学科、吉林省特色高水平学科“一流学科A类”、吉林省重中之重建设学科，设有数学博士后科研流动站和统计学博士后科研流动站。在教育部第四轮学科评估中，统计学和数学分别位列A类和B+类学科。现有2个国家级一流本科专业，9个硕士专业，并在8个专业招收博士研究生。"],"style":"text-indent: 1.5em; "},{"tag":"title","text":"师资力量"},{"tag":"p","text":["学院现有专任教师89人，其中具有博士学位88人，教授28人，博士生导师42人。有全国首批“黄大年式教师团队”1个，吉林省黄大年式科研团队1个，国家级人才16人，省部级人才12人，学科具有吉林省高新创新团队1个，吉林省教学团队2个。"],"style":"text-indent: 1.5em; "},{"tag":"title","text":"学科建设"},{"tag":"p","text":["学院教风、学风严谨务实，优秀青年人才脱颖而出，备受学术界瞩目。在基础理论研究、应用技术和开发研究等方面取得了许多重要成果。近五年，学院承担国家自然科学基金项目和其它省部级项目近160项。教师每年发表论文近150篇，其中SCI检索120余篇。荣获国家自然科学奖二等奖1项，教育部自然科学奖一等奖1项，二等奖4项。学院具备良好的现代化教学条件，建有大型计算机群、三个计算机实验室、资料室，学生学习环境优越。"],"style":"text-indent: 1.5em; "},{"tag":"title","text":"人才培养"},{"tag":"p","text":["学院本科毕业生以专业思想牢固、基础知识宽厚、基础理论和专业基本功扎实受到社会广泛欢迎和好评，在基础教育界享有很高声誉，就业率一直可以保持100%。","目前，学院已发展成为学科门类比较齐全、学术梯队结构合理、师资力量雄厚、在国内数学界和基础教育界具有很好影响的教学科研人才培养基地。"],"style":"text-indent: 1.5em; "},{"tag":"title","text":"联系方式"},{"tag":"text","text":["地址: 吉林省长春市人民大街5268号","邮政编码: 130024","电话: 0431-85099589"]},{"tag":"phone","fName":"数学与统计学院","num":"0431-85099589","org":"东北师范大学","street":"吉林省长春市人民大街5268号","hostNum":"0431-85099589","postCode":"130024","site":"https://math.nenu.edu.cn/"}],"images":[],"id":"intro/school/math/intro","scopeData":{"@type":"general","uniq_id":"intro/school/math/intro","title":"数学与统计学院","digest":"数学与统计学院创建于1948年8月。现设有基础数学系、信息与计算科学系、应用数学系、运筹与控制系、数学教育系、统计系，建有应用统计教育部重点实验室和吉林国家应用数学中心。有数学和统计学两个一级学科博士学位授予权点，且均为国家“双一流\"建设学","thumbs":["https://mp.innenu.com/img/inNENU.jpg"],"tags":["学院简介","师资力量","学科建设","人才培养","联系方式"]}}