{"title":"社团","desc":"社团名录来自学生社团发展管理中心","author":"Mr.Hope","time":"2021年9月9日","shareable":true,"content":[{"tag":"text","type":"tip","text":["全校社团均由校团委学生社团发展管理中心管理，分为思想政治类、学术科技类、创新创业类、文化体育类、志愿公益类、自律互助类。"]},{"tag":"title","text":"学生社团发展管理中心"},{"tag":"list","header":false,"content":[{"text":"查看详情","icon":"https://mp.innenu.com/img/organization/sheguan.png","path":"guide/organization/association-union"}]},{"tag":"title","text":"本部校区"},{"tag":"list","header":false,"content":[{"text":"创新创业类","path":"guide/association/job/index"},{"text":"文化体育类","path":"guide/association/culture/index"},{"text":"学术科技类","path":"guide/association/study/index"},{"text":"志愿服务类","path":"guide/association/volunteer/index"}]},{"tag":"list","header":"其他","content":[{"text":"卓音网络工作室","icon":"https://mp.innenu.com/img/association/joinin.png","path":"guide/association/joinin"},{"text":"大学生记者团","icon":"https://mp.innenu.com/img/association/jizhetuan.png","path":"guide/association/news-group"},{"text":"东北师范大学国际学生交流协会","icon":"https://mp.innenu.com/img/association/NISA.png","path":"guide/association/NISA"}]},{"tag":"title","text":"净月校区"},{"tag":"list","header":false,"content":[{"text":"5A 职业发展协会","icon":"https://mp.innenu.com/img/association/5Alogo.png","path":"guide/association/5A"},{"text":"师说曲艺社","icon":"https://mp.innenu.com/img/association/quyi.png","path":"guide/association/shishuoquyi"}]},{"tag":"advanced-list","header":"入驻说明","content":[{"text":"欢迎社团入驻本页面，请联系 QQ 1178522294"},{"text":"联系 Mr.Hope","icon":"contact","type":"button","openType":"contact","env":["wx"]},{"text":"联系 Mr.Hope","icon":"contact","type":"button","openType":"addFriend","openId":"868D7B2F0C609B4285698EAB77A47BA1","env":["qq"]}]}],"images":[],"id":"guide/association/index","scopeData":{"@type":"general","uniq_id":"guide/association/index","title":"社团","digest":"全校社团均由校团委学生社团发展管理中心管理，分为思想政治类、学术科技类、创新创业类、文化体育类、志愿公益类、自律互助类。","thumbs":["https://mp.innenu.com/img/inNENU.jpg"],"tags":["学生社团发展管理中心","本部校区","净月校区"]}}