{"title":"电子产品","author":"Mr.Hope","time":"2021年9月6日","shareable":true,"content":[{"tag":"text","type":"tip","text":["Mr.Hope 正在整理此信息并欢迎您的协助。","此处需包含电子产品维修、配件购买等相关校内外店铺。"]},{"tag":"advanced-list","content":[{"text":"联系 Mr.Hope","icon":"contact","type":"button","openType":"contact","env":["wx"]},{"text":"联系 Mr.Hope","icon":"contact","type":"button","openType":"addFriend","openId":"868D7B2F0C609B4285698EAB77A47BA1","env":["qq"]}]}],"images":[],"id":"guide/life/digital","scopeData":{"@type":"general","uniq_id":"guide/life/digital","title":"电子产品","digest":"Mr.Hope 正在整理此信息并欢迎您的协助。 此处需包含电子产品维修、配件购买等相关校内外店铺。","thumbs":["https://mp.innenu.com/img/inNENU.jpg"],"tags":[]}}