{"title":"打印","author":"Mr.Hope","time":"2021年9月6日","shareable":true,"content":[{"tag":"title","text":"本部"},{"tag":"text","heading":"校内位置","text":["浴池一楼","南苑西门","图书馆一楼","图书馆电子阅览室"]},{"tag":"img","src":"https://mp.innenu.com/img/life/benbu-bath-copy.jpg","desc":"浴池好又快图文店"},{"tag":"img","src":"https://mp.innenu.com/img/life/benbu-bath-copy.jpg","desc":"好又快图文店内照片"},{"tag":"text","heading":"校外位置","text":["东师文昌路数码图文快印","地址: 东师文昌路小南门东行30米绿园餐厅楼上中门二楼","黑白打印一律 8 分，激光彩色打印 5 角起，个人或拼单 30 元可送货","可开发票 效果好 速度快","营业时间: 7:00 —— 22:30","QQ: 2102257311 3279519252","手机/微信: 13694307499 13843189514"]},{"tag":"title","text":"净月"},{"tag":"text","heading":"位置","text":["二食堂超市对面师大图文复印店"]},{"tag":"img","src":"https://mp.innenu.com/img/shop/jingyue-copy.jpg","desc":"师大图文复印店，可以复印和打印"}],"images":["https://mp.innenu.com/img/life/benbu-bath-copy.jpg","https://mp.innenu.com/img/life/benbu-bath-copy.jpg","https://mp.innenu.com/img/shop/jingyue-copy.jpg"],"id":"guide/life/print","scopeData":{"@type":"general","uniq_id":"guide/life/print","cover":"https://mp.innenu.com/img/life/benbu-bath-copy.jpg","title":"打印","digest":"校内位置 浴池一楼 南苑西门 图书馆一楼 图书馆电子阅览室校外位置 东师文昌路数码图文快印 地址: 东师文昌路小南门东行30米绿园餐厅楼上中门二楼 黑白打印一律 8 分，激光彩色打印 5 角起，个人或拼单 30 元可送货 可开发票 效果好 ","thumbs":["https://mp.innenu.com/img/life/benbu-bath-copy.jpg","https://mp.innenu.com/img/life/benbu-bath-copy.jpg","https://mp.innenu.com/img/shop/jingyue-copy.jpg"],"tags":["本部","净月"]}}