{"title":"其他注意事项","author":"Mr.Hope","time":"2021年8月15日","shareable":true,"content":[{"tag":"title","text":"保险费"},{"tag":"p","text":["我校学生统一参加“城镇居民基本医疗保险”和“大学生补充医疗保险”。新生入学后由学校统一组织办理。(缴费标准: 城镇居民基本医疗保险 200 元/人/年。大学生补充医疗保险 40 元/人/年)"],"style":"text-indent: 1.5em; "},{"tag":"title","text":"其他"},{"tag":"p","text":["学生注册、办理学生证、领取校徽、领取教材、领取图书借阅卡片等由各学院按相关部门通知统一办理。"],"style":"text-indent: 1.5em; "}],"images":[],"id":"guide/check/others","scopeData":{"@type":"general","uniq_id":"guide/check/others","title":"其他注意事项","digest":"我校学生统一参加“城镇居民基本医疗保险”和“大学生补充医疗保险”。新生入学后由学校统一组织办理。(缴费标准: 城镇居民基本医疗保险 200 元/人/年。大学生补充医疗保险 40 元/人/年)学生注册、办理学生证、领取校徽、领取教材、领取图书","thumbs":["https://mp.innenu.com/img/inNENU.jpg"],"tags":["保险费","其他"]}}