{"title":"心理咨询服务","desc":"信息来源: 学生处官网","time":"2022 年 8 月 1 日","shareable":true,"content":[{"tag":"title","text":"日常心理咨询"},{"tag":"p","text":["对于同学们在日常学习生活中遇到的学业、人际、情绪等各种心理方面的困扰，可预约日常心理咨询服务，每次 50 分钟，每周一次。"]},{"tag":"text","heading":"心理咨询时间","text":["8:30 - 11:20; 13:30 - 16:20"]},{"tag":"ul","heading":"办理预约","text":["添加 QQ"]},{"tag":"action","content":"1002759092"},{"tag":"ul","text":["填写问卷"]},{"tag":"action","content":"https://www.wjx.cn/m/61883438.aspx"},{"tag":"ul","text":["电话预约"]},{"tag":"phone","fName":"心理咨询预约电话","num":"0431-85099129","org":"东北师范大学学生心理发展指导中心","street":"吉林省长春市人民大街 5268 号","postCode":"130024"},{"tag":"title","text":"邮件心理服务"},{"tag":"action","content":"xinyun@nenu.edu.cn"},{"tag":"p","text":["请使用您的师大邮箱发信，并在邮件中注明姓名、年级、学院及联系方式，我们会在 3 个工作日内予以回复。"]},{"tag":"title","text":"朋辈辅导员帮助"},{"tag":"p","text":["“学生朋辈辅导员”是学生心理发展指导中心指导下的学生团体组织，是学生身边的贴心朋友。他们掌握心理科学基础知识，运用心理辅导技能，帮助同学处理好学习成才、择业交友、健康生活等方面的具体问题。"]},{"tag":"title","text":"其他服务方式"},{"tag":"phone","fName":"生涯咨询预约电话","num":"0431-85098816","org":"东北师范大学","street":"吉林省长春市人民大街 5268 号","postCode":"130024"},{"tag":"phone","fName":"长春市心理援助热线","num":"0431-89685000","workNum":"0431-89685333"},{"tag":"phone","fName":"教育部华中师范大学心理援助热线 (24 小时)","num":"400-967-8920"},{"tag":"phone","fName":"清华大学公益心理服务热线 (每日 10:00-22:00)","num":"4000-100-525"},{"tag":"phone","header":"长春市心理援助热线 (每日 10:00-22:00)","fName":"长春市心理援助热线 (每日 10:00-22:00)","num":"0431-89685333","workNum":"0431-89685000","hostNum":"12320"}],"cite":[],"id":"intro/apt/psychology/service"}