{"title":"其他杰出人才","desc":"来源: 东北师范大学官网","time":"2022 年 7 月 31 日","shareable":true,"id":"intro/about/teacher/talent-more","cite":["https://www.nenu.edu.cn/info/1235/11266.htm"],"content":[{"tag":"title","text":"国家批准有突出贡献的中青年专家"},{"tag":"ul","text":["王恩波","史宁中"]},{"tag":"title","text":"国家“百千万人才工程”人选"},{"tag":"ul","text":["薛康","刘宝","韩东育","钟绍春","郭建华","邬志辉","鲍永利"]},{"tag":"title","text":"教育部跨世纪优秀人才"},{"tag":"ul","text":["柳海民","薛康","刘建军","刘益春"]},{"tag":"title","text":"教育部新世纪优秀人才"},{"tag":"ul","text":["郭建华","郭伊荇","梁茂信","王德利","朱广山","裴东河","马建方","台桂花","邵长路","韩东育","张景萍","曲铁华","于伟","张强","刘术侠","朱筱娟","范猛","张前","刘玉学","杨晓慧","王新龙","邬志辉","高巍","李晓萌","汤庆鑫","颜力凯","杨弘","张昕彤","王岭","王芒","魏民","徐海阳","郑术蓉","柳絮","李阳光","孙伟","洪霞","谢海明","庞立生","吕立杰","秦玉友","盖笑松","林正军","王占仁","王勇","殷明浩","毕锡和","王春刚","高英志","杨霞"]},{"tag":"title","text":"教育部高校青年教师奖"},{"tag":"ul","text":["张向葵"]},{"tag":"title","text":"教育部优秀青年教师资助计划"},{"tag":"ul","text":["黄百渠","刘群","薛康","王晋新","刘益春","王德利","衣学喜","郭建华"]},{"tag":"title","text":"吉林省“长白山学者”特聘教授"},{"tag":"ul","text":["于伟","林正军","范猛","汤庆鑫","衣学喜","王新龙","张前","曾宪录","朱筱娟","王德利","钟绍春","臧宏瑛","吴金辉","谢海明","周义发","宫磊","王岭","邵长路","王占仁","王彦辉"]},{"tag":"title","text":"吉林省“长白山学者”特聘教授"},{"tag":"ul","text":["秦玉友","张守伟","庞立生","曲铁华","裴东河","刘峰","徐正一","张昕彤","郭伊荇","张继权","穆春生","刘炼"]},{"tag":"title","text":"吉林省“长白山学者”讲座教授"},{"tag":"ul","text":["何强","杨明","颜清宇","邓小芬","梅茗","郭勤峰","黄保罗","龙德良","杨鲲","李玫"]},{"tag":"title","text":"吉林省“长白山技能名师”"},{"tag":"ul","text":["杨贵福"]},{"tag":"title","text":"仿吾特聘教授"},{"tag":"ul","text":["王确","王晋新","王德利","史宁中","刘群","刘力臻","刘建军","许林","张澍军","柳海民","梁茂信","霍明昕","胡海波","韩秋红","马云鹏","王彦辉","杨晓慧","张前","高夯","盛连喜"]},{"tag":"title","text":"仿吾青年学者"},{"tag":"ul","text":["于伟","王岭","杨弘","张前","张昕彤","范猛","林正军","郑术蓉","徐海阳","谢海明","魏民","王春刚","孙伟","李阳光","庞立生","盖笑松","王勇","冯伟","吕立杰","李广","吴金辉","周桂君","胡海波","徐正一","殷明浩","高地","马剑钢","刘志","刘艳军","孙海珠","杨进","陈秀武","林晶","姜英杰","詹欣","滕广青"]},{"tag":"title","text":"仿吾青苗人才"},{"tag":"ul","text":["王邵励","江廷磊","孙克萍","孙法省","张会平","徐红亮","常小军","竭长光","石艳","邢宏珠","刘宏刚","刘晓洁","孙洛丹","李涛","李敬宇","杨春武","张建","范伟","周凌","房艳刚","徐鹏","高翔","董灏智","臧宏瑛","熊涛","凡勇昆","王铭","王中强","王治海","王寅亮","史巍","伍斌","刘为振","刘昊迪","孙琳","孙业霞","孙仲秋","杨卫安","汪祖丞","张瑜","张福慧","邵晓强","周惠","姜强","徐前进","路莹","谭华桥"]},{"tag":"title","text":"“东师学者”特聘教授"},{"tag":"ul","text":["汤庆鑫","郑耀武","衣学喜","臧宏瑛","吴金辉","徐正一","王丽娟","Heedae Kim","徐彬","黄宇彬"]}]}