{"title":"地理科学","desc":"来源: 2022 本科招生指南","time":"2022 年 6 月 28 日","cite":["https://book.eol.cn/books/cusm/mobile/index.html"],"shareable":true,"content":[{"tag":"title","text":"专业简介"},{"tag":"p","text":["为教育部批准备案的师范专业，旨在面向全球变化背景下的学科发展趋势和国家战略需求，培养具备良好人文素养，扎实地理科学专业基本知识、理论与方法，宽广科学视野，系统综合思维和实践能力的地理科学拔尖创新人才。选拔部分学生进入创新人才培养基地班，学习成绩优异者可直接推荐免试攻读硕士学位研究生，鼓励优秀应届本科毕业生经考核后直接攻读地理学博士学位。"],"style":"text-indent: 1.5em; "},{"tag":"title","text":"主干课程"},{"tag":"ul","text":["高等数学","大学物理","化学概论","地球科学基础","气象学与气候学","地貌学","水文学","生物地理学","土壤地理学","综合自然地理学","生态学基础","地图学","地理信息系统","遥感概论","GIS 空间分析","人文地理学","经济地理学","区域分析与规划"]},{"tag":"title","text":"就业方向"},{"tag":"p","text":["从事地理科学及相关领域的科学研究和管理等工作，攻读地理学或相关专业硕士研究生。"],"style":"text-indent: 1.5em; "}],"id":"intro/school/geography/geography"}