{"title":"保卫科","author":"fy, Mr.Hope","time":"2020年9月1日","content":[{"tag":"title","text":"简介"},{"tag":"p","text":["保卫科是负责校园安全的科室。","为保障学生安全，保卫科会派巡逻车在校园内巡视。","如发现或遭遇安全问题，请一定要拨打保卫科热线。"],"style":"text-indent: 1.5em; "},{"tag":"phone","fName":"保卫科","num":"0431-85098110","org":"东北师范大学","street":"吉林省长春市人民大街5268号","postCode":"130024"},{"tag":"list","header":false,"content":[{"text":"更多详情","icon":"safe","path":"intro/apt/defend"}]}],"id":"map/benbu/facility/defend","scopeData":{"@type":"general","uniq_id":"map/benbu/facility/defend","title":"保卫科","digest":"保卫科是负责校园安全的科室。 为保障学生安全，保卫科会派巡逻车在校园内巡视。 如发现或遭遇安全问题，请一定要拨打保卫科热线。","thumbs":["https://mp.innenu.com/img/inNENU.jpg"],"tags":["简介"]}}