{"title":"中通快递点","author":"fy","time":"2020年9月1日","photo":["https://mp.innenu.com/img/express/zto.jpg"],"content":[{"tag":"title","text":"简介"},{"tag":"p","text":["在绿园餐厅后面，离寝室非常远。而且目前由于疫情封校，取快递会非常的不方便。","所以如果不喜欢花费二十分钟去取快递的话可以考虑换一家快递。"],"style":"text-indent: 1.5em; "}],"id":"map/benbu/facility/zhongtong","scopeData":{"@type":"general","uniq_id":"map/benbu/facility/zhongtong","title":"中通快递点","digest":"在绿园餐厅后面，离寝室非常远。而且目前由于疫情封校，取快递会非常的不方便。 所以如果不喜欢花费二十分钟去取快递的话可以考虑换一家快递。","thumbs":["https://mp.innenu.com/img/inNENU.jpg"],"tags":["简介"]}}