{"title":"化学学院","author":"Mr.Hope","time":"2020年9月1日","photo":["https://mp.innenu.com/img/school/chemistry.jpg","https://mp.innenu.com/img/school/chemistry1.jpg"],"content":[{"tag":"list","content":[{"text":"学院简介","path":"intro/apartment/chemistry/intro"},{"text":"专业介绍","path":"intro/apartment/chemistry/enroll"}]},{"tag":"copy","header":"官网地址","text":"https://chem.nenu.edu.cn/"}],"images":[],"id":"map/benbu/school/chemistry","scopeData":{"@type":"general","uniq_id":"map/benbu/school/chemistry","title":"化学学院","digest":"","thumbs":["https://mp.innenu.com/img/inNENU.jpg"],"tags":[]}}