{"title":"图书馆","grey":true,"author":"Mr.Hope","time":"2021年9月15日","shareable":true,"content":[{"tag":"text","type":"info","heading":"疫情相关","text":["由于疫情原因，图书馆限制入馆人数，您可以在图书馆官网或图书馆门口 LED 查看可入馆人数。"]},{"tag":"copy","header":"图书馆官网","text":"http://www.library.nenu.edu.cn/"},{"tag":"list","header":"图书馆","content":[{"text":"图书馆简介","icon":"intro","path":"intro/apartment/library/intro"},{"text":"图书馆楼层平面图","icon":"floor","path":"intro/apartment/library/floor"},{"text":"馆藏分布","icon":"bookshelf","path":"intro/apartment/library/distribution"},{"text":"书目检索","icon":"search","path":"intro/apartment/library/search"},{"text":"借书权限","icon":"borrow","path":"intro/apartment/library/borrow"},{"text":"借阅流程","icon":"flow","path":"intro/apartment/library/borrow-flow"},{"text":"还书流程","icon":"flow","path":"intro/apartment/library/return"},{"text":"图书馆开门时间","icon":"time","path":"intro/apartment/library/door"},{"text":"图书馆风貌","icon":"photo","path":"intro/apartment/library/scene"},{"text":"其他服务","icon":"contact","path":"intro/apartment/library/service"},{"text":"电子阅览室","icon":"office","path":"intro/apartment/library/digit-room"}]},{"tag":"list","header":"图书馆","content":[{"text":"常见问题","icon":"faq","path":"intro/apartment/library/faq"}]}],"id":"intro/apartment/library/index","scopeData":{"@type":"general","uniq_id":"intro/apartment/library/index","title":"图书馆","digest":"疫情相关 由于疫情原因，图书馆限制入馆人数，您可以在图书馆官网或图书馆门口 LED 查看可入馆人数。","thumbs":["https://mp.innenu.com/img/inNENU.jpg"],"tags":[]}}