{"title":"本科生奖学金介绍","author":"Mr.Hope","time":"2021年11月22日","shareable":true,"content":[{"tag":"title","text":"设置标准"},{"tag":"img","src":"https://mp.innenu.com/img/study/scholarship.jpg"},{"tag":"title","text":"评定时间"},{"tag":"ul","heading":"9月","text":["宝钢奖学金"]},{"tag":"ul","heading":"10月","text":["国家奖学金","学年奖学金(包括校长奖学金、一等奖学金、二等奖学金、三等奖学金)","单项奖学金","国家励志奖学金","叶圣陶奖学金"]},{"tag":"text","heading":"次年3月","text":["明德奖学金"]},{"tag":"text","heading":"次年6月","text":["学年奖学金(针对毕业生)"]}],"cite":[],"id":"guide/study/scholarship/undergraduate"}