{"title":"净月学术科技类社团","desc":"社团名录来自学生社团发展管理中心","author":"Mr.Hope","time":"2021年9月14日","shareable":true,"content":[{"tag":"list","content":[{"text":"模拟联合国协会","icon":"https://mp.innenu.com/img/association/mun.png","path":"guide/association/study/mun"}]},{"tag":"advanced-list","header":"欢迎社团入驻本页面","content":[{"text":"联系 Mr.Hope","icon":"contact","type":"button","openType":"contact","env":["wx"]},{"text":"联系 Mr.Hope","icon":"contact","type":"button","openType":"addFriend","openId":"868D7B2F0C609B4285698EAB77A47BA1","env":["qq"]}]}],"images":[],"id":"guide/association/study/jingyue","scopeData":{"@type":"general","uniq_id":"guide/association/study/jingyue","title":"净月学术科技类社团","digest":"","thumbs":["https://mp.innenu.com/img/inNENU.jpg"],"tags":[]}}