{"title":"音乐学院招生","author":"Mr.Hope","time":"2022 年 7 月 31 日","shareable":true,"content":[{"tag":"title","text":"本科招生概况"},{"tag":"ul","text":["音乐学院设有音乐学(声乐)、音乐学(声乐，师范)、音乐学(钢琴)、音乐学(钢琴，师范)、音乐学(器乐)、舞蹈编导六个专业。","学费均为 12000 元/年"]},{"tag":"list","header":"专业详情","items":[{"text":"音乐 (师范: 钢琴、声乐)","path":"intro/school/music/normal"},{"text":"音乐 (普通: 器乐)","path":"intro/school/music/music"},{"text":"舞蹈编导","path":"intro/school/music/dance"}]},{"tag":"title","text":"专业介绍视频"},{"tag":"text","heading":"弦歌曼舞 德音在兹"},{"tag":"video","src":"http://zsb.nenu.edu.cn/__local/5/2B/23/1F7FB8F33E6AC2D2D7C5594DAD5_8C4A13F1_12D41BC7.mp4?e=.mp4"},{"tag":"title","text":"硕士研究生招生概况"},{"tag":"img","src":"https://mp.innenu.com/img/enroll/music-master.png","desc":"2021 年招生信息"},{"tag":"phone","header":"硕士研究生招生咨询电话","fName":"志伟","lName":"孙","num":"0431-84536636","org":"东北师范大学音乐学院","title":"硕士研究生招生负责人","street":"吉林省长春市净月大街 2555 号","postCode":"130117","mail":"sunzw223@nenu.edu.cn"}],"cite":[],"id":"intro/school/music/enroll"}