{"title":"东师小窝纳新","shareable":true,"content":[["text",{"text":["东师小窝不仅仅是一个组织，也是我们大学集体生活的建设者和守护者。这是一个有温度、有责任、有创意的组织，欢迎大家的加入。"]}],["title",{"text":"本部纳新"}],["img",{"src":"https://mp.innenu.com/img/organization/xiaowo-intake1.jpg"}],["img",{"src":"https://mp.innenu.com/img/organization/xiaowo-intake2.jpg"}]],"cite":[],"id":"guide/organization/dorm/intake","images":["https://mp.innenu.com/img/organization/xiaowo-intake1.jpg","https://mp.innenu.com/img/organization/xiaowo-intake2.jpg"]}