{"title":"后勤管理处介绍","desc":"信息来源: 后勤管理处官网","time":"2021年12月3日","shareable":true,"content":[["title",{"text":"机构设置"}],["img",{"src":"https://mp.innenu.com/img/apartment/houqinDetail.jpg"}],["title",{"text":"相关文件"}],["doc",{"name":"学生公寓管理办法","url":"https://mp.innenu.com/file/hq/rule.docx","icon":"doc"}],["doc",{"name":"学生公寓卫生管理办法","url":"https://mp.innenu.com/file/hq/weisheng.docx","icon":"doc"}],["doc",{"name":"个人班车申请","url":"https://mp.innenu.com/file/hq/personBus.docx","icon":"doc"}],["doc",{"name":"集体班车申请","url":"https://mp.innenu.com/file/hq/groupBus.docx","icon":"doc"}]],"cite":[],"id":"intro/apt/logistics/intro","images":["https://mp.innenu.com/img/apartment/houqinDetail.jpg"]}