{"title":"Mr.Hope の 提示","author":"Mr.Hope","time":"2022 年 6 月 28 日","shareable":true,"content":[{"tag":"title","text":"串寝"},{"tag":"text","type":"tip","heading":"现已暂停","text":["在疫情前，学校历年的传统是元旦的时候男女生可以互串寝室!","具体的要求是需要有一个人下楼接待(确保您是有寝室要串的)，宿管阿姨会将两个人的学生卡收走，在串寝结束离开时归还。"]},{"tag":"ul","text":["请大家文明串寝，不要在串寝的时候，给其他寝室带来困扰。切勿在异性寝室楼里闲逛，甚至探头探脑查看其他人寝室。(这事一般男生反而干不出来，都是东师的脸面还是要的，大多反而是女生)","大家肯定会有一部分人(大多是女生反对)，但毕竟是一个传统，如果您不喜欢，请锁好寝室门减少出入即可。"]},{"tag":"title","text":"锁门"},{"tag":"ol","text":["很多男生寝室在大二开始就不管有没有人都不锁门了(比如 Mr.Hope 自己的寝室)，东师的学生素质都很高，寝室走廊也有监控，宿管阿姨也很认真的把控，可以识别并拦下大多数的校外人员。所以一年发生丢失东西的事件几乎没有。\n不过 Mr.Hope 还是建议大家养成人走锁门，寝室所有人随身携带钥匙的好习惯。","宿管阿姨的钥匙规定不许外借，所以大家没带钥匙，就意味着要喊室友回来开门。","洗完澡回来连个手机都没带锁在门外快上课了，或者是您大冬天穿着睡衣在自习室学一上午回去发现门锁了只能在走廊里冻着这种比较特殊的情况，可以跟阿姨好好解释一下试一下看看阿姨会不会心软借您，其他的时间也不要去添麻烦了，被领导看到她们就要被扣工资的。"]},{"tag":"title","text":"Mr.Hope の 吐糟"},{"tag":"ol","text":["您会发现男生寝室真的少得可怜。宿舍分布就能够体现出尊贵的东北皇家女子大学之名了。","女寝三舍 A 座卫生间里用黑色塑料袋套着的是小便器(男人用的)。不用好奇，本来建的时候 A、B 都是有预备留给少爷们的。但是东北皇家女子大学的称号不是白叫的，所以就没用上。","大家务必不要给宿管或者保洁阿姨添麻烦，譬如走廊晾衣服楼下借钥匙等，被领导看到就是要她们扣工资的。"]}],"cite":[],"id":"guide/dorm/advice"}