{"title":"照相","author":"Mr.Hope","time":"2021年9月6日","shareable":true,"content":[{"tag":"ul","heading":"本部","text":["浴池一楼好又快图文可以拍照","北苑复印店"]},{"tag":"img","src":"https://mp.innenu.com/img/life/benbu-bath-copy.jpg","desc":"浴池好又快图文店"},{"tag":"img","src":"https://mp.innenu.com/img/life/benbu-bath-copy.jpg","desc":"好又快图文店内照片"},{"tag":"ul","heading":"净月","text":["二食堂楼下(书店、水果店旁)、二食堂一楼超市对面"]}],"images":["https://mp.innenu.com/img/life/benbu-bath-copy.jpg","https://mp.innenu.com/img/life/benbu-bath-copy.jpg"],"id":"guide/life/photo","scopeData":{"@type":"general","uniq_id":"guide/life/photo","cover":"https://mp.innenu.com/img/life/benbu-bath-copy.jpg","title":"照相","digest":"本部 浴池一楼好又快图文可以拍照 北苑复印店净月 二食堂楼下(书店、水果店旁)、二食堂一楼超市对面","thumbs":["https://mp.innenu.com/img/life/benbu-bath-copy.jpg","https://mp.innenu.com/img/life/benbu-bath-copy.jpg"],"tags":[]}}