{"title":"净月校内超市","desc":"特别鸣谢小艺学长提供部分照片","author":"Mr.Hope","time":"2021年9月25日","shareable":true,"content":[{"tag":"title","text":"超市"},{"tag":"text","type":"warning","text":["请注意净月超市很热，建议提前按照小程序核对整理好购物清单再去，不要在那里现场想，会一身汗!","另外很多生活用品，净月超市价格偏高，可以考虑超市门外的新起点百货，也凉快一些可以慢慢挑。"]},{"tag":"text","text":["净月超市位于校区二食堂一楼，售卖大多数常见的食品、饮品以及日常生活用品等。"]},{"tag":"img","src":"https://mp.innenu.com/img/shop/jingyue-shop-1.jpg","desc":"超市入口"},{"tag":"img","src":"https://mp.innenu.com/img/shop/jingyue-shop-2.jpg","desc":"床上用品"},{"tag":"text","heading":"结账","text":["除了选择人工结账外，净月在结帐口设有两个自助结账台，可以自行扫码录入商品进行结账。","支付时可以使用多种支付软件收款码完成支付(暂不支持刷脸支付)。"]},{"tag":"phone","header":"服务电话","num":"13159611100","fName":"净月超市服务电话","org":"东北师范大学"},{"tag":"title","text":"超市周边"},{"tag":"text","text":["净月超市周边包括干果店、打印店、水果店、饮品店、仿吾书店、眼镜店、服装店、药店、移动运营店、电脑维修店等。"]},{"tag":"carousel","url":["https://mp.innenu.com/img/shop/jingyue-grocery1.jpg","https://mp.innenu.com/img/shop/jingyue-grocery2.jpg","https://mp.innenu.com/img/shop/jingyue-grocery3.jpg"]},{"tag":"text","text":["新起点百货，可以买到诸如锁头、指甲刀、床头挂篮之类的东西"],"align":"text-align: center;","style":"font-size:14px;"},{"tag":"carousel","url":["https://mp.innenu.com/img/shop/jingyue-stationery1.jpg","https://mp.innenu.com/img/shop/jingyue-stationery2.jpg","https://mp.innenu.com/img/shop/jingyue-stationery3.jpg"]},{"tag":"text","text":["文具店，可以买到文具和画具"],"align":"text-align: center;","style":"font-size:14px;"},{"tag":"img","src":"https://mp.innenu.com/img/shop/jingyue-copy.jpg","desc":"师大图文复印店，可以复印和打印"},{"tag":"img","src":"https://mp.innenu.com/img/shop/jingyue-fruit-1.jpg","desc":"水果店，位于二食堂一楼"},{"tag":"img","src":"https://mp.innenu.com/img/shop/jingyue-fruit-2.jpg","desc":"水果店，位于二食堂二楼"},{"tag":"img","src":"https://mp.innenu.com/img/shop/jingyue-mobile.jpg","desc":"中国移动"},{"tag":"img","src":"https://mp.innenu.com/img/shop/jingyue-haircut.jpg","desc":"理发店"},{"tag":"carousel","url":["https://mp.innenu.com/img/shop/jingyue-coffee1.jpg","https://mp.innenu.com/img/shop/jingyue-coffee2.jpg"]},{"tag":"text","text":["咖啡店"],"align":"text-align: center;","style":"font-size:14px;"},{"tag":"carousel","url":["https://mp.innenu.com/img/shop/jingyue-cake1.jpg","https://mp.innenu.com/img/shop/jingyue-cake2.jpg"]},{"tag":"text","text":["烘培坊"],"align":"text-align: center;","style":"font-size:14px;"},{"tag":"carousel","url":["https://mp.innenu.com/img/shop/jingyue-shop1.jpg","https://mp.innenu.com/img/shop/jingyue-shop2.jpg","https://mp.innenu.com/img/shop/jingyue-shop3.jpg"]},{"tag":"text","text":["其他店铺"],"align":"text-align: center;","style":"font-size:14px;"}],"images":["https://mp.innenu.com/img/shop/jingyue-shop-1.jpg","https://mp.innenu.com/img/shop/jingyue-shop-2.jpg","https://mp.innenu.com/img/shop/jingyue-copy.jpg","https://mp.innenu.com/img/shop/jingyue-fruit-1.jpg","https://mp.innenu.com/img/shop/jingyue-fruit-2.jpg","https://mp.innenu.com/img/shop/jingyue-mobile.jpg","https://mp.innenu.com/img/shop/jingyue-haircut.jpg"],"id":"guide/shop/jingyue","scopeData":{"@type":"general","uniq_id":"guide/shop/jingyue","cover":"https://mp.innenu.com/img/shop/jingyue-shop-1.jpg","title":"净月校内超市","digest":"请注意净月超市很热，建议提前按照小程序核对整理好购物清单再去，不要在那里现场想，会一身汗! 另外很多生活用品，净月超市价格偏高，可以考虑超市门外的新起点百货，也凉快一些可以慢慢挑。净月超市位于校区二食堂一楼，售卖大多数常见的食品、饮品以及日","thumbs":["https://mp.innenu.com/img/shop/jingyue-shop-1.jpg","https://mp.innenu.com/img/shop/jingyue-shop-2.jpg","https://mp.innenu.com/img/shop/jingyue-copy.jpg","https://mp.innenu.com/img/shop/jingyue-fruit-1.jpg","https://mp.innenu.com/img/shop/jingyue-fruit-2.jpg","https://mp.innenu.com/img/shop/jingyue-mobile.jpg","https://mp.innenu.com/img/shop/jingyue-haircut.jpg"],"tags":["超市","超市周边"]}}