{"title":"自习室","author":"Mr.Hope","time":"2022 年 6 月 27 日","shareable":true,"content":[{"tag":"title","text":"概况"},{"tag":"ul","text":["寝室楼内每层均设有自习室。","自习室不间断供电。","请不要将个人物品堆放到自习室内，宿舍保洁阿姨会定期清理，如果清理时没人认领，自动当作废弃物处理。"]},{"tag":"img","src":"https://mp.innenu.com/img/dorm/self-study1.jpg","desc":"三舍 A 自习室"},{"tag":"img","src":"https://mp.innenu.com/img/dorm/self-study2.jpg","desc":"三舍 B 自习室"},{"tag":"img","src":"https://mp.innenu.com/img/dorm/self-study3.jpg","desc":"三舍 C 自习室"},{"tag":"img","src":"https://mp.innenu.com/img/dorm/self-study4.jpg","desc":"天华公寓自习室"},{"tag":"title","text":"Mr.Hope の 吐槽"},{"tag":"p","text":["对于自习室来说，自习室整夜都有电照明，晚上学习不想让灯光打扰到已经休息的室友的话，最好带着东西去自习室学。","在女寝这边，由于女生东西比较多，可能会有个别女生把东西都堆在自习室，凭借阿姨不好意思真的都给扔了霸占自习室很多座位。这种浪费公共资源的行为，如果大家遇到了，可以积极给学生处打电话反映情况。"]}],"cite":[],"id":"guide/dorm/detail/self-study"}