{"title":"信息科学与技术学院","author":"Mr.Hope","time":"2020年9月1日","content":[{"tag":"account","name":"传媒科学学院","logo":"https://mp.innenu.com/img/media/media.png","detail":"东师传媒","wxid":"nenu_media","wxcode":"https://mp.innenu.com/img/media/media-wechat.jpg","account":"media","location":{"latitude":43.82637,"longitude":125.42704},"mail":"chuanmei@nenu.edu.cn","site":"http://chuanmei.nenu.edu.cn/"},{"tag":"list","items":[{"text":"学院简介","icon":"about","path":"intro/school/media/intro"},{"text":"专业","icon":"intro","path":"intro/school/media/enroll"}]}],"cite":[],"id":"map/jingyue/school/media"}