{"title":"寝室禁用物品","author":"Mr.Hope","time":"2021年12月3日","shareable":true,"content":[{"tag":"title","text":"用电安全"},{"tag":"text","text":["宿舍内严禁使用大功率违章电器。如电熨斗、直板夹、电热宝、电吹风、电炉、电水壶、电热毯、热得快等大功率电器。","另外严禁私改电路。由于走廊是 24 小时有电的，往届学生打过这个歪主意被清退了两个。"]},{"tag":"title","text":"人身安全"},{"tag":"text","text":["吊椅是不允许的(但是您可以自己买个电脑椅或者电竞椅)。","打火机、汽油、管制刀具、化工制品也是不被允许的。","另外除非有特殊需求，不然一些棍状金属物品如水管、撬棍、锤子、大号扳手等也是不被允许的。"]},{"tag":"title","text":"消防安全"},{"tag":"ul","text":["严禁使用蚊香一类的物品","禁止寝室无人时进行大容量充电宝的充电"]},{"tag":"title","text":"学生行为守则"},{"tag":"ul","text":["禁止悬挂床帘(防止寝室关系恶化)","禁止在寝室抽烟、饮酒，所以平时请把它们放在柜子里，寝室也不应该出现他们的“尸首”。(比如在您的垃圾桶里发现了烟盒、烟头和空酒瓶啥的您就完了)。"]},{"tag":"title","text":"宠物"},{"tag":"text","text":["原则上寝室不准养任何宠物，但可以种花种草。实际操作时，寝室禁止养猫、狗、鸟等宠物，一般不会发出声响，体型较小，有固定容器的保卫处和学生处都不太管，比如小金鱼啥的。Mr.Hope 身边有同学养了仓鼠和乌龟的，查寝的时候也没说什么。不过后面两个可以说是在红线附近，不建议冒险养。万一查您寝的人容忍度比较低您给您个处分啥的您别来找我。我只能说您在桌子上用那种直径十几厘米的球型鱼缸养两条小金鱼这个是绝对安全的。有条件养两盆花草还是可以的。"]},{"tag":"title","text":"相关条例"},{"tag":"list","header":false,"items":[{"text":"东北师范大学学生公寓管理办法","path":"intro/apt/logistics/rule"}]}],"cite":[],"id":"guide/dorm/ban"}