{"title":"校园网缴费","author":"Mr.Hope","time":"2021年9月6日","shareable":true,"content":[["text",{"text":["您可以在在校内自助终端机内通过花费校园卡余额缴费，也可以通过微信企业号“东北师范大学”完成缴费。"]}],["list",{"header":"详细方式","content":[{"text":"微信企业号","desc":"推荐","icon":"wechat","path":"guide/network/charge/wechat"},{"text":"自助终端机","icon":"atm","path":"guide/network/charge/terminal"}]}]],"cite":[],"id":"guide/network/charge/index"}