{"title":"校园卡","grey":true,"author":"Mr.Hope","time":"2022 年 6 月 27 日","shareable":true,"content":[{"tag":"text","type":"info","heading":"校园卡简介","text":["校园卡是您在东师校园内的通用消费卡以及身份认证卡，是您在东师的日常生活与学习中是非常重要的存在，一旦忘记携带或丢失校园卡会造成诸多不便。"],"path":"guide/card/intro"},{"tag":"list","header":"初识校园卡","items":[{"text":"使用前准备","desc":"新卡到手后","icon":"prepare","path":"guide/card/prepare"},{"text":"校园卡照片","icon":"photo","desc":"why 这么丑","path":"guide/card/photo"},{"text":"爱护校园卡","icon":"card","path":"guide/card/protect"}]},{"tag":"list","header":"校园卡充值","items":[{"text":"校园卡充值","icon":"charge","path":"guide/card/charge/index"},{"text":"自助终端机","icon":"atm","path":"guide/card/terminal"}]},{"tag":"list","header":"其他","items":[{"text":"常见故障及解决办法","icon":"error","path":"guide/card/malfunction"},{"text":"校园卡丢失","desc":"立即挂失","icon":"lost","path":"guide/card/lost"},{"text":"更多业务办理","desc":"信息化办","icon":"pc","path":"guide/card/office"}]},{"tag":"list","items":[{"text":"Mr.Hope の个人建议","icon":"idea","path":"guide/card/advice"}]}],"cite":[],"id":"guide/card/index"}