{"title":"综合教学楼","author":"fy","time":"2021 年 7 月 9 日","photo":["https://mp.innenu.com/img/scence/benbu/zonghe.jpg"],"content":[{"tag":"title","text":"综合教学楼"},{"tag":"p","heading":"简介","text":["综合教学楼是全校师生授课学习的地方，大学英语课、计算机课以及部分选修课都在该教学楼里进行。","综合楼也是四六级等级考试、教师资格证校内面试等考试的场地。"],"style":";display: inline-block"}],"cite":[],"id":"map/benbu/building/complex"}