{"title":"学校办公室联系电话","desc":"信息来源: 学校办公室官网","time":"2021年12月3日","shareable":true,"cite":["http://office.nenu.edu.cn/index.htm"],"content":[{"tag":"title","text":"相关电话"},{"tag":"phone","header":"学校传真","fName":"学校传真","num":"0431-85684009","org":"东北师范大学","street":"吉林省长春市人民大街5268号","postCode":"130024"},{"tag":"phone","header":"行政事务室","fName":"行政事务室","num":"0431-85099208","org":"东北师范大学","street":"吉林省长春市人民大街5268号","postCode":"130024"},{"tag":"phone","header":"文秘综合室","fName":"文秘综合室","num":"0431-85099738","org":"东北师范大学","street":"吉林省长春市人民大街5268号","postCode":"130024"},{"tag":"phone","header":"督查室","fName":"督查室","num":"0431-85099209","org":"东北师范大学","street":"吉林省长春市人民大街5268号","postCode":"130024"},{"tag":"phone","header":"信息信访室","fName":"信息信访室","num":"0431-85099302","org":"东北师范大学","street":"吉林省长春市人民大街5268号","postCode":"130024"},{"tag":"phone","header":"净月校区党工委","fName":"净月校区党工委","num":"0431-84536006","org":"东北师范大学","street":"长春市净月大街2555号","postCode":"130117"},{"tag":"phone","header":"净月校区办公室","fName":"净月校区办公室","num":"0431-84536007","org":"东北师范大学","street":"长春市净月大街2555号","postCode":"130117"},{"tag":"phone","header":"保密工作办公室","fName":"保密工作办公室","num":"0431-85099302","org":"东北师范大学","street":"吉林省长春市人民大街5268号","postCode":"130024"},{"tag":"phone","header":"法律事务办公室","fName":"法律事务办公室","num":"0431-85099303","org":"东北师范大学","street":"吉林省长春市人民大街5268号","postCode":"130024"}],"id":"intro/apt/office/contact"}