{"title":"爱心学校","shareable":true,"content":[{"tag":"account","name":"东北师范大学爱心学校","logo":"https://mp.innenu.com/img/organization/love-school.png","desc":"耐心育人以学识，爱心助人以成才"},{"tag":"card","cover":"https://mp.innenu.com/img/organization/love-school-cover.png","logo":"https://mp.innenu.com/img/organization/love-school.png","title":"我们纳新啦","url":"page?id=guide/organization/love-school/intake"},{"tag":"p","heading":" ","text":["东北师范大学爱心学校成立于2006年10月，是东北师范大学学生资助管理中心指导下的特色公益性学生组织。爱心学校自建立以来，本着“耐心育人以学识，爱心助人以成才”的宗旨，秉承“耐心育人以学识，爱心助人以成才”的理念，不断完善爱心教师考核培养体系，通过制定爱心教师选拔聘任管理办法、建立系统培训与专题报告相结合的培养体系、举办教师技能大赛、思政一体化建设等多种途径，进一步提升教师素质、规范支教标准、提高教学水平。2006年，爱心学校建立了第一个校外支教基地，并坚持每年拓展一个支教基地，至今共建立40余个支教基地。通过“周内基地支教”、“周末公益家教”及“暑期支教实践”三位一体的支教模式，免费为农民工、下岗职工和低保家庭子女授课，共培育爱心教师数万余名，授课50000余节，受益家庭经济困难中小学生近万名，得到社会各界的一致好评。","爱心学校实行主席团责任制，本部和净月两校区各设校区，由总校长、主席团、教务处、总务处、宣传部、外联部组成。内部坚持“家的文化，铁的纪律”管理理念，现已逐渐演变成一个具有成熟的管理机制和完备的支教体系等特征的爱心支教公益服务组织。","我们的爱心教师由两校区各个专业的本科生以及研究生组成，他们经过严格的面试、培训以及自身的不断学习，掌握了教师的基本技能，用自己的满腔爱心来帮助需要帮助的学生。爱心教师获得了“爱心学校优秀爱心教师”、“爱心学校优秀支教志愿者”、“东北师范大学教师技能奖”、“东北师范大学单项社会实践奖”等荣誉称号，取得了优异的学习成绩，曾荣获一、二、三等奖学金、校长奖学金甚至是国家奖学金。","志愿服务，开花结果。爱心学校曾获得2017年度“长春市优秀志愿服务组织”，凭借潭北社区周末课堂获得“长春市优秀志愿服务项目”，两次获得“东北师范大学最美志愿团队”，多次获得长春市潭北社区、九圣祠社区等社区的“最佳组织奖”。支教足迹遍至吉林省长春市、榆树市、伊通满族自治县、河南省开封市、贵州省兴义市等多个省市县。","媒体关注，社会聚焦。2013年，吉林省电视台、长春人民广播电台、《长春日报》采访报道爱心学校爱心支教情况；2014年，《城市晚报》重点报道爱心学校支教活动；2021年，共青团贵州省兴义市委宣传部重点报道爱心学校暑期支教活动......","砺德砺能，诲己诲人。爱心学校致力于为校内资助对象搭建一个展示自我、提升能力、回报社会的广阔平台，打造一支规模大、能力强、素质高的爱心教师队伍；致力于将爱心学校打造成一个校内顶尖、省内知名、面向社会与全国的大型大学生公益支教团队；致力于强化与其他高校及社会公益服务队伍的学习交流，更好地发挥“奉献、友爱、互助、进步”的志愿者精神。","现东北师范大学爱心学校已成为东北师范大学校内高水平、高实力、具有重要影响力的支教组织。用爱心点燃孩子梦想之光，以支教叩开学生知识之门。"],"style":"text-indent: 1.5em; "}],"images":[],"id":"guide/organization/love-school/index","scopeData":{"@type":"general","uniq_id":"guide/organization/love-school/index","title":"爱心学校","digest":"  东北师范大学爱心学校成立于2006年10月，是东北师范大学学生资助管理中心指导下的特色公益性学生组织。爱心学校自建立以来，本着“耐心育人以学识，爱心助人以成才”的宗旨，秉承“耐心育人以学识，爱心助人以成才”的理念，不断完善爱心教师考核培","thumbs":["https://mp.innenu.com/img/inNENU.jpg"],"tags":[]}}