{"name":"东师经管","detail":"东北师范大学经济与管理学院","desc":"欢迎关注东北师范大学经济与管理学院","id":"nenubs","logo":"https://mp.innenu.com/img/media/economic.jpg","qrcode":"https://mp.innenu.com/img/media/economy-qrcode.jpg","article":[{"cover":"http://mmbiz.qpic.cn/mmbiz_jpg/twNPg9iaLsbSIDDqgXhu8PXaR7szAKSMJiboSCXrO12giauUBRA3XNrsiaBFT3NkzRco49s1GetSibpgzn41WKbbtEA/0?wx_fmt=jpeg","title":"经济与管理学院学生会改革情况","desc":"经济与管理学院学生会组织改革情况汇报","url":"https://mp.weixin.qq.com/s/Rr_DbNMYXVqpoNR3ChP9Vg"},{"cover":"http://mmbiz.qpic.cn/mmbiz_jpg/twNPg9iaLsbSIDDqgXhu8PXaR7szAKSMJiacfQ5jCIatxib7mRbQ6iaKWqy0vHqU18sqARRoG0gOtd3HbXzBzzYliag/0?wx_fmt=jpeg","title":"经济与管理学院研究生会改革情况","desc":"经济与管理学院研究生会组织改革情况汇报","url":"https://mp.weixin.qq.com/s/oYi6T37KrQZVDkXWVJ8ZaQ"},{"cover":"http://mmbiz.qpic.cn/mmbiz_jpg/twNPg9iaLsbTibU6NhBL6icXQDf3RvKiaRAzco2fbVqic28IpRMFsMYkjzAaUPK6zDvWOMDtXibVhy5Cfuh2T59XqM3g/0?wx_fmt=jpeg","title":"我为同学做件事|大雪难封门前径 ，志愿热情暖人心","desc":"大雪难封门前径 ，志愿热情暖人心","url":"https://mp.weixin.qq.com/s/ZpodMX-HT3OfRZGwFxsUlA"},{"cover":"http://mmbiz.qpic.cn/mmbiz_jpg/twNPg9iaLsbRpiast8O7YXKBf5VjRbiamU0cwfFibwb7JqRAaFVms0FiauuMg6zdjk5Tg2TcuN25ekyq92lGX4FMhNg/0?wx_fmt=jpeg","title":"重逢·雪至","desc":"东师的雪如期而至","url":"https://mp.weixin.qq.com/s/gvhfaMPUIe19Trc6eRGcBQ"},{"cover":"http://mmbiz.qpic.cn/mmbiz_jpg/twNPg9iaLsbS1KctP9MF2osE55yUUMKicIyokPW2G9GXpvNWkTUBBLSb2uZFpVAOz5GJH6ZTcuJZLYzictj3wkkGQ/0?wx_fmt=jpeg","title":"经济与管理学院留学项目说明会","desc":"经济与管理学院留学项目说明会","url":"https://mp.weixin.qq.com/s/_4wQPSi6tcHaI5opWqdWeQ"},{"cover":"http://mmbiz.qpic.cn/mmbiz_jpg/twNPg9iaLsbS1KctP9MF2osE55yUUMKicI8QHcFSUlFiatAwj4t0Joe1aUzb51ibBcjuYWrNdmz6UicIRSBRDvM89pw/0?wx_fmt=jpeg","title":"东北师范大学经济与管理学院“榜样学子”评选","desc":"东北师范大学经济与管理学院“榜样学子”奖励办法","url":"https://mp.weixin.qq.com/s/MgjIW6qQdG31D2K2XL-wxg"},{"cover":"http://mmbiz.qpic.cn/mmbiz_jpg/twNPg9iaLsbT7wsr0YqBiavFEiasFXky38dW81eKqRNlBiaM3iapwFQf46oyu78H1NBuBQby6gCichZfoxjiaQsV3njSQ/0?wx_fmt=jpeg","title":"点燃正能量，青春耀出彩","desc":"让我们一起奏响经管学子的青春赞歌~","url":"https://mp.weixin.qq.com/s/8bNOssOmvbdv_WJfTQCIxQ"},{"cover":"http://mmbiz.qpic.cn/mmbiz_jpg/twNPg9iaLsbS2pGjae3a5PUsxZKiaq0icHG3V28h7UGgVoHqZQqVxhLmXaeCzKopdictuwQ6m1z11YGJ5AFFDgSWMA/0?wx_fmt=jpeg","title":"东北师范大学第十七届调研报告大赛开题评审会顺利召开","desc":"东北师范大学第十七届调研报告大赛开题评审会","url":"https://mp.weixin.qq.com/s/eYUn6_QrSMrwY4YTepAwcA"},{"cover":"http://mmbiz.qpic.cn/mmbiz_jpg/twNPg9iaLsbRAavWyL0Eicp6K9zib1viap9cnibibGkRmn5HOPobxOAt89tYq0lNSqkR1Pl7QfibWzazwQyEdn2f0rrjQ/0?wx_fmt=jpeg","title":"2021年“工行杯”全国大学生金融科技创新大赛吉林省赛区比赛圆满结束！","desc":"2021年“工行杯”全国大学生金融科技创新大赛吉林省赛区比赛圆满结束！","url":"https://mp.weixin.qq.com/s/0RI9FWdJ7-7fQRm3r36Tow"},{"cover":"http://mmbiz.qpic.cn/mmbiz_jpg/twNPg9iaLsbRAavWyL0Eicp6K9zib1viap9c5icnLuCLGQRKcy5a3cfj10HIicEOcoY7TXY16HuuSQMKU8jp8542BqqA/0?wx_fmt=jpeg","title":"创业大讲堂第三期","desc":"我校于经济与管理学院304教室开办了第三期“创业大讲堂”","url":"https://mp.weixin.qq.com/s/0ZZ0WjkUXxjN-z5RNygXYg"},{"cover":"http://mmbiz.qpic.cn/mmbiz_jpg/twNPg9iaLsbSu8mQmFTF2qJ3tD9icL1Duw9WKGILW9hO7RWxHgY0z6g5I9vjgOga6K0bfgAsNoj87CPShib8m05PA/0?wx_fmt=jpeg","title":"经济与管理学院召开第二届专硕案例分析大赛启动仪式暨赛前培训","desc":"经济与管理学院召开第二届专硕案例分析大赛启动仪式暨赛前培训","url":"https://mp.weixin.qq.com/s/NPNBY4r0q2GokwdkAx1oOA"},{"cover":"http://mmbiz.qpic.cn/mmbiz_jpg/twNPg9iaLsbSu8mQmFTF2qJ3tD9icL1Duw7Sp2pBPYMbCyAVavCQeHyIxPRiaP1kB41U66WqCoYbpsgxeuGCmcKtg/0?wx_fmt=jpeg","title":"东北师范大学经济与管理学院行业专家系列讲座","desc":"东北师范大学经济与管理学院行业专家系列讲座","url":"https://mp.weixin.qq.com/s/o4QtyeUMX7NXPaVX8y3cbg"},{"cover":"http://mmbiz.qpic.cn/mmbiz_jpg/twNPg9iaLsbQRgKNQyDx0Hic6NbAUgXlWrX3NIwdjNibjiaGdJKgGY7Aib88V0JKCcLIodLnMHdzcg5kGQ3dzUGSXFA/0?wx_fmt=jpeg","title":"创业大讲堂第二期！","desc":"创业大讲堂第二期","url":"https://mp.weixin.qq.com/s/_VRNOzUD8XFRTwfz3vuy8Q"},{"cover":"http://mmbiz.qpic.cn/mmbiz_jpg/twNPg9iaLsbQRgKNQyDx0Hic6NbAUgXlWrbQ4VVSZ3h2c8MwwOZOHmFEIBP5pbG7n4Rp5MBiaz42iacbnsLyfWafIg/0?wx_fmt=jpeg","title":"一起学党史  探寻百年党史的精神密码","desc":"一起学党史  探寻百年党史的精神密码","url":"https://mp.weixin.qq.com/s/wYALp6gdpTW013ZhXfOctw"},{"cover":"http://mmbiz.qpic.cn/mmbiz_jpg/twNPg9iaLsbTQu4WnItJYyqrrI5MNMibZDpTAjrDVn7M1dIQ7lG4GxKM9DpVt2DH8P92fUYhQLlgMdNnlPK0SwbQ/0?wx_fmt=jpeg","title":"经济与管理学院举办学术硕士研究生管理文件解读会","url":"https://mp.weixin.qq.com/s/dzxMvTMwdUKzf9qem5oluA"}]}