{"name":"东北师范大学数学与统计学院","desc":"东北师范大学数学与统计学院官方平台","id":"gh_83fa6f6e7577","logo":"https://mp.innenu.com/img/media/math.png","qrcode":"https://mp.innenu.com/img/media/math-qrcode.jpg","article":[{"cover":"http://mmbiz.qpic.cn/mmbiz_jpg/A1pATfhlgbuBQiazTM26j2cicic09iatjVDCoKtRxicKJYzV4SjR6EicGJASesI7oRt0A4Zc7CiaZibzKoyJ2SHw5N1PDg/0?wx_fmt=jpeg","title":"数学建模经验交流会","desc":"令人瞩目的数学建模经验交流会来啦！","url":"https://mp.weixin.qq.com/s/Ylevnq6toPZr4jms8mGMCg"},{"cover":"http://mmbiz.qpic.cn/mmbiz_jpg/A1pATfhlgbvvXZtxeIeygeUBIicNe8T0OLDA0Du4zCENaTDsv6f5DkpEO2NF25svDsuibic3OwuMvFaGDMY4eV57A/0?wx_fmt=jpeg","title":"心理特辑丨问“君”能有几多愁？心理咨询来解忧","desc":"心理特辑丨问“君”能有几多愁？心理咨询来解忧","url":"https://mp.weixin.qq.com/s/WW8X8i0s6UsBviuYtJ-XJQ"},{"cover":"http://mmbiz.qpic.cn/mmbiz_jpg/A1pATfhlgbv6GgxsJxshWIG9FVljKcCZ26icIB7YOyibjOKXic5kdyxiaNxvMP5jfDNXualHaBB4f4fibphfKmpH7ZA/0?wx_fmt=jpeg","title":"我为同学做件事｜LATEX使用教程分享会","desc":"LATEX使用教程分享会","url":"https://mp.weixin.qq.com/s/nvWrs6xQnAJOuhSDWADOCw"},{"cover":"http://mmbiz.qpic.cn/mmbiz_jpg/A1pATfhlgbuczBQ7zDbGp3lJw1zp7veyDFolE2ofHuF9icrdBqZsTm11lqLdkufWM9oyv8OJafcG0ECZ1jhHzlw/0?wx_fmt=jpeg","title":"数学与统计学院举办“同庆祖国华诞”线上主题打卡爱国主义教育活动","desc":"数学与统计学院举办“同庆祖国华诞”线上主题打卡爱国主义教育活动","url":"https://mp.weixin.qq.com/s/HnCeHzhesdzpGjUbUq-ZDA"},{"cover":"http://mmbiz.qpic.cn/mmbiz_jpg/A1pATfhlgbsicBohj9ia3GmbWQPQ22x9oKicmdO4JZlwnYgTFR2HOcnMZS4bZibLZCdIeTG9yod025mhYeQjREpGyg/0?wx_fmt=jpeg","title":"我为同学做件事丨数学与统计学院组建第二届学生朋辈讲师团","desc":"我为同学做件事丨数学与统计学院组建第二届学生朋辈讲师团","url":"https://mp.weixin.qq.com/s/oZ0LbR9gIjW9yVLAVdwYOg"},{"cover":"http://mmbiz.qpic.cn/mmbiz_jpg/A1pATfhlgbsqMuGdhN4eCXC2kWVCpVqnPG4yUtqGHWYfGYW34VMciaudp6ibtmUA9wVdNPcSRFcmiaayuKFmTmIDA/0?wx_fmt=jpeg","title":"我为同学做件事丨数学与统计学院开展学生党员联系寝活动","desc":"我为同学做件事丨数学与统计学院开展学生党员联系寝活动","url":"https://mp.weixin.qq.com/s/b4DJT_2pGeGY7wk2q_4PTw"},{"cover":"http://mmbiz.qpic.cn/mmbiz_jpg/A1pATfhlgbuBYILo2ukQSez6H7Picse3BzwInnTRGO4Hy3JoTya0tRIlamygCaI2fo7qcibGfKPALqbJwP3icfYKg/0?wx_fmt=jpeg","title":"团结拼搏，趣味运动，共创精彩","desc":"体谅与理解，团结与坚持。我们不都是冠军，但或许我们都是胜利者。","url":"https://mp.weixin.qq.com/s/mizifGl8WOIxc_NpsN_F4A"},{"cover":"http://mmbiz.qpic.cn/mmbiz_jpg/A1pATfhlgbtd5FMnqeUDwE85FASZxw8RrOliagAPlWEjeD6hPdYxGYggOI3P0WUcTM98S7o46lYyIn80eMTHmzA/0?wx_fmt=jpeg","title":"学术下午茶｜考博与科研分享会","desc":"学术下午茶｜考博与科研分享会","url":"https://mp.weixin.qq.com/s/1DEP5FJ7nJ4OoCiRoF35zA"},{"cover":"http://mmbiz.qpic.cn/mmbiz_jpg/A1pATfhlgbsOQicOYrT21MCHnRia15p53MUHsZ5cibnGK8z7sVfMhxiczeTTbiaWA2Yh7R4SO6fBicdnlhncr4iaNEzxA/0?wx_fmt=jpeg","title":"“励学励行•数满校园”高数答疑活动志愿者招募","desc":"亲爱的数院同学们,第二期的高数答疑活动即将开始,志愿者招募正在进行中！","url":"https://mp.weixin.qq.com/s/LzGx4ODAbmXriNLBBU3zTg"},{"cover":"http://mmbiz.qpic.cn/mmbiz_jpg/A1pATfhlgbumsmwPjsnPhVibeH8ZOrgBIQXptlymz2iapNa4rswbxzRo1qC0VGSibibLzplzww7RmmJmnIQy0QWjqg/0?wx_fmt=jpeg","title":"你学我来帮，携手共前行——第一届朋辈讲师活动总结","desc":"你学我来帮，携手共前行——数学与统计学院第一届朋辈讲师活动圆满结束","url":"https://mp.weixin.qq.com/s/oTf3qfWPVLpJlRZzvLmxpw"},{"cover":"http://mmbiz.qpic.cn/mmbiz_jpg/A1pATfhlgbvZiaNundPx84RzI8dMkr2uzHRWibUO1DCAy2ib2P4Trib6pL5VE7tYAQlaqCdcgibia6qKv4GVNAeEFCqw/0?wx_fmt=jpeg","title":"开学典礼|2021级研究生开学第一课","desc":"开学典礼|2021级研究生开学第一课","url":"https://mp.weixin.qq.com/s/-xOOwRAjf9q724-E6TyUpQ"},{"cover":"http://mmbiz.qpic.cn/mmbiz_jpg/A1pATfhlgbv2VCI3nMic2ZIUkMOjXtAbogLBjFWQO7kcViaSyVyxTm7B5cGu040BIHAXnYWZExXeHicNhZBDLYuEQ/0?wx_fmt=jpeg","title":"数学与统计学院召开第二次学生代表大会","desc":"数学与统计学院召开第二次学生代表大会","url":"https://mp.weixin.qq.com/s/vFLURA21LnNyjA7dARFzaw"},{"cover":"http://mmbiz.qpic.cn/mmbiz_jpg/A1pATfhlgbth5NulnXltTxyPwGzic5B8IndricfNtN4uxutFOCibicp2TDqhx9lHsEczVj2pSYt5tdic6v7HZZeztQA/0?wx_fmt=jpeg","title":"2021年国际产学研用合作会议分论坛—中加传染病建模与防控研讨会在我院成功召开","desc":"2021年国际产学研用合作会议分论坛—中加传染病建模与防控研讨会在我院成功召开","url":"https://mp.weixin.qq.com/s/wTJCeuCaMKZoQDI9OE8-Xw"},{"cover":"http://mmbiz.qpic.cn/mmbiz_jpg/A1pATfhlgbvxZhqeDaicCN33f0b15ln3FQwE6h3QVFUJEu5nrv6Ld12cM26ia5fLG6bbFKzIIRpzia9wiablv3gpyw/0?wx_fmt=jpeg","title":"东北师范大学数学与统计学院2021级新生开学典礼暨开学第一课","desc":"东北师范大学数学与统计学院2021级新生开学典礼暨开学第一课","url":"https://mp.weixin.qq.com/s/lks6_cC8oppOhbI72NPpNA"},{"cover":"http://mmbiz.qpic.cn/mmbiz_jpg/A1pATfhlgbvVFuGIzVeWkrmDq09G9wKmxiaNynfFohPENnMAiaVfqVdNibJpCTnRF6csgvZscBD4dfRU2WHCQO99g/0?wx_fmt=jpeg","title":"数学与统计学院2022年接收优秀应届本科毕业生   免试攻读研究生复试录取工作实施细则","desc":"数学与统计学院2022年接收优秀应届本科毕业生\\x0a免试攻读研究生复试录取工作实施细则","url":"https://mp.weixin.qq.com/s/jXI8Eroz5g7-_3FVq5oeyA"},{"cover":"http://mmbiz.qpic.cn/mmbiz_jpg/A1pATfhlgbueFiaic9Wa9niaPhQTv9icR4weEYHRG4DWndrqQJCW5ibXJeX5RtHXk8IRSvXb54VicA0FYrZH2SBSg2iaA/0?wx_fmt=jpeg","title":"数学与统计学院第二十一届研究生会换届结果公示","desc":"数学与统计学院第二十一届研究生会换届结果公示","url":"https://mp.weixin.qq.com/s/85xu4Gjw-Zw5apbIBCtD8Q"},{"cover":"http://mmbiz.qpic.cn/mmbiz_jpg/A1pATfhlgbueFiaic9Wa9niaPhQTv9icR4weg7Dd3ZKyj1ml6k23uLFicNqb0f4cqdqdfDia9oicGK648lOupxlO1xQicQ/0?wx_fmt=jpeg","title":"数学与统计学院第二十一届研究生会纳新结果公示","desc":"数学与统计学院第二十一届研究生会纳新结果公示","url":"https://mp.weixin.qq.com/s/lCnEuIfrCxTuyinhdNiQhg"}]}