{"name":"东师之声校园广播","detail":"东北师范大学“东师之声”校园广播站","desc":"东北师范大学的有声媒体，东师之声校园广播官方平台，用心吐字，用爱归音","id":"DSZS2555","logo":"https://mp.innenu.com/img/organization/voice.png","qrcode":"https://mp.innenu.com/img/media/voice-wechat.jpg","authorized":true,"article":[{"cover":"http://mmbiz.qpic.cn/mmbiz_jpg/4ibXUPiaLwibrQJsfvQicI8eYHibKtzbfFHqUCrxHZibxaicysSJMsst7fl5ErwT9b8X9cQl4mKmq1AGlM2UuenFEX2yA/0?wx_fmt=jpeg","title":"普通话推广 | 四海同音，万众一心","desc":"学说普通话文明你我他Standard Mandarin普通话是以北方语言为准结合汉字标准发音而推行的中国标准","url":"https://mp.weixin.qq.com/s/ZtCkIuMvttPJZjHBqZslZA"},{"cover":"http://mmbiz.qpic.cn/mmbiz_jpg/4ibXUPiaLwibrQaGmlG5c3mEBkpvOicicbc6b1uf7t4H59IecD3DlQDqFEibzgbxB4hib0Ucx3Z30cT5ia6McxSlMgwS8Q/0?wx_fmt=jpeg","title":"教师节 | 桃李不言，下自成蹊","desc":"祝各位老师教师节快乐！","url":"https://mp.weixin.qq.com/s/Pox8Zlk2Bejn-HGFYHclfQ"},{"cover":"http://mmbiz.qpic.cn/mmbiz_jpg/4ibXUPiaLwibrQZqH1BHE4SlT3X5eMxwf3ck4Gdam5Drz49nRrJyqD8E0XdAxsDQExoS35RO5ZbsxNDtMzIse9BJA/0?wx_fmt=jpeg","title":"纳新 | 以声为伴，携手同行","desc":"东师之声校园广播站纳新啦！","url":"https://mp.weixin.qq.com/s/0BVzbZhY4QXmaQ9IJeIVIA"},{"cover":"http://mmbiz.qpic.cn/mmbiz_jpg/4ibXUPiaLwibrSaGicZWjbVyVThFEvRsNIXVxTMTEyfTP332QZrIo95Hz8lBvibiaka5YPEeSFKH0cn1rZQfWgTGo5Og/0?wx_fmt=jpeg","title":"毕业特别栏目丨“点点声情”点歌平台（本部）","desc":"用心吐字，用爱归音，用音乐传递温暖，让声音承载祝福，东师之声校园广播站#点点声情#把我的温柔说给你听~","url":"https://mp.weixin.qq.com/s/rzMYf_M-lmMvkG-Z2BbGiw"},{"cover":"http://mmbiz.qpic.cn/mmbiz_jpg/4ibXUPiaLwibrQVk5RelHwbic9icFIQbGOSribQVyENjwRNG7wNXttDUEeI8Yia1kkIuAZXpdl3JSYf5c8C7yxHgy59fA/0?wx_fmt=jpeg","title":"毕业特别栏目 | “点点声情”点歌平台（净月）","desc":"东师之声校园广播站#点点声情#为你送出祝福","url":"https://mp.weixin.qq.com/s/Q7IA2fANKPcgUY92QiJ-Bw"},{"cover":"http://mmbiz.qpic.cn/mmbiz_jpg/4ibXUPiaLwibrQVk5RelHwbic9icFIQbGOSribwyaqaNt2OIPPnfNmjticF0ICroXeRcQDt8qBiaH1wuLb6RY15aLqqtzA/0?wx_fmt=jpeg","title":"晚安东师 | 你是“社恐”大军中的一员吗？","desc":"有的人喜欢热闹，有的人喜欢安静，有的人不擅长与人相处，有的人爱社交，只要不影响自己与他人就好了。也愿社恐青年过好自己的日子，不必在意他人的眼光~","url":"https://mp.weixin.qq.com/s/mt1qGX6PgIxOhpwgiUsz_A"},{"cover":"http://mmbiz.qpic.cn/mmbiz_jpg/4ibXUPiaLwibrThwHbOAF6BmgMXAxNiaX75ZNKyPTjibVFDLcWDe0w3nYl8JpXz6jhbl67pspBw4WKV2HLIonLMA1dg/0?wx_fmt=jpeg","title":"毕业特别栏目丨“点点声情”点歌平台（本部）","desc":"用心吐字，用爱归音，用音乐传递温暖，让声音承载祝福，东师之声校园广播站#点点声情#把我的温柔说给你听~","url":"https://mp.weixin.qq.com/s/nSKfWzhf6WKDDJftJjt3ig"},{"cover":"http://mmbiz.qpic.cn/mmbiz_jpg/4ibXUPiaLwibrQrmpGQpKiaW2J5yh2FB03Pvc6jBicfcfbjNZLsuFLXfoRWibbpPRZa7CB6SKv6dZmVOwJDz5ycuWLPQ/0?wx_fmt=jpeg","title":"疫苗来了，你都准备好了吗？","desc":"快来！最全的打疫苗注意事项都在这里了！","url":"https://mp.weixin.qq.com/s/lRaYn59UbklNwqsKb9udFg"},{"cover":"http://mmbiz.qpic.cn/mmbiz_jpg/4ibXUPiaLwibrTqJrN1rOzzsKibgtNGp1XjtUlPfASA6Ppwy2nw6OO3NdZaWSjn03d1D4RF4I6vLSkJAn69iaZqCwWA/0?wx_fmt=jpeg","title":"立夏已过，快来看看宿舍好物！","desc":"这些宿舍好物你值得拥有~","url":"https://mp.weixin.qq.com/s/p0nIau_XZmJBTo1_EMPSIw"},{"cover":"http://mmbiz.qpic.cn/mmbiz_jpg/4ibXUPiaLwibrRNaBh55KdwoxBaOdzqQ3A3gw9s3aG3Ixm0EllWvnzxeqLqpG3yPlBKTaxZYMFxXLAyL34Oo6Qs6w/0?wx_fmt=jpeg","title":"这里有一份五一长春游玩攻略，请查收~","desc":"五一假期一起出去玩吧~","url":"https://mp.weixin.qq.com/s/jgoSDEIDinPMMBkS7_AuXw"},{"cover":"http://mmbiz.qpic.cn/mmbiz_jpg/4ibXUPiaLwibrSIFwBY3mQ4TNicbWvt5e7sV3pOicz5t2tvqaicKwzuianeibHB0YLG7ic7krOYIGvsHhQvns8dcerlFiaog/0?wx_fmt=jpeg","title":"这一年杏花微雨，你说你是NENUer?","desc":"这一年杏花微雨，你说你是NENUer?","url":"https://mp.weixin.qq.com/s/gpsLoVlypmkN4iUAMVIP7g"},{"cover":"http://mmbiz.qpic.cn/mmbiz_jpg/4ibXUPiaLwibrRDIoicwshquicEo10ebNWpEKshKyPbuhlWU7YqSkqibpqsFMyKOFtZ87JLWjiasEwoTc05KxibMhRr9iag/0?wx_fmt=jpeg","title":"换上春装，在春风中奔跑吧","desc":"跑下去跑进春天里跑进和煦的阳光里 ——蒋方舟《东京一年》春日·宜万象","url":"https://mp.weixin.qq.com/s/A9e0g6l8W8_vUf7UjE0JNQ"}]}