[{"name":"学校机构","account":[{"name":"东北师范大学","desc":"东北师范大学官方微信公众号","logo":"https://mp.innenu.com/img/media/official.png","path":"official"},{"name":"东北师范大学团委","desc":"共青团东北师范大学委员会官方公众号","logo":"https://mp.innenu.com/img/media/tuanwei.png","path":"tuanwei"},{"name":"东北师范大学图书馆","desc":"关注东师图书馆，掌握图书馆讲座、资源、服务最新动态!","logo":"https://mp.innenu.com/img/media/library.png","path":"library"},{"name":"东北师范大学招生办公室","desc":"关注我们，及时获取招生动态，了解招生政策","logo":"https://mp.innenu.com/img/media/official.png","path":"enroll"},{"name":"东北师大信息化办","desc":"精致服务，精细管理","logo":"https://mp.innenu.com/img/media/xxhb.png","path":"xxhb"},{"name":"东北师范大学财务处","desc":"东北师范大学财务处微信公众号","logo":"https://mp.innenu.com/img/media/official.png","path":"caiwuchu"},{"name":"东师后勤","desc":"东北师范大学后勤保障部","logo":"https://mp.innenu.com/img/media/logistics.jpg","path":"archive"},{"name":"东师档案","desc":"东北师范大学档案、校史与校友服务","logo":"https://mp.innenu.com/img/media/official.png","path":"archive"},{"name":"东北师大综合体育馆","desc":"东北师范大学综合体育馆","logo":"https://mp.innenu.com/img/media/gym.jpg","path":"gym"},{"name":"东北师范大学党委教师工作部","desc":"教师思想政治工作，师德师风建设","logo":"https://mp.innenu.com/img/media/official.png","path":"league-teacher"},{"name":"平安东师","desc":"东北师范大学保卫处微信公众号","logo":"https://mp.innenu.com/img/media/pingan.png","path":"pingan"}]},{"name":"学院","account":[{"name":"东北师范大学教育学部","desc":"东北师范大学教育学部官方微信平台","logo":"https://mp.innenu.com/img/media/education-wechat.png","path":"education"},{"name":"东师心理","desc":"东北师范大学心理学院微信平台","logo":"https://mp.innenu.com/img/media/psychology.png","path":"psychology"},{"name":"红砖微语","desc":"东北师范大学政法学院微信平台","logo":"https://mp.innenu.com/img/media/politics.png","path":"politics"},{"name":"东师经管","desc":"东北师范大学经济与管理学院官方微信平台","logo":"https://mp.innenu.com/img/media/economic.jpg","path":"economy"},{"name":"东师文苑","desc":"东北师范大学文学院官方微信平台","logo":"https://mp.innenu.com/img/media/chinese.png","path":"chinese"},{"name":"大史苑","desc":"东北师范大学历史学院微信平台","logo":"https://mp.innenu.com/img/media/history.jpg","path":"history"},{"name":"NENU外国语","desc":"东北师范大学外国语学院微信平台","logo":"https://mp.innenu.com/img/media/foreign.jpg","path":"foreign"},{"name":"音舞东师","desc":"东北师范大学音乐学院微信平台","logo":"https://mp.innenu.com/img/media/music.png","path":"music"},{"name":"东师美术NENUART","desc":"东北师范大学美术学院微信平台","logo":"https://mp.innenu.com/img/media/art.png","path":"art"},{"name":"青年力量","desc":"东北师范大学体育学院官方微信平台","logo":"https://mp.innenu.com/img/media/pe.png","path":"pe"},{"name":"东师化院","desc":"东北师范大学化学学院官方微信平台","logo":"https://mp.innenu.com/img/media/chemistry.jpg","path":"chemistry"},{"name":"东北师范大学物理学院","desc":"东北师范大学物理学院官方微信平台","logo":"https://mp.innenu.com/img/media/phy.jpg","path":"phy"},{"name":"东北师范大学地理科学学院","desc":"东北师范大学地理科学学院官方微信平台","logo":"https://mp.innenu.com/img/media/geo.png","path":"geo"},{"name":"东师传媒","desc":"东北师范大学传媒学院官方微信平台","logo":"https://mp.innenu.com/img/media/media.png","path":"media"},{"name":"NENU环境学院","desc":"东北师范大学环境学院官方微信平台","logo":"https://mp.innenu.com/img/media/environment.png","path":"environment"},{"name":"东北师范大学职业与继续教育学院","desc":"东北师范大学职业与继续教育学院官方微信平台","logo":"https://mp.innenu.com/img/media/vocation.png","path":"vocation"},{"name":"东师物院团委","desc":"东北师范大学物理学院团委公众号","logo":"https://mp.innenu.com/img/media/physics.png","path":"physics"},{"name":"东师地科","desc":"愿地科君常伴地科人","logo":"https://mp.innenu.com/img/media/geography.jpg","path":"geography"}]},{"name":"学生组织","account":[{"name":"东师青年","desc":"东北师范大学校学生会官方微信公众号","logo":"https://mp.innenu.com/img/organization/nenuyouth.png","path":"nenuyouth"},{"name":"东师小窝","desc":"东北师范大学学生宿舍自我管理委员会","logo":"https://mp.innenu.com/img/organization/xiaowo.png","path":"xiaowo"},{"name":"东师之声校园广播","desc":"东北师范大学“东师之声”校园广播站","logo":"https://mp.innenu.com/img/organization/voice.png","path":"voice"},{"name":"东师青马","desc":"东北师范大学青年马克思主义者学习研究会","logo":"https://mp.innenu.com/img/organization/marx.png","path":"youth-marx"},{"name":"志愿东师","desc":"东北师范大学红烛志愿者协会","logo":"https://mp.innenu.com/img/media/zhiyuandongshi.png","path":"zhiyuandongshi"},{"name":"厚普公益学校","desc":"东北师范大学厚普公益学校","logo":"https://mp.innenu.com/img/organization/houpu.png","path":"hope"},{"name":"东师大学生创业中心","desc":"东北师范大学大学生创新创业中心","logo":"https://mp.innenu.com/img/organization/daChuang.png","path":"career-center"},{"name":"NENU东小青","desc":"东北师范大学《东师青年》报社","logo":"https://mp.innenu.com/img/organization/newspaper.png","path":"newspaper"},{"name":"NENU艺术团","desc":"东北师范大学生艺术团","logo":"https://mp.innenu.com/img/organization/daYi.png","path":"art-ensemble"}]},{"name":"学生社团","account":[{"name":"东北师大萤火支教团","desc":"东北师范大学萤火支教团","logo":"https://mp.innenu.com/img/association/yinghuo.png","path":"yinghuo"},{"name":"东师模联NENUMUN","desc":"东北师范大学模拟联合国协会","logo":"https://mp.innenu.com/img/association/mun.png","path":"mun"},{"name":"东师锅庄林","desc":"东北师范大学锅庄舞协会","logo":"https://mp.innenu.com/img/association/guozhuangwu.png","path":"guozhuanglin"}]},{"name":"其他","account":[{"name":"苏东吴东北师大物业服务驿站","desc":"主动、热情、优质、高效，我们是东吴物业。","logo":"https://mp.innenu.com/img/media/sudonghao.png","path":"donghao"}]},{"name":"已停更","account":[{"name":"爱心使者团","desc":"东北师范大学爱心使者团","logo":"https://mp.innenu.com/img/organization/aixinshizhe.png","path":"aixinshizhe"},{"name":"心里有你","desc":"东北师范大学心理协会","logo":"https://mp.innenu.com/img/media/xinli.jpg","path":"xinli"},{"name":"乐群学社","desc":"东北师范大学乐群学社","logo":"https://mp.innenu.com/img/association/lequn.png","path":"lequn"}]}]