{"title":"英语 (中外合作办学)","desc":"来源: 2022 年本科招生指南","time":"2022 年 7 月 14 日","shareable":true,"id":"intro/school/foreign/english-cop","cite":["https://book.eol.cn/books/cusm/mobile/index.html"],"content":[{"tag":"title","text":"专业简介"},{"tag":"p","text":["旨在培养以英语和现代信息交流技术及手段为基础，适应经济全球化发展，跨文化、应用型、复合型高层次英语交流人才，能胜任外贸企业及其它涉外企事业单位的高级文秘和管理工作，是东北师范大学与美国肯尼绍州立大学合作的本科专业。学生在校学习三年后 (达到国外大学准入资格) ，可选择转入国外大学学习，达到国外大学和东北师范大学学位授予条件者可获得国外大学和东北师范大学双学位。"]},{"tag":"title","text":"学费价格"},{"tag":"text","text":["19000 元/年"]},{"tag":"title","text":"主干课程"},{"tag":"p","text":["开设综合英语、英语阅读与写作、美国历史、技术写作、西方修辞学、应用统计学。"]},{"tag":"title","text":"就业方向"},{"tag":"text","text":["涉外企业、国企、银行、学校、新闻出版机构、IT 电子行业等。"]}]}