{"title":"理发","desc":"特别鸣谢小艺学长提供部分照片","author":"Mr.Hope","time":"2021年9月6日","shareable":true,"content":[{"tag":"title","text":"本部"},{"tag":"text","heading":"校内","text":["浴池一楼有一家觉起造型。"]},{"tag":"img","src":"https://mp.innenu.com/img/bath/benbu-shop1.jpg","desc":"觉起造型"},{"tag":"img","src":"https://mp.innenu.com/img/life/benbu-bath-haircut.jpg","desc":"觉起造型店内照片"},{"tag":"text","text":["北苑超市旁也开了一家理发店。"]},{"tag":"text","heading":"校外","text":["从小南门出去左转，在文昌路上有两家(有一家刚开不久)，不算太远。"]},{"tag":"title","text":"净月"},{"tag":"text","heading":"校内","text":["二食堂楼下(书店、水果店旁)、浴池外洗衣房旁"]},{"tag":"img","src":"https://mp.innenu.com/img/shop/jingyue-haircut.jpg","desc":"理发店"},{"tag":"text","heading":"校外","text":["暂无信息。"]}],"images":["https://mp.innenu.com/img/bath/benbu-shop1.jpg","https://mp.innenu.com/img/life/benbu-bath-haircut.jpg","https://mp.innenu.com/img/shop/jingyue-haircut.jpg"],"id":"guide/life/haircut","scopeData":{"@type":"general","uniq_id":"guide/life/haircut","cover":"https://mp.innenu.com/img/bath/benbu-shop1.jpg","title":"理发","digest":"校内 浴池一楼有一家觉起造型。北苑超市旁也开了一家理发店。校外 从小南门出去左转，在文昌路上有两家(有一家刚开不久)，不算太远。校内 二食堂楼下(书店、水果店旁)、浴池外洗衣房旁校外 暂无信息。","thumbs":["https://mp.innenu.com/img/bath/benbu-shop1.jpg","https://mp.innenu.com/img/life/benbu-bath-haircut.jpg","https://mp.innenu.com/img/shop/jingyue-haircut.jpg"],"tags":["本部","净月"]}}