{"title":"生活","author":"Mr.Hope","time":"2021年9月6日","grey":true,"shareable":true,"content":[{"tag":"text","type":"tip","text":["生活页面仍在整合中，Mr.Hope 正在努力整理并更新两校区相关信息、照片，目前所列出的内容可能不全。","如果您想要帮助订正，或想直接提供相关照片，欢迎联系我。"]},{"tag":"list","header":"衣","content":[{"text":"洗衣店","icon":"washer","path":"guide/life/washing"},{"text":"眼镜店","icon":"glasses","path":"guide/life/glasses"}]},{"tag":"list","header":"食","content":[{"text":"食堂","icon":"dining","path":"guide/dining/index"},{"text":"水果","icon":"fruit","path":"guide/life/fruit"},{"text":"烘焙坊","icon":"bake","path":"guide/life/bake"},{"text":"饮品店","icon":"drink","path":"guide/life/drink"}]},{"tag":"list","header":"住","content":[{"text":"寝室","icon":"dorm","path":"guide/dorm/index"},{"text":"浴池","icon":"bath","path":"guide/bath/index"},{"text":"理发","icon":"haircut","path":"guide/life/haircut"},{"text":"照相","icon":"photo","path":"guide/life/photo"},{"text":"打印","icon":"print","path":"guide/life/print"},{"text":"电子产品配件与维修","icon":"digital","path":"guide/life/digital"},{"text":"营业厅","desc":"手机卡","icon":"sim","path":"guide/life/sim/index"}]},{"tag":"list","header":"行","content":[{"text":"交通出行","icon":"traffic","path":"guide/traffic/index"},{"text":"存取款","icon":"atm","path":"guide/life/atm/index"},{"text":"就医","icon":"hospital","path":"guide/life/hostpital"},{"text":"校园周边","icon":"nearby","path":"guide/life/nearby/index"}]}],"images":[],"id":"guide/life/index","scopeData":{"@type":"general","uniq_id":"guide/life/index","title":"生活","digest":"生活页面仍在整合中，Mr.Hope 正在努力整理并更新两校区相关信息、照片，目前所列出的内容可能不全。 如果您想要帮助订正，或想直接提供相关照片，欢迎联系我。","thumbs":["https://mp.innenu.com/img/inNENU.jpg"],"tags":[]}}