{"title":"本部浴池","author":"Mr.Hope","time":"2021年12月20日","shareable":true,"content":[{"tag":"title","text":"地址"},{"tag":"text","text":["学生八舍旁，幼儿园园长培训中心后侧。"]},{"tag":"location","title":"本部浴池","points":[{"latitude":43.86249,"longitude":125.337057}]},{"tag":"img","src":"https://mp.innenu.com/img/bath/benbu-main.jpg","desc":"正门"},{"tag":"img","src":"https://mp.innenu.com/img/bath/benbu-outside.jpg","desc":"外景"},{"tag":"img","src":"https://mp.innenu.com/img/bath/benbu-main-2.jpg","desc":"大厅"},{"tag":"text","heading":"一楼","text":["拥有水果店、复印店、奶茶店、化妆品店、理发店等店铺","包含健身房与休息室等设施。","还有一个小小的男宾😑"]},{"tag":"carousel","images":["https://mp.innenu.com/img/bath/benbu-shop1.jpg","https://mp.innenu.com/img/bath/benbu-shop2.jpg","https://mp.innenu.com/img/bath/benbu-shop3.jpg"]},{"tag":"text","heading":"二楼","text":["浴池二楼为女宾区。"]},{"tag":"title","text":"洗浴区域"},{"tag":"p","text":["洗浴区在入口处提供了吹风机、梳妆镜、体重秤等设置。","每个洗浴间都有可上锁的门，周围是毛玻璃，门后有放置衣服和鞋子的箱子。"],"style":"text-indent: 1.5em; "},{"tag":"img","src":"https://mp.innenu.com/img/bath/benbu-env.jpg","desc":"洗浴区"},{"tag":"img","src":"https://mp.innenu.com/img/bath/benbu-cloth-box.jpg","desc":"衣物箱"},{"tag":"img","src":"https://mp.innenu.com/img/bath/benbu-dressing-table.jpg","desc":"梳妆台 (有吹风机)"},{"tag":"img","src":"https://mp.innenu.com/img/bath/benbu-scale.jpg","desc":"体重秤"},{"tag":"title","text":"开放时间"},{"tag":"text","text":["8:00🕗 - 22:00🕙","每月15日、30日上午检修"]},{"tag":"title","text":"校外浴池"},{"tag":"p","text":["三舍东边就是吉林省雪立方摩尔运动中心有限公司，内部洗浴条件很不错，有隔间，带学生证可以打折，价格是洗浴 ￥18/人，搓澡 ￥12/人。"],"style":"text-indent: 1.5em; "}],"cite":[],"id":"guide/bath/benbu"}