{"title":"大学英语水平测试","grey":true,"author":"Mr.Hope","time":"2021年8月15日","shareable":true,"content":[{"tag":"list","content":[{"text":"大学英语水平测试介绍","icon":"intro","path":"guide/exam/cet/intro"},{"text":"大学英语水平测试报名","icon":"apply","path":"guide/exam/cet/apply"},{"text":"大学英语水平测试考试流程","icon":"flow","path":"guide/exam/cet/flow"},{"text":"大学英语水平测试考试常见问题","icon":"faq","path":"guide/exam/cet/faq"}]}],"images":[],"id":"guide/exam/cet/index","scopeData":{"@type":"general","uniq_id":"guide/exam/cet/index","title":"大学英语水平测试","digest":"","thumbs":["https://mp.innenu.com/img/inNENU.jpg"],"tags":[]}}