{"title":"教务处人员信息","author":"Mr.Hope","time":"2021年12月3日","shareable":true,"content":[["list",{"content":[{"text":"教务处处长人员信息","path":"intro/apt/course/info/leader"},{"text":"综合办公室","path":"intro/apt/course/info/complex"},{"text":"教学建设与改革办公室","path":"intro/apt/course/info/construct"},{"text":"教学运行管理办公室","path":"intro/apt/course/info/run"},{"text":"学籍管理办公室","path":"intro/apt/course/info/roll"},{"text":"教学质量管理办公室","path":"intro/apt/course/info/quality"},{"text":"教学质量管理办公室","path":"intro/apt/course/info/innovate"},{"text":"本科生招生办公室","path":"intro/apt/course/info/enroll"},{"text":"净月教务管理办公室","path":"intro/apt/course/info/jingyue"}]}]],"cite":[],"id":"intro/apt/course/info/index"}