{"title":"出校申请","author":"Mr.Hope","time":"2021年11月23日","shareable":true,"content":[{"tag":"card","title":"出校申请","desc":"东师e起战疫","options":{"appId":"wxa9de818af2c7f9ab","path":"pages/out/out/out"}},{"tag":"title","text":"使用说明"},{"tag":"list","header":false,"content":[{"text":"登陆小程序","path":"guide/miniapp/login"}]},{"tag":"ol","text":["进入小程序，点击“出校申请”进行信息填报。","按照系统提示填写出行时间与出行地点","填写完毕后，勾选本人承诺选项可点击提交即可。"]},{"tag":"img","src":"https://mp.innenu.com/img/epidemic/miniprogram-exit.png"},{"tag":"ul","type":"info","heading":"自动审批","text":["满足以下情况的市内出行申请会被系统自动审批。","前日两次健康汇报均提交，6:30 前申请出校","已提交当天早间健康汇报，6:30 - 12:00 申请出校","已提交当日两次健康汇报，12:30 - 次日0:00 申请出校"]},{"tag":"text","type":"danger","text":["请您务必重视出校申请! 请如实填写自己的去向，认证报备。","错报瞒报自己的去向经学校查实，会获得处分。"]}],"id":"guide/miniapp/exit","images":["https://mp.innenu.com/img/epidemic/miniprogram-exit.png"],"scopeData":{"@type":"general","uniq_id":"guide/miniapp/exit","title":"出校申请","cover":"https://mp.innenu.com/img/epidemic/miniprogram-exit.png","digest":"进入小程序，点击“出校申请”进行信息填报。 按照系统提示填写出行时间与出行地点 填写完毕后，勾选本人承诺选项可点击提交即可。自动审批 满足以下情况的市内出行申请会被系统自动审批。 前日两次健康汇报均提交，6:30 前申请出校 已提交当天早间","thumbs":["https://mp.innenu.com/img/epidemic/miniprogram-exit.png"],"tags":["使用说明"]}}