{"title":"地理科学学院","grey":true,"author":"Mr.Hope","time":"2021年8月15日","shareable":true,"content":[{"tag":"list","content":[{"text":"学院简介","icon":"about","path":"intro/school/geography/intro"},{"text":"专业介绍","icon":"intro","path":"intro/school/geography/enroll"},{"text":"学科建设","icon":"bookshelf","path":"intro/school/geography/subject"}]},{"tag":"copy","header":"官网地址","text":"https://geo.nenu.edu.cn/"}],"images":[],"id":"intro/school/geography/index","scopeData":{"@type":"general","uniq_id":"intro/school/geography/index","title":"地理科学学院","digest":"","thumbs":["https://mp.innenu.com/img/inNENU.jpg"],"tags":[]}}