{"title":"助学贷款的申请条件和程序","desc":"来自中华人民共和国教育部","time":"2021年8月15日","shareable":true,"content":[{"tag":"p","text":["家庭经济困难学生可申请办理国家助学贷款，解决学费与住宿费，本科生每人每年最高不超过 8000 元。国家助学贷款包括生源地信用助学贷款与校园地国家助学贷款。"],"style":"text-indent: 1.5em; "},{"tag":"title","text":"一、生源地信用助学贷款"},{"tag":"p","heading":"(一)申请条件","text":["①具有中华人民共和国国籍；","②诚实守信，遵纪守法；","③已被根据国家有关规定批准设立、实施高等学历教育的全日制普通本科高校、高等职业学校和高等专科学校(含民办高校和独立学院，学校名单以教育部公布的为准)，科研院所、党校、行政学院、会计学院等研究生培养单位正式录取，取得真实、合法、有效的录取通知书的新生或高等教育在读的本专科学生、预科生、研究生和第二学士学生；","④学生本人入学前户籍、其父母(或其他法定监护人)户籍均在本县(市、区)；","⑤家庭经济困难，所能获得的收入不足以支付在校期间完成学业所需的基本费用。"],"style":"text-indent: 1.5em; "},{"tag":"p","heading":"(二)申请程序","text":["生源地信用助学贷款按年度申请、审批和发放。学生在新学期开始前，向家庭所在县(市、区)的学生资助管理中心提出贷款申请(有的地区直接到相关金融机构申请)。县级学生资助管理中心负责对学生提交的申请进行资格初审。金融机构负责最终审批并发放贷款。"],"style":"text-indent: 1.5em; "},{"tag":"title","text":"二、校园地国家助学贷款"},{"tag":"p","heading":"(一)申请条件","text":["家庭经济困难学生可以通过培养单位学生资助等部门向经办银行申请校园地国家助学贷款，全日制普通本专科生(含高职生)、第二学士学位学生、预科生和研究生，具备以下条件可以申请校园地国家助学贷款:","①家庭经济困难；","②具有中华人民共和国国籍，年满16周岁的需持有中华人民共和国居民身份证；","③具有完全民事行为能力(未成年人申请国家助学贷款须由其法定监护人书面同意)；","④诚实守信，遵纪守法，无违法违纪行为；","⑤学习努力，能够正常完成学业。"],"style":"text-indent: 1.5em; "},{"tag":"p","heading":"(二)申请程序","text":["学生须在新学年开学后(具体时间由各校规定)通过培养单位向银行提出贷款申请，银行不直接受理学生个人的贷款申请。经办银行原则上每年集中受理一次国家助学贷款申请。","学生申请校园地国家助学贷款需要提供以下材料:","(1)国家助学贷款申请书；","(2)本人学生证和居民身份证复印件(未成年人须提供法定监护人的有效身份证明和书面同意申请贷款的证明)；","(3)本人对家庭经济困难情况说明；","(4)学生家庭所在地有关部门出具的家庭经济困难证明。"],"style":"text-indent: 1.5em; "},{"tag":"action","header":"原文地址","content":"http://www.moe.gov.cn/jyb_hygq/hygq_zczx/moe_1346/moe_1351/201802/t20180211_327290.html"}],"cite":[],"id":"intro/subsidize/loan/apply"}