{"title":"贷款","grey":true,"time":"2022 年 8 月 9 日","shareable":true,"id":"intro/subsidize/loan/index","author":"Mr.Hope","cite":[],"content":[{"tag":"list","header":"介绍","items":[{"text":"国家助学贷款","icon":"about","path":"intro/subsidize/loan/intro"},{"text":"生源地信用助学贷款","icon":"home","path":"intro/subsidize/loan/hometown"},{"text":"生源地信用助学贷款","icon":"school","path":"intro/subsidize/loan/school"}]},{"tag":"list","header":"申请","items":[{"text":"助学贷款的申请条件和程序","icon":"apply","path":"intro/subsidize/loan/apply"},{"text":"校园地国家助学贷款常见问题","icon":"faq","path":"intro/subsidize/loan/school-faq"}]}]}