{"title":"申请流程","author":"Mr.Hope","time":"2021年8月15日","shareable":true,"content":[{"tag":"title","text":"资助申请流程"},{"tag":"p","text":["入学后，学校统一组织资助对象认定，对于获得资助对象资格的家庭经济困难学生给予相应资助。"],"style":"text-indent: 1.5em; "},{"tag":"title","text":"资助对象申请流程"},{"tag":"img","src":"https://mp.innenu.com/img/subsidize/subsidize1.png"},{"tag":"title","text":"勤工助学岗位申请流程"},{"tag":"img","src":"https://mp.innenu.com/img/subsidize/subsidize2.png"}],"images":["https://mp.innenu.com/img/subsidize/subsidize1.png","https://mp.innenu.com/img/subsidize/subsidize2.png"],"id":"intro/subsidize/application","scopeData":{"@type":"general","uniq_id":"intro/subsidize/application","cover":"https://mp.innenu.com/img/subsidize/subsidize1.png","title":"申请流程","digest":"入学后，学校统一组织资助对象认定，对于获得资助对象资格的家庭经济困难学生给予相应资助。","thumbs":["https://mp.innenu.com/img/subsidize/subsidize1.png","https://mp.innenu.com/img/subsidize/subsidize2.png"],"tags":["资助申请流程","资助对象申请流程","勤工助学岗位申请流程"]}}