{"title":"美术学院","grey":true,"author":"Mr.Hope","time":"2021年8月15日","shareable":true,"content":[{"tag":"list","content":[{"text":"学院简介","icon":"about","path":"intro/school/art/intro"},{"text":"专业介绍","icon":"intro","path":"intro/school/art/enroll"}]},{"tag":"copy","header":"官网地址","text":"https://fineart.nenu.edu.cn/"}],"images":[],"id":"intro/school/art/index","scopeData":{"@type":"general","uniq_id":"intro/school/art/index","title":"美术学院","digest":"","thumbs":["https://mp.innenu.com/img/inNENU.jpg"],"tags":[]}}