{"title":"疫情管理","grey":true,"author":"Mr.Hope","time":"2021年12月20日","shareable":true,"content":[{"tag":"text","type":"info","text":["如今，新冠疫情的全国大流行已经成为常态并将在未来很长一段时间内持续。学校也应对新冠疫情，制作并完善了现有的运行模式。"]},{"tag":"list","header":"返校相关","items":[{"text":"返校/报到需要满足的条件","icon":"alert","path":"guide/epidemic/requirement"},{"text":"长春疫情管控地区","icon":"ban","path":"guide/epidemic/changchun-restrict"},{"text":"疫情管理调整","icon":"virus","path":"guide/epidemic/manage"},{"text":"常见问题","icon":"faq","path":"guide/epidemic/faq"}]},{"tag":"list","header":"吉祥码","items":[{"text":"吉祥码简介","icon":"intro","path":"guide/epidemic/jixiang-code/intro"},{"text":"注册吉祥码","icon":"register","path":"guide/epidemic/jixiang-code/register"},{"text":"吉祥码常见问题","icon":"faq","path":"guide/epidemic/jixiang-code/faq"}]},{"tag":"list","header":"通信行程卡","items":[{"text":"通信行程卡介绍","icon":"intro","path":"guide/epidemic/history-visit/intro"},{"text":"通信行程卡常见问题","icon":"faq","path":"guide/epidemic/history-visit/faq"}]},{"tag":"list","header":"东师e起战疫","items":[{"text":"小程序介绍","icon":"intro","path":"guide/miniapp/index"}]},{"tag":"title","text":"其他功能"},{"tag":"list","header":false,"items":[{"text":"国家防疫健康信息码","icon":"code","path":"guide/epidemic/health-code"}]},{"tag":"card","title":"核酸检测查询","options":{"appId":"wx2eec5fb00157a603","path":"fangkongfuwu/pages/kths/index"}},{"tag":"card","title":"同行密切接触查询","options":{"appId":"wx2eec5fb00157a603","path":"fangkongfuwu/pages/ConfirmedOrSuspectedCaseShareSelfCheck/fillInfo/fillInfo"}},{"tag":"card","title":"核酸检测机构","options":{"appId":"wx2eec5fb00157a603","path":"fangkongfuwu/pages/countryNucleic/index"}}],"cite":[],"id":"guide/epidemic/index"}