{"title":"经济学类介绍","time":"2021年8月15日","shareable":true,"content":[{"tag":"title","text":"专业简介"},{"tag":"p","text":["经济学院除学费不同的会计学(中外合作办学)外，均采用大类招生。","根据学院计划，在第二学期结束由经济学大类分为工商管理和经济学两个学科培养。","第三学期结束后再根据个人意愿分流到各专业。"],"style":"text-indent: 1.5em; "},{"tag":"list","header":"分流专业详情","content":[{"text":"人力资源管理","path":"intro/school/economy/manpower"},{"text":"市场营销","path":"intro/school/economy/market"},{"text":"经济学","path":"intro/school/economy/economy"},{"text":"金融学","path":"intro/school/economy/finance"},{"text":"会计学","path":"intro/school/economy/accountant"}]}],"images":[],"id":"intro/school/economy/class","scopeData":{"@type":"general","uniq_id":"intro/school/economy/class","title":"经济学类介绍","digest":"经济学院除学费不同的会计学(中外合作办学)外，均采用大类招生。 根据学院计划，在第二学期结束由经济学大类分为工商管理和经济学两个学科培养。 第三学期结束后再根据个人意愿分流到各专业。","thumbs":["https://mp.innenu.com/img/inNENU.jpg"],"tags":["专业简介"]}}