{"title":"政治学类介绍","author":"Mr.Hope","time":"2021年8月15日","shareable":true,"content":[{"tag":"title","text":"专业简介"},{"tag":"p","text":["为普通类专业。学生入学半年后依据专业成绩和个人意愿分为政治学与行政学、国际政治和行政管理三个专业。"],"style":"text-indent: 1.5em; "},{"tag":"list","header":"专业介绍","content":[{"text":"政治学与行政学","path":"intro/school/politics/politics"},{"text":"国际政治","path":"intro/school/politics/international"},{"text":"行政管理","path":"intro/school/politics/manage"}]}],"id":"intro/school/politics/class","scopeData":{"@type":"general","uniq_id":"intro/school/politics/class","title":"政治学类介绍","digest":"为普通类专业。学生入学半年后依据专业成绩和个人意愿分为政治学与行政学、国际政治和行政管理三个专业。","thumbs":["https://mp.innenu.com/img/inNENU.jpg"],"tags":["专业简介"]}}