{"title":"国际政治专业","desc":"来源: 2021年本科招生指南","time":"2021年8月15日","shareable":true,"content":[{"tag":"title","text":"专业简介"},{"tag":"p","text":["旨在培养具有马克思主义理论素养、扎实专业理论功底、较强实践能力和较高外语水平，能在党政机关、企事业单位、新闻媒体、科研部门和教育机构从事涉外与教学科研工作的高水平专门人才。"],"style":"text-indent: 1.5em; "},{"tag":"title","text":"专业介绍"},{"tag":"p","text":["国际政治本科专业于2002年11月获教育部批准，2003年正式面向全国招生。国际政治属非师范专业，基础学制4年，旨在“培养面向世界、具有扎实理论功底、较强实践能力和较高外语水平的通用型涉外人才”。课程体系设置遵循国际政治专业教育教学一般规律，并结合我校所处地理区位特点而突出东北亚研究特色，结构合理、特色鲜明。国际政治专业教师的科研领域主要集中在区域合作理论与实践研究、东北亚研究、文化与国际政治研究、大国关系研究、冷战与国际关系研究等领域，近年来承担省部级以上科研项目9项，出版专著8部，发表CSSCI论文20余篇。重视国内外学术交流，每年均有教师参加国际学术会议。积极参与“全国高校国际政治研究会”的学术和教学研究活动，高英彤教授担任该会常务理事，王媛为理事。","在教育教学实践中，国际政治专业高度重视学生培养，从建立伊始，就确立了“强化外语、强化指导、强化实践”的学生培养方针，并取得了显著成果。毕业生就业率较高，在就业单位受到普遍好评。"],"style":"text-indent: 1.5em; "},{"tag":"title","text":"主干课程"},{"tag":"ul","text":["国际政治概论","国际关系史","西方政治思想史","外交学概论","西方国际关系理论","国际法，国际政治经济学","国际组织概论","国际战略学","当代中国外交","全球问题导论","全球治理","中国政府与政治","美国政治与外交","俄罗斯政治与外交","日本政治与外交","专业英语"]},{"tag":"title","text":"就业方向"},{"tag":"p","text":["企事业单位、政府机关、新闻媒体的涉外管理、宣传、服务、咨询、报道等岗位。"],"style":"text-indent: 1.5em; "}],"images":[],"id":"intro/school/politics/international","scopeData":{"@type":"general","uniq_id":"intro/school/politics/international","title":"国际政治专业","digest":"旨在培养具有马克思主义理论素养、扎实专业理论功底、较强实践能力和较高外语水平，能在党政机关、企事业单位、新闻媒体、科研部门和教育机构从事涉外与教学科研工作的高水平专门人才。国际政治本科专业于2002年11月获教育部批准，2003年正式面向全","thumbs":["https://mp.innenu.com/img/inNENU.jpg"],"tags":["专业简介","专业介绍","主干课程","就业方向"]}}