{"title":"净月校外超市","author":"Mr.Hope","time":"2022 年 6 月 27 日","shareable":true,"content":[{"tag":"title","text":"沃尔玛"},{"tag":"text","text":["位于迅驰广场地下一楼"]},{"tag":"title","text":"出行方式"},{"tag":"text","heading":"步行(捷径)","text":["体育场旁边的小门出去，穿过小区，右转便是，大约 10 分钟路程。"]},{"tag":"ul","heading":"公交","text":["120 路副 B 线: 05:50 - 18:00；1 元，约 23 分钟。(东北师范大学站上车，吉林警察学院站下车)","158 路东环: 06:00-18:30；1 元，约 31 分钟。(吉林财经大学上车，迅驰广场下车)"]}],"cite":[],"id":"guide/shop/jingyue-out"}