{"title":"长春市轨道交通“一卡通”","author":"Mr.Hope","time":"2021年8月22日","shareable":true,"content":[{"tag":"title","text":"办理地铁卡"},{"tag":"p","text":["在长春，地铁卡刷地铁与轻轨享受 95 折优惠，刷公交车享受 9 折优惠。","在任意地铁站的窗口均可办理，工本费 12 元。"],"style":"text-indent: 1.5em; "},{"tag":"list","header":"使用指南","content":[{"text":"长春市轨道交通“一卡通”发行使用指南","path":"guide/life/traffic/railway/card-guide"}]}],"images":[],"id":"guide/life/traffic/railway/card","scopeData":{"@type":"general","uniq_id":"guide/life/traffic/railway/card","title":"长春市轨道交通“一卡通”","digest":"在长春，地铁卡刷地铁与轻轨享受 95 折优惠，刷公交车享受 9 折优惠。 在任意地铁站的窗口均可办理，工本费 12 元。","thumbs":["https://mp.innenu.com/img/inNENU.jpg"],"tags":["办理地铁卡"]}}