{"title":"2022 秋季学期","content":[{"title":"8 月","icon":"./icon/study.svg","text":"大四年级: 8 月 27 日(星期六)、28 日(星期日) 返校\n研究生毕业年级学生，如有毕业论文、科研任务等原因需尽快返校的，可向辅导员提出申请后于 8 月 27 - 8 月 28 日返校\n本科生新生: 8 月 31 日 - 9 月 1 日 (星期三、四) 报到\n研究生新生: 9 月 2 日 - 9 月 3 日 (星期五、六) 报到\n8 月 29 日(星期一): 2019 级公费师范生应用实践开始\n其他年级: 9 月 11 日 - 9 月 12 日"}]}