{"title":"中国古代文学专业介绍","desc":"来源: 东北师范大学文学院官网","author":"Mr.Hope","time":"2022 年 6 月 27 日","shareable":true,"content":[{"tag":"title","text":"专业简介"},{"tag":"p","text":["中国古代文学专业是东北师范大学最早设立的专业之一，是全国最早的古代文学博士学位授权点之一，开创者是著名文学史家杨公骥先生，逯钦立、唐圭璋、张毕来、苏兴、王达津、汪玢玲、李炳海、张人和等学术名家都曾在此著书立说。该专业旨在培养具有宽广文史知识、系统专业理论和独立科研能力的专门人才，七十余年来培养了数百名博士、硕士研究生，其中一些人活跃在全国大专院校、科研机构以及基础教育领域，成为科研、教学的领军人物。该专业现有先秦两汉文学研究、魏晋南北朝文学研究、唐宋文学研究、元明清文学研究 4 个研究方向，本科生课程主要包括各阶段文学史、文献学概论、国学经典导读、中国文化概论、中学教材古代选文研读等，研究生课程主要包括先秦诸子研究、中国古代诗歌研究、中国古代小说史、中国文学批评史、中国古代文学文献学研究等。现有在职教师 11 人，其中教授 5 人，博士生导师 6 人，硕士生导师 11 人。"],"style":"text-indent: 1.5em; "}],"cite":[],"id":"intro/school/chinese/ancient-chinese"}