{"title":"文学院","grey":true,"author":"Mr.Hope","time":"2022 年 6 月 27 日","shareable":true,"content":[{"tag":"account","name":"文学院","logo":"https://mp.innenu.com/img/media/chinese.png","detail":"东北师范大学文学院","wxid":"dongshiwenyuan","wxcode":"https://mp.innenu.com/img/media/chinese-qrcode.jpg","account":"chinese","location":{"latitude":43.85947,"longitude":125.32917},"mail":"chinese@nenu.edu.cn","site":"http://chinese.nenu.edu.cn/home"},{"tag":"list","items":[{"text":"学院简介","icon":"about","path":"intro/school/chinese/intro"},{"text":"专业介绍","icon":"intro","path":"intro/school/chinese/enroll"}]}],"cite":[],"id":"intro/school/chinese/index"}