{"title":"学科教学(语文)专业介绍","desc":"来源: 东北师范大学文学院官网","author":"Mr.Hope","time":"2022 年 6 月 27 日","shareable":true,"content":[{"tag":"title","text":"专业简介"},{"tag":"p","text":["学科教学(语文)隶属于教育学一级学科，主要包括语文课程与教学、语文教学设计与反思、语文教师专业发展与规划等研究方向。该学科是东北师范大学“卓越教师培养计划”示范点，具有硕士学位授予权，符合课程修读和答辩要求的毕业生能够获得教育学硕士学位。学科师资力量雄厚，培养模式实行“双导师”制，每一位硕士生都单独配备大学专业导师和一线语文名师。学科突出过程育人导向，建构了“教学能力训练”“学科知识转化”“教学实践创新”“自我反思提升”四位一体的人才培养机制。修读本学科课程后，能够系统掌握语文课程与教学的基本学理、教学设计与实施、课堂管理和研究方法，具有从事语文教学与研究的专业素养。该学科致力于培养信念坚实、知识扎实、为人踏实、作风朴实，具有较强语文教学综合素养和班级管理能力的中学语文卓越教师，毕业生备受中小学校赞誉。"]}],"cite":[],"id":"intro/school/chinese/teach"}