{"title":"音乐学院","author":"Mr.Hope","time":"2020年9月1日","content":[{"tag":"account","name":"音乐学院","logo":"https://mp.innenu.com/img/media/music.png","detail":"东北师范大学音乐学院","wxid":"yinwudongshi","wxcode":"https://mp.innenu.com/img/media/music-qrcode.jpg","account":"music","location":{"latitude":43.82651,"longitude":125.42935},"mail":"yyxy@nenu.edu.cn","site":"https://music.nenu.edu.cn/"},{"tag":"list","items":[{"text":"学院简介","icon":"about","path":"intro/school/music/intro"},{"text":"专业","icon":"intro","path":"intro/school/music/enroll"}]}],"cite":[],"id":"map/jingyue/school/music"}