{"title":"东北师范大学","desc":"来源: 东北师范大学官网","photo":["http://sky.nenu.edu.cn/temp/b_banner2.jpg","http://sky.nenu.edu.cn/temp/b_banner.jpg"],"content":[{"tag":"title","text":"联系方式"},{"tag":"phone","fName":"东北师范大学","num":"0431-85684088","org":"东北师范大学","street":"吉林省长春市净月大街 2555 号","postCode":"130117","site":"https://www.nenu.edu.cn/"},{"tag":"list","header":"学校介绍","items":[{"text":"学校介绍","icon":"about","path":"intro/about/intro"},{"text":"学校定位","icon":"locate","path":"intro/about/locate"},{"text":"学校标识","icon":"activity","path":"intro/about/sign"},{"text":"学校校史","icon":"history","path":"intro/about/history"}]},{"tag":"list","header":"东师实力","items":[{"text":"师资队伍","icon":"teacher","path":"intro/about/teacher"},{"text":"学科建设","icon":"content","path":"intro/subject/index"},{"text":"东师排名","icon":"rank","path":"intro/about/rank"},{"text":"专业排名","icon":"rank","path":"intro/subject/rank"},{"text":"对外合作办学","icon":"student-org","path":"intro/about/cop"}]}],"cite":[],"id":"map/jingyue/general/index"}