{"title":"NCRE 常见问题","author":"Mr.Hope","time":"2021年9月5日","shareable":true,"content":[{"tag":"text","type":"info","heading":"什么是 NCRE","text":["全国计算机等级考试 (National Computer Rank Examination，简称NCRE),是经原国家教育委员会(现教育部)批准，由教育部考试中心主办，面向社会，用于考查应试人员计算机应用知识与技能的全国性计算机水平测评体系。"]},{"tag":"text","type":"info","heading":"举办NCRE的目的是什么?","text":["计算机技术的应用在我国各个领域发展迅速，为了适应知识经济和信息社会发展的需要，操作和应用计算机已成为人们必须掌握的一种基本技能。许多企事业单位已把掌握一-定的计算机知识和应用技能作为人员聘用、职务晋升、职称评定、上岗资格的重要依据之一。鉴于社会的客观需求，教育部考试中心于1994年面向社会推出了NCRE,其目的在于以考促学，向社会推广和普及计算机知识，也为用人部广]录用和考核工作人员提供一个统一 、客观、公正的标准。"]},{"tag":"text","type":"info","heading":"NCRE由什么机构组织实施?","text":["教育部考试中心负责实施考试，制定有关规章制度，编写考试大纲及相应的辅导材料，命制试题、答案及评分参考，进行成绩认定，颁发合格证书，研制考试必须的计算机软件，开展考试研究和宣传、评价等。","教育部考试中心在各省(自治区、直辖市、部队)设立省级承办机构，由省级承办机构负责本省(自治区、直辖市、部队)考试的宣传、推广和实施等。","省级承办机构根据教育部考试中心有关规定在所属地区符合条件的单位设立考点，由考点负责考试、转发合格证书等管理性工作。","教育部考试中心聘请全国著名计算机专家组成“全国计算机等级考试委员会”，负责设计考试方案、审定考试大纲、制定命题原则、指导和监督考试的实施。"]},{"tag":"text","type":"info","heading":"NCRE证书?","text":["见下方图。"]},{"tag":"img","src":"https://mp.innenu.com/img/exam/ncre-license.png"},{"tag":"text","type":"info","heading":"NCRE证书获得者具备什么样的能力，可以胜任什么工作?","text":["NCRE合格证书式样按国际通行证书式样设计，用中、英两种文字书写，证书编号全国统一，证书上印有持有人身份证号码。该证书全国通用，是持有人计算机应用能力的证明，也可供用人部门录用和考核工作人员时参考。","一级证书表明持有人具有计算机的基础知识和初步应用能力，掌握Office办公自动化软件的使用及因特网应用，或掌握基本图形图像工具软件( Photoshop)的基本技能，或网络安全基本素质，可以从事政府机关、企事业单位文秘和办公信息化工作。","二级证书表明持有人具有计算机基础知识和基本应用能力，能够使用计算机高级语言编写程序，或熟练应用Office办公软件，可以从事计算机程序的编制、初级计算机教学培训以及企业中与信息化有关的业务和营销服务工作。","三级证书表明持有人初步掌握与信息技术有关岗位的基本技能，能够参与软硬件系统的开发、运维、管理和服务工作。","四级证书表明持有人掌握从事信息技术工作的专业技能,并有系统的计算机理论知识和综合应用能力。"]}],"images":["https://mp.innenu.com/img/exam/ncre-license.png"],"id":"guide/exam/ncre/faq","scopeData":{"@type":"general","uniq_id":"guide/exam/ncre/faq","cover":"https://mp.innenu.com/img/exam/ncre-license.png","title":"NCRE 常见问题","digest":"什么是 NCRE 全国计算机等级考试 (National Computer Rank Examination，简称NCRE),是经原国家教育委员会(现教育部)批准，由教育部考试中心主办，面向社会，用于考查应试人员计算机应用知识与技能的全国性","thumbs":["https://mp.innenu.com/img/exam/ncre-license.png"],"tags":[]}}