{"title":"需带物品相关问答","author":"Mr.Hope","time":"2021年8月15日","shareable":true,"content":[{"tag":"text","type":"info","heading":"大学生活需要准备什么物品?","text":["Mr.Hope 已经根据东师特点，整理了一份需带物品清单，详见下方链接。","很多物品学校超市都有售，且开学学校超市会批发一批，价格较为实惠。","校内有售卖的物品会使用星号“*”标识。"]},{"tag":"list","header":false,"content":[{"text":"查看需带物品清单","icon":"necessity","path":"guide/necessity/index"}]}],"id":"guide/faq/necessity","scopeData":{"@type":"general","uniq_id":"guide/faq/necessity","title":"需带物品相关问答","digest":"大学生活需要准备什么物品? Mr.Hope 已经根据东师特点，整理了一份需带物品清单，详见下方链接。 很多物品学校超市都有售，且开学学校超市会批发一批，价格较为实惠。 校内有售卖的物品会使用星号“*”标识。","thumbs":["https://mp.innenu.com/img/inNENU.jpg"],"tags":["需带物品相关问答"]}}