{"title":"校园网相关问答","author":"Mr.Hope","time":"2021年9月4日","shareable":true,"content":[{"tag":"title","text":"账户与认证"},{"tag":"text","type":"info","heading":"校园网的账户和密码是什么?","text":["校园网的认证方式即是统一身份认证，在认证上网时，请您使用邮箱及密码。"]},{"tag":"list","header":false,"content":[{"text":"统一身份认证","icon":"about","path":"guide/account/authorize"}]},{"tag":"title","text":"充值"},{"tag":"text","type":"info","heading":"如何充值网费? 价格是多少?","text":["校园网为 20 元包月预付费制，满足开通条件即会自动开通。","您可以在在校内自助终端机内通过花费校园卡余额缴费，也可以通过微信企业号“东北师范大学”完成缴费。"]},{"tag":"list","header":false,"content":[{"text":"充值","icon":"charge","path":"guide/network/charge/index"}]}],"images":[],"id":"guide/faq/network","scopeData":{"@type":"general","uniq_id":"guide/faq/network","title":"校园网相关问答","digest":"校园网的账户和密码是什么? 校园网的认证方式即是统一身份认证，在认证上网时，请您使用邮箱及密码。如何充值网费? 价格是多少? 校园网为 20 元包月预付费制，满足开通条件即会自动开通。 您可以在在校内自助终端机内通过花费校园卡余额缴费，也可","thumbs":["https://mp.innenu.com/img/inNENU.jpg"],"tags":["账户与认证","充值"]}}