{"title":"长春站-到净月","author":"Mr.Hope","time":"2021年8月30日","shareable":true,"content":[{"tag":"title","text":"腾讯地图导航"},{"tag":"list","header":false,"content":[{"type":"navigator","text":"长春站B1出口导航到净月","openType":"navigate","url":"plugin://routePlan/index?key=NLVBZ-PGJRQ-T7K5F-GQ54N-GIXDH-FCBC4&referer=in东师&startPoint={\"latitude\":43.912228,\"longitude\":125.32342,\"name\":\"长春站B1出口\"}&endPoint={\"latitude\":43.828525,\"longitude\":125.43107,\"name\":\"净月校区\"}&mode=transit&themeColor=#2ecc71"},{"type":"navigator","text":"长春站B2出口导航到净月","openType":"navigate","url":"plugin://routePlan/index?key=NLVBZ-PGJRQ-T7K5F-GQ54N-GIXDH-FCBC4&referer=in东师&startPoint={\"latitude\":43.912183,\"longitude\":125.325853,\"name\":\"长春站B2出口\"}&endPoint={\"latitude\":43.828525,\"longitude\":125.43107,\"name\":\"净月校区\"}&mode=transit&themeColor=#2ecc71"}],"env":["wx"]},{"tag":"tip","type":"warning","env":["qq"],"text":["导航功能仅在微信小程序上提供!"]},{"tag":"title","text":"新生接待处"},{"tag":"text","text":["学校在长春站北出站口设置新生接待处，提供新生咨询服务。"]},{"tag":"text","type":"tip","text":["由于新冠疫情，学校不再安排大巴进行统一接送。新生同学需要自行选择并乘坐交通工具到达学校参与报到。"]},{"tag":"text","text":["同学们主要有三种交通方式到达净月校区。"]},{"tag":"title","text":"轨道交通"},{"tag":"text","text":["乘坐轨道交通是最快最便捷的方式，推荐大家选择轨道交通。"]},{"tag":"list","header":false,"content":[{"text":"查看详情","icon":"train","path":"guide/arrival/train-jingyue/railway"}]},{"tag":"title","text":"打车"},{"tag":"text","text":["如果您到达火车站已经是晚上，轨道交通已经停运，那么您也许需要打车。","由于轨道交通可以直达，我们推荐您使用轨道交通。当行李超长超重无法通过地铁安检时再考虑打车。"]},{"tag":"list","header":false,"content":[{"text":"查看详情","icon":"taxi","path":"guide/arrival/train-jingyue/taxi"}]},{"tag":"title","text":"公交 (极其不推荐)"},{"tag":"text","type":"danger","text":["乘坐公交比较麻烦，而且很大概率没有座，路途花费的时间也更长。","Mr.Hope 不认为任何人会差这 2 元钱! 不要坐公交！"]},{"tag":"list","header":false,"content":[{"text":"查看详情","icon":"bus","path":"guide/arrival/train-jingyue/bus"}]}],"images":[],"id":"guide/arrival/train-jingyue/index","scopeData":{"@type":"general","uniq_id":"guide/arrival/train-jingyue/index","title":"长春站-到净月","digest":"学校在长春站北出站口设置新生接待处，提供新生咨询服务。由于新冠疫情，学校不再安排大巴进行统一接送。新生同学需要自行选择并乘坐交通工具到达学校参与报到。同学们主要有三种交通方式到达净月校区。乘坐轨道交通是最快最便捷的方式，推荐大家选择轨道交通","thumbs":["https://mp.innenu.com/img/inNENU.jpg"],"tags":["腾讯地图导航","新生接待处","轨道交通","打车","公交 (极其不推荐)"]}}