{"title":"长春站-到净月","author":"Mr.Hope","time":"2021年8月29日","shareable":true,"content":[{"tag":"title","text":"新生接待处"},{"tag":"text","text":["学校在长春站北出站口设置新生接待处，提供新生咨询服务。"]},{"tag":"text","type":"tip","text":["由于新冠疫情，学校不再安排大巴进行统一接送。新生同学需要自行选择并乘坐交通工具到达学校参与报到。"]},{"tag":"text","text":["同学们主要有三种交通方式到达净月校区。"]},{"tag":"title","text":"轨道交通"},{"tag":"text","text":["乘坐轨道交通是最快最便捷的方式，推荐大家选择轨道交通。"]},{"tag":"list","header":false,"content":[{"text":"查看详情","icon":"train","path":"guide/arrival/train-jingyue/railway"}]},{"tag":"title","text":"打车"},{"tag":"ul","text":["40 分钟左右，约 40 元。","由于轨道交通可以直达，如果想要节约资金的话直接选择轨道交通即可。当行李超长超重无法通过地铁安检时再考虑打车。"]},{"tag":"list","header":false,"content":[{"text":"打车的建议","icon":"taxi","path":"guide/arrival/taxi"}]},{"tag":"title","text":"公交 (很不推荐)"},{"tag":"p","text":["由于公交很大概率没有座，时间也比轨道交通慢上很多，所以。"],"style":"text-indent: 1.5em; "},{"tag":"ul","heading":"路线","text":["票价 2 元，车程约 1 小时。","南出站口乘 160 路到东北师范大学站。","下车的站名为站名东北师范大学，千万不要在动植物公园站或者体育场站下车，那个是本部校区!"]}],"images":[],"id":"guide/arrival/train-jingyue/index","scopeData":{"@type":"general","uniq_id":"guide/arrival/train-jingyue/index","title":"长春站-到净月","digest":"学校在长春站北出站口设置新生接待处，提供新生咨询服务。由于新冠疫情，学校不再安排大巴进行统一接送。新生同学需要自行选择并乘坐交通工具到达学校参与报到。同学们主要有三种交通方式到达净月校区。乘坐轨道交通是最快最便捷的方式，推荐大家选择轨道交通","thumbs":["https://mp.innenu.com/img/inNENU.jpg"],"tags":["新生接待处","轨道交通","打车","公交 (很不推荐)"]}}