{"title":"爱心学校纳新","shareable":true,"content":[{"tag":"img","src":"https://mp.innenu.com/img/organization/love-school-poster.png"}],"id":"guide/organization/love-school/intake","images":["https://mp.innenu.com/img/organization/love-school-poster.png"],"scopeData":{"@type":"general","uniq_id":"guide/organization/love-school/intake","title":"爱心学校纳新","cover":"https://mp.innenu.com/img/organization/love-school-poster.png","digest":"","thumbs":["https://mp.innenu.com/img/organization/love-school-poster.png"],"tags":[]}}