{"title":"打车提示","author":"Mr.Hope","time":"2021年11月22日","shareable":true,"content":[["title",{"text":"关于出租车"}],["p",{"text":["长春站、长春西站出站口门口黑车还是有不少的，人生地不熟的来可能会被宰(全国哪个城市都一样)。大家千万不要坐黑车。"],"style":"text-indent: 1.5em; "}],["p",{"text":["在长春站南北出站口地下均有综合换乘中心，从火车站出站口出来以后，按照地下通道的指示牌，就可以到达出租车的换乘中心，非常便捷。这里可以前往出租车换乘通道。而且由于有监控这里的出租车是可以信赖的!","另外，上车师傅问您到哪，就是到“东北师大本部”或者“东北师大净月校区”。如果师傅分不清楚哪个校区，就说“人民大街与自由大路交汇那个东北师大”(本部)或者“博硕路上面那个”(净月)。"],"style":"text-indent: 1.5em; "}],["img",{"src":"https://mp.innenu.com/img/arrival/train-north-taxi.jpg","desc":"乘降中心指示牌"}],["title",{"text":"关于目的地"}],["ol",{"text":["本部北侧有东北门(动植物公园对面那个门)和北门(幼儿园那个门，或东师会馆那个门)。但是北门因为疫情原因不开。","另外北侧自由大路中央有分割围栏，过马路需要走过街天桥，所以如果从北出口打车走了高架桥，请明确告知师傅到动植物公园正门西侧的天桥下即可。","净月东北门在净月大街上。"]}],["functional-list",{"header":"导航","content":[{"type":"navigator","text":"导航到本部","url":"plugin://routePlan/index?key=NLVBZ-PGJRQ-T7K5F-GQ54N-GIXDH-FCBC4&referer=in东师&endPoint={\"latitude\":43.863927,\"longitude\":125.334771,\"name\":\"本部校区\"}&mode=transit&themeColor=#2ecc71","openType":"navigate"},{"type":"navigator","text":"导航到净月","url":"plugin://routePlan/index?key=NLVBZ-PGJRQ-T7K5F-GQ54N-GIXDH-FCBC4&referer=in东师&endPoint={\"latitude\":43.828525,\"longitude\":125.43107,\"name\":\"净月校区\"}&mode=transit&themeColor=#2ecc71","openType":"navigate"}],"env":["wx"]}]],"cite":[],"id":"guide/arrival/taxi","images":["https://mp.innenu.com/img/arrival/train-north-taxi.jpg"]}