{"title":"东北师范大学企业号介绍","time":"2022 年 6 月 27 日","shareable":true,"id":"guide/account/wechat/intro","author":"Mr.Hope","cite":[],"content":[{"tag":"title","text":"企业号功能"},{"tag":"text","text":["企业号具有非常丰富的功能。"]},{"tag":"ul","text":["通过“教务助理中心”进行课表、考场、成绩的查询","通过校园卡查询流水、充值、挂失、网费充值","通过档案馆进行毕业生档案追踪"]},{"tag":"list","header":"功能","items":[{"text":"校园卡充值","icon":"card","path":"guide/card/charge/wechat"},{"text":"校园网充值","icon":"network","path":"guide/network/charge/wechat"}]}]}