{"title":"净月研究生寝室安排","desc":"部分图片来自东北师范大学招生办微信公众号","author":"Mr.Hope","time":"2021年11月22日","shareable":true,"content":[["title",{"text":"寝室安排"}],["location",{"title":"净月研究生寝室","points":[{"latitude":43.824736,"longitude":125.421456,"name":"春华公寓"},{"latitude":43.824732,"longitude":125.425748,"name":"冬华公寓"},{"latitude":43.826837,"longitude":125.422744,"name":"日华公寓"},{"latitude":43.826706,"longitude":125.42166,"name":"月华公寓"},{"latitude":43.825932,"longitude":125.422803,"name":"星华公寓"}]}],["ul",{"text":["研究生宿舍分布于人华、春华、冬华、日华、月华、星华。","人华、冬华、星华、月华为研究生公寓","春华、日华与本科生合寝"]}],["text",{"heading":"人华公寓","text":["居住美术和音乐学院研究生"]}],["img",{"src":"https://mp.innenu.com/img/dorm/ren-hua.jpg"}],["text",{"heading":"冬华公寓","text":["居住美术、音乐、信科、政法、环境、经管、传媒、外国语研究生。"]}],["img",{"src":"https://mp.innenu.com/img/dorm/dong-hua.jpg"}],["text",{"heading":"星华公寓","text":["居住美术、音乐、信科、政法、环境、经管、传媒、外国语学院研究生。"]}],["img",{"src":"https://mp.innenu.com/img/dorm/xing-hua.jpg"}],["text",{"heading":"月华公寓","text":["居住美术、音乐、信科、政法、环境、经管、传媒、外国语学院研究生"]}],["img",{"src":"https://mp.innenu.com/img/dorm/yue-hua.jpg"}],["text",{"heading":"春华公寓","text":["居住外国语学院研究生"]}],["img",{"src":"https://mp.innenu.com/img/dorm/chun-hua.jpg"}],["text",{"heading":"日华公寓","text":["居住物理、政法以及外国语学院研究生"]}],["img",{"src":"https://mp.innenu.com/img/dorm/ri-hua.jpg"}],["text",{"type":"info","text":["由于从2020年疫情开始，学校响应国家号召进行扩招，导致寝室严重不足，所以研究生这两届基本处于哪有空床往哪塞的状态。","本界面仅供参考。请您以研究生院的最终安排为准。"]}]],"cite":[],"id":"guide/dorm/locate/jingyue-master","images":["https://mp.innenu.com/img/dorm/ren-hua.jpg","https://mp.innenu.com/img/dorm/dong-hua.jpg","https://mp.innenu.com/img/dorm/xing-hua.jpg","https://mp.innenu.com/img/dorm/yue-hua.jpg","https://mp.innenu.com/img/dorm/chun-hua.jpg","https://mp.innenu.com/img/dorm/ri-hua.jpg"]}