{"title":"南苑餐厅","author":"Mr.Hope","time":"2020年9月1日","photo":["http://mmbiz.qpic.cn/mmbiz_jpg/s67UCDghNJlKNgRibQVFibacVJiavMqezXurDKIzZYhhqbvVP7Dic9UlKAGUHlnLGZLK1ETeyFPNOUZbnUsgU2Gp3A/640?wx_fmt=jpeg&tp=webp&wxfrom=5&wx_lazy=1","http://mmbiz.qpic.cn/mmbiz_jpg/s67UCDghNJnAlae0SaDEesykhJTwZhrNVAHxdk3J5kBNfoDQud0tiaTrk1T4fMe75Fe2cGib2PR58u6gEST9trbw/640?wx_fmt=jpeg&tp=webp&wxfrom=5&wx_lazy=1","http://mmbiz.qpic.cn/mmbiz_png/s67UCDghNJlOYAIWuY7iaAyVP0P30EFNgqAxXMK3D52rj8kglPytXibpqTOiaN4r9Vux0yTOBV6sCgE3gtlKAiay3g/640?wx_fmt=png&tp=webp&wxfrom=5&wx_lazy=1"],"content":[{"tag":"title","text":"简介"},{"tag":"p","text":["南苑餐厅在综合合教学楼、网球场、学生七舍中间，餐厅一楼是特色窗口，菜品丰富；二楼是基本餐窗口，菜品便宜且可口，常常是供不应求；三楼是清真餐厅，为信仰伊斯兰教的同学提供就餐地点。"],"style":"text-indent: 1.5em; "},{"tag":"list","header":false,"content":[{"text":"更多详情","icon":"dining","path":"guide/dining/nanyuan/index"}]}],"images":[],"id":"map/benbu/facility/nanyuan","scopeData":{"@type":"general","uniq_id":"map/benbu/facility/nanyuan","title":"南苑餐厅","digest":"南苑餐厅在综合合教学楼、网球场、学生七舍中间，餐厅一楼是特色窗口，菜品丰富；二楼是基本餐窗口，菜品便宜且可口，常常是供不应求；三楼是清真餐厅，为信仰伊斯兰教的同学提供就餐地点。","thumbs":["https://mp.innenu.com/img/inNENU.jpg"],"tags":["简介"]}}