{"title":"本科招生历史信息","grey":true,"author":"Mr.Hope","time":"2022 年 6 月 27 日","shareable":true,"content":[{"tag":"list","header":"本科招生专业","items":[{"text":"2021 年本科开设专业","icon":"intro","path":"intro/enroll/under/major/2021"},{"text":"2020 年本科开设专业","icon":"intro","path":"intro/enroll/under/major/2020"},{"text":"2019 年本科开设专业","icon":"intro","path":"intro/enroll/under/major/2019"}]},{"tag":"list","header":"本科招生章程","items":[{"text":"2021 年本科招生章程","icon":"intro","path":"intro/enroll/under/rule/2021"},{"text":"2020 年本科招生章程","icon":"intro","path":"intro/enroll/under/rule/2020"},{"text":"2019 年本科招生章程","icon":"intro","path":"intro/enroll/under/rule/2019"}]},{"tag":"list","header":"其他招生简章","items":[{"text":"2021 年国家优师专项计划招生简章","icon":"intro","path":"intro/enroll/under/rule/2021-great"}]}],"cite":[],"id":"intro/enroll/under/history"}