{"title":"本科招生","grey":true,"author":"Mr.Hope","time":"2022 年 6 月 28 日","shareable":true,"content":[{"tag":"list","items":[{"text":"本科招生信息","icon":"about","path":"intro/enroll/under/info"}]},{"tag":"list","header":"2022 年","items":[{"text":"2022 年本科开设专业","icon":"intro","path":"intro/enroll/under/major/2022"},{"text":"2022 年本科招生章程","icon":"rule","path":"intro/enroll/under/rule/2022"},{"text":"2022 年高校专项计划招生简章","icon":"rule","path":"intro/enroll/under/rule/2022-plan"},{"text":"2022 年美术类专业招生简章","icon":"rule","path":"intro/enroll/under/rule/2022-art"},{"text":"2022 年舞蹈编导专业招生简章","icon":"rule","path":"intro/enroll/under/rule/2022-dance"},{"text":"2022 年播音与主持艺术专业招生简章","icon":"rule","path":"intro/enroll/under/rule/2022-host"},{"text":"2022 年音乐学专业招生简章","icon":"rule","path":"intro/enroll/under/rule/2022-music"},{"text":"2022 年国家优师专项计划招生简章","icon":"rule","path":"intro/enroll/under/rule/2022-great"},{"text":"2022 年录取通知书查询","icon":"search","path":"intro/enroll/under/search"}]},{"tag":"list","header":"更多","items":[{"text":"本科历史招生信息","icon":"time","path":"intro/enroll/under/history"}]},{"tag":"list","header":"招生咨询","items":[{"text":"招生办公室联系方式","icon":"phone","path":"intro/apt/enroll/contact"},{"text":"招生咨询群","icon":"qq-group","path":"intro/enroll/under/qq-group"},{"text":"线下招生咨询活动","icon":"activity","path":"intro/enroll/under/activity"}]},{"tag":"action","header":"招生办留言板","content":"http://zsb.nenu.edu.cn/lyb.jsp?urltype=tree.TreeTempUrl&wbtreeid=1123"}],"cite":[],"id":"intro/enroll/under/index"}