{"title":"官方招生咨询群","author":"Mr.Hope","time":"2022年5月23日","shareable":true,"content":[{"tag":"title","text":"教育学部"},{"tag":"ul","text":["教育学类","学前教育 (公费师范)","小学教育 (公费师范)"]},{"tag":"action","content":"772666731"},{"tag":"title","text":"心理学院"},{"tag":"ul","text":["心理学","心理学 (公费师范)"]},{"tag":"action","content":"764743370"},{"tag":"title","text":"政法学院"},{"tag":"ul","text":["思想政治教育 (公费师范)","思想政治教育 (优师专项)","法学","政治学类"]},{"tag":"action","content":"768787176"},{"tag":"title","text":"经济与管理学院"},{"tag":"ul","text":["经济学类","会计学 (中外合作办学)"]},{"tag":"action","content":"583616679"},{"tag":"title","text":"文学院"},{"tag":"ul","text":["汉语言文学","汉语言文学 (公费师范)","汉语言文学 (优师专项)"]},{"tag":"action","content":"818945788"},{"tag":"title","text":"历史文化学院"},{"tag":"ul","text":["历史学","历史学 (公费师范)","历史学 (优师专项)"]},{"tag":"action","content":"759640289"},{"tag":"title","text":"外国语学院"},{"tag":"ul","text":["英语","英语 (公费师范)","英语 (优师计划)","日语","俄语","商务英语","英语 (中外合作办学)","德语"]},{"tag":"action","content":"764304443"},{"tag":"title","text":"音乐学院"},{"tag":"ul","text":["音乐学","舞蹈编导"]},{"tag":"action","content":"541448217"},{"tag":"title","text":"美术学院"},{"tag":"ul","text":["美术学","雕塑","设计学类"]},{"tag":"action","content":"493716863"},{"tag":"title","text":"马克思主义学部"},{"tag":"ul","text":["马克思主义理论类"]},{"tag":"action","content":"764287449"},{"tag":"title","text":"数学与统计学院"},{"tag":"ul","text":["数学类","数学与应用数学 (公费师范)","数学与应用数学 (优师专项)"]},{"tag":"action","content":"805538871"},{"tag":"title","text":"信息科学与技术学院"},{"tag":"ul","text":["计算机类","教育技术学 (公费师范)","计算机科学与技术 (中外合作办学)"]},{"tag":"action","content":"822633326"},{"tag":"title","text":"物理学院"},{"tag":"ul","text":["物理学类","物理学 (公费师范)","物理学 (优师专项)"]},{"tag":"action","content":"765058459"},{"tag":"title","text":"化学学院"},{"tag":"ul","text":["化学","化学 (公费师范)","化学 (优师计划)"]},{"tag":"action","content":"817269867"},{"tag":"title","text":"生命科学学院"},{"tag":"ul","text":["生物科学类","生物科学 (公费师范)","生物科学 (优师专项)"]},{"tag":"action","content":"760257654"},{"tag":"title","text":"地理科学学院"},{"tag":"ul","text":["地理科学 (公费师范)","地理科学 (优师专项)","地理科学类"]},{"tag":"action","content":"416620277"},{"tag":"title","text":"环境学院"},{"tag":"ul","text":["环境科学与工程类"]},{"tag":"action","content":"781668845"},{"tag":"title","text":"体育学院"},{"tag":"ul","text":["体育教育","冰雪运动","运动训练","武术与民族传统体育"]},{"tag":"action","content":"719393752"},{"tag":"title","text":"传媒科学学院"},{"tag":"ul","text":["广播电视编导专业","播音与主持艺术专业","新闻传播学类","数字媒体技术专业"]},{"tag":"action","content":"817398574"},{"tag":"text","type":"note","text":["受疫情影响，目前校园处于封闭管理状态，教职工居家办公，暂不支持电话咨询，请通过本科招生咨询邮箱zsb@nenu.edu.cn或微信公众号nenuzsb进行咨询，其他咨询方式请及时关注东北师范大学本科招生网。"]}],"cite":[],"id":"intro/enroll/under/qqgroup"}