{"title":"Mr.Hope 的建议","author":"Mr.Hope","time":"2022 年 8 月 2 日","shareable":true,"content":[{"tag":"text","type":"danger","heading":"Mr.Hope の 警告","text":["目前社会对双学位和辅修专业的认可度仍处于不足状态!","如果对自己所学专业不满意或不感兴趣，请考虑转专业，慎重考虑双学位或者辅修自己喜欢的专业。"]},{"tag":"list","header":false,"items":[{"text":"转专业实施办法","icon":"intro","path":"guide/change-major/rule"}]},{"tag":"text","type":"info","heading":"东师可以双学位或者辅修吗","text":["可以。各学院出台的课程计划都会明确规定开设专业获得双学位与辅修需要修读的课程条件。只需要按照对应专业的课程计划说明，修复对应课程，即可获得双学位或辅修的学位证书。"]},{"tag":"text","type":"info","heading":"推荐修读的情况","text":["部分学院鼓励辅修指定专业。对于这种学院学院提供方便与支持、且专业课重复度较高压力不大的，大家可以考虑。"]},{"tag":"title","text":"考虑因素"},{"tag":"p","heading":"认可度","text":["目前，用人单位对双学位与辅修专业的认可度较低，主要还是认准主专业的能力，而把双学位看作是个人学习能力的一个证明。如果招聘方向和双学位有关，竞争力可能不如只修读了双学位对应专业的人。所以如果是想在非自己专业有所学习，甚至就业方向也要考虑的话不如直接转专业。"],"style":";display: inline-block"},{"tag":"text","heading":"学校支持力","text":["学校支持力度是另一个慎重考虑修读双学位或者辅修的原因。","正常开设双学位的专业的课程性质应有如下特点:"," 1. 课程列表内基础课大多为公共课，减少额外修读的学分数量；"," 2. 课程设置大多在晚上或者周末，减少课程撞课的概率。","可是由于学校师资力量有限，一是大多数学院在进行课程设置的时候没有考虑专业临近学院修复的课程的重复比率，二是因为修读双学位或辅修的人过少，不会专门为修读双学位/辅修的人开设课程。这样就意味着两个学院的课程会在四年内大量碰撞。只有在没有一门课程挂科、认真设计选课顺序的情况下才能按时修完本专业和双学位专业的全部课程 (包含大四下不留课，以 6 月份按时毕业)。一旦您的安排被打乱，比如课程时间临时调整、某一门课挂科，您可能就要在大五和改双学位为辅修/放弃双学位与辅修之间做出选择。"]},{"tag":"title","text":"注意事项"},{"tag":"text","text":["目前社会对双学位和辅修专业的认可度仍处于不足状态! 请大家一定慎重考虑选择双学位或辅修。"]},{"tag":"ul","type":"danger","heading":"Mr.Hope の 警告","text":["Mr.Hope 的个人建议是，只有您可以高分完成自己所在专业，且学有余力、并且想要提升自己的竞争力敬意求精的话，才考虑双学位和辅修的问题。","很多学院可能会在 4 年中对自己的课程计划稍作改动，请务必仔细关注。","跨学院选修时，两个学院的课程很大程度上会在四年内大量碰撞。您很有可能需要在认真设计选课顺序的情况下才能按时修完本专业和双学位专业的全部课程 (包含大四下不留课，以 6 月份按时毕业)。一旦您的安排被打乱，比如课程时间临时调整、某一门课挂科，您可能就要在大五和改双学位为辅修/放弃双学位与辅修之间做出选择。","修读双学位很大程度上会牵扯您的精力。请注意本科双学位毕业的就业竞争力，大多数情况下，是不如您认真准备考研，从一个更高层次的学校以硕士、博士学历就业的。如果您修读，建议确保您的成绩非常靠前，可以很轻松的外保到不错的学校；如果您不能做到这一点，Mr.Hope 真诚建议您认真准备考研。此外如果您的第一就业想法不是当前专业，您莫不如改修对应专业双学位/辅修为认真学习相关考研与跨考加试课程，以图跨专业考研成功。"]}],"cite":[],"id":"guide/degree/advice"}