{"title":"历史文化学院","grey":true,"author":"Mr.Hope","time":"2021年8月15日","shareable":true,"content":[{"tag":"list","content":[{"text":"学院简介","icon":"about","path":"intro/school/history/intro"},{"text":"专业介绍","icon":"intro","path":"intro/school/history/enroll"},{"text":"学科简介","icon":"bookshelf","path":"intro/school/history/subject"}]},{"tag":"copy","header":"官网地址","text":"https://sohac.nenu.edu.cn/"}],"images":[],"id":"intro/school/history/index","scopeData":{"@type":"general","uniq_id":"intro/school/history/index","title":"历史文化学院","digest":"","thumbs":["https://mp.innenu.com/img/inNENU.jpg"],"tags":[]}}