{"title":"历史文化学院","grey":true,"author":"Mr.Hope","time":"2021年11月22日","shareable":true,"content":[{"tag":"account","name":"历史文化学院","logo":"https://mp.innenu.com/img/media/history.jpg","detail":"东北师范大学历史文化学院","wxid":"dssyxl","wxcode":"https://mp.innenu.com/img/media/history-qrcode.jpg","account":"history","location":{"latitude":43.8603,"longitude":125.3304},"mail":"sohac@nenu.edu.cn","site":"https://sohac.nenu.edu.cn/"},{"tag":"list","content":[{"text":"学院简介","icon":"about","path":"intro/school/history/intro"},{"text":"专业介绍","icon":"intro","path":"intro/school/history/enroll"},{"text":"学科简介","icon":"bookshelf","path":"intro/school/history/subject"}]}],"id":"intro/school/history/index","scopeData":{"@type":"general","uniq_id":"intro/school/history/index","title":"历史文化学院","digest":"","thumbs":["https://mp.innenu.com/img/inNENU.jpg"],"tags":["历史文化学院"]}}