{"title":"报到时间地点","time":"2022 年 8 月 9 日","shareable":true,"id":"guide/check/location-and-time","author":"Mr.Hope","cite":[],"content":[{"tag":"title","text":"报到时间"},{"tag":"text","type":"tip","heading":"本科新生报到","text":["报到时间为 2022 年 8 月 31 日、9 月 1 日 (星期三、星期四)","火车站将设有新生接待处"]},{"tag":"text","type":"tip","heading":"研究生新生报到","text":["报到时间为 2022 年 9 月 2 日、9 月 3 日 (星期五、星期六)"]},{"tag":"ul","type":"warning","heading":"因疫情防控需要","text":["本部仅开放正门 (西门、在人民大街上)","净月校区仅开放 2 号门 (雕塑门)。","学生家长、亲友不能陪同学生进入校园。新生报到时，校园内配备服务车转运行李，学生志愿者提供服务保障。"]},{"tag":"list","header":false,"items":[{"text":"认准校区校门","path":"guide/check/locate"}]},{"tag":"title","text":"可以早到么"},{"tag":"text","heading":"不可以","text":["新冠疫情对学校的安全管控提出要求，为了学生安全着想，学校日常采取封校策略、审批制进出校。除特殊情况外，学校不允许提前入校，也就是提前到会被拒之门外。","寝室分配和校园卡印制可能没有完成，而且食堂档口开放的也比较少，学校超市新生用品可能也还在进货准备中。在生活上无疑会带来一系列的不方便。","由于同学们没有经过新生入学安全教育，对学校不是十分了解，而且来的时间比较零散，辅导员可能未必能够时刻关注到同学们的情况与安全。"]},{"tag":"p","type":"tip","heading":"Mr.Hope の 吐槽","text":["真的不要早来，如果您实在想，可以早来一两天，和陪同的父母一起简单去长春周边逛逛，顺便采购一些必需品。至于您自己，大学四年的假期会给予您充足的游遍长春、吉林省乃至东北的机会。要是自己单纯想旅游的话，日后假期和室友/男(女)朋友一起去逛不是更好么?","与其兴致勃勃的等待来学校报到，不如趁这个假期做点有意思的事情，开学英语就要分班了，可以看看英语，如果想读研究生的话，英语也是查看论文必不可少的技能。同时一定要多花点时间陪陪父母，多和他们聊聊天说说话，和他们在一起干干活，提升一下自己的生活能力。不要来到大学都不会洗衣服，做饭也可以学一学。不只是您会想家，您的父母可能也还不习惯缺少了您的家，他们可能也会想您，而到了这个时间段，他们也在慢慢变老，可能您每个学期回家，可能都会发现他们多了几条皱纹、多了几丝白发。Mr.Hope 最恳切的建议，就是让您多陪陪父母，多动手干干活，感受亲情的同时让自己变得自立。可不要开学来了袜子都往洗衣机里丢。"]},{"tag":"title","text":"报到(接待)时间"},{"tag":"text","type":"note","text":["学校暂无 2022 年准确的接待时间信息，后续会根据通知进行更新。","往年一般为 6:00 - 22:00"]},{"tag":"title","text":"报到(接待)地点"},{"tag":"text","type":"note","text":["学校暂无 2022 年准确的接待时间信息，后续会根据通知进行更新。"]},{"tag":"text","text":["本部校区在北门(动植物公园正门对面)进门的街道"]},{"tag":"location","title":"本部北门","points":[{"latitude":43.86409,"longitude":125.33468}]},{"tag":"text","text":["净月校区在正门通道处"]},{"tag":"location","title":"净月正门","points":[{"latitude":43.828368,"longitude":125.430668}]}]}