{"title":"学校办公室","grey":true,"author":"Mr.Hope","time":"2021年8月15日","shareable":true,"content":[{"tag":"list","content":[{"text":"学校办公室介绍","icon":"about","path":"intro/apartment/office/intro"},{"text":"联系方式","icon":"phone","path":"intro/apartment/office/contact"},{"text":"信访相关","icon":"office","path":"intro/apartment/office/petition"}]},{"tag":"list","header":"人员信息","content":[{"text":"学校办公室主任","icon":"about","path":"intro/apartment/office/info/leader"}]}],"id":"intro/apartment/office/index","scopeData":{"@type":"general","uniq_id":"intro/apartment/office/index","title":"学校办公室","digest":"","thumbs":["https://mp.innenu.com/img/inNENU.jpg"],"tags":[]}}