{"title":"信访","desc":"信息来源: 学校办公室官网","time":"2021年11月15日","shareable":true,"content":[{"tag":"title","text":"信访流程"},{"tag":"img","src":"https://mp.innenu.com/img/apartment/petition.jpg"},{"tag":"title","text":"信访渠道"},{"tag":"phone","header":"来访电话","fName":"来访电话","num":"0431-85098666","org":"东北师范大学","street":"吉林省长春市人民大街5268号","postCode":"130024","email":"xfb@nenu.edu.cn"},{"tag":"text","heading":"电子信箱","text":["xfb@nenu.edu.cn"]},{"tag":"text","heading":"通信地址","text":["吉林省长春市人民大街5268号东北师范大学信访工作办公室\n邮编: 130024"]},{"tag":"text","heading":"接待地点","text":["东北师范大学本部校区综合办公楼一楼112室、114室"]},{"tag":"text","heading":"接待时间","text":["工作日8:00-11:30；13:30-17:00"]},{"tag":"doc","name":"东北师范大学校领导接待日预约登记表","url":"https://mp.innenu.com/file/apartment/petition-register.docx","icon":"doc"}],"images":["https://mp.innenu.com/img/apartment/petition.jpg"],"id":"intro/apartment/office/petition","scopeData":{"@type":"general","uniq_id":"intro/apartment/office/petition","cover":"https://mp.innenu.com/img/apartment/petition.jpg","title":"信访","digest":"电子信箱 xfb@nenu.edu.cn通信地址 吉林省长春市人民大街5268号东北师范大学信访工作办公室\n邮编: 130024接待地点 东北师范大学本部校区综合办公楼一楼112室、114室接待时间 工作日8:00-11:30；13:30-","thumbs":["https://mp.innenu.com/img/apartment/petition.jpg"],"tags":["信访流程","信访渠道"]}}