{"title":"绿色动力环保志愿者协会","author":"Mr.Hope","time":"2021年9月9日","shareable":true,"content":[{"tag":"title","text":"简介"},{"tag":"p","text":["东北师范大学绿色动力环保志愿者协会，是以在校生为主体的环保协会，致力于志愿服务和环保教育，以期达到保护环境、提高公众环保意识的目的。"],"style":"text-indent: 1.5em; "}],"images":[],"id":"guide/association/volunteer/green","scopeData":{"@type":"general","uniq_id":"guide/association/volunteer/green","title":"绿色动力环保志愿者协会","digest":"东北师范大学绿色动力环保志愿者协会，是以在校生为主体的环保协会，致力于志愿服务和环保教育，以期达到保护环境、提高公众环保意识的目的。","thumbs":["https://mp.innenu.com/img/inNENU.jpg"],"tags":["简介"]}}