{"title":"民族教育学院","author":"Mr.Hope","time":"2020年9月1日","content":[{"tag":"list","content":[{"text":"学院简介","icon":"about","path":"intro/school/people/intro"},{"text":"一年制培养","icon":"plan","path":"intro/school/people/one-year"},{"text":"两年制培养","icon":"plan","path":"intro/school/people/two-year"}]}],"id":"map/jingyue/school/people","scopeData":{"@type":"general","uniq_id":"map/jingyue/school/people","title":"民族教育学院","digest":"","thumbs":["https://mp.innenu.com/img/inNENU.jpg"],"tags":["民族教育学院"]}}