{"title":"饮食相关类","author":"Mr.Hope","time":"2021年8月15日","shareable":true,"content":[{"tag":"text","type":"tip","text":["以下内容往年校内超市均有售"]},{"tag":"text","heading":"水杯","text":["寝室喝水用"]},{"tag":"text","heading":"水瓶","text":["上课喝水用"]},{"tag":"text","heading":"饭盒、筷子、勺子","text":["吃泡面、生病的时候打饭、吃外卖的时候架着塑料袋的时候用"]},{"tag":"text","heading":"洗洁精、钢丝球","text":["洗上面的三个"]},{"tag":"text","heading":"水果刀","text":["能削水果就行了，太吓人的保卫处查寝就没收了。"]},{"tag":"text","type":"info","text":["学校规定刃口不能大于 12cm。"]}],"images":[],"id":"guide/necessity/food","scopeData":{"@type":"general","uniq_id":"guide/necessity/food","title":"饮食相关类","digest":"以下内容往年校内超市均有售水杯 寝室喝水用水瓶 上课喝水用饭盒、筷子、勺子 吃泡面、生病的时候打饭、吃外卖的时候架着塑料袋的时候用洗洁精、钢丝球 洗上面的三个水果刀 能削水果就行了，太吓人的保卫处查寝就没收了。学校规定刃口不能大于 12cm","thumbs":["https://mp.innenu.com/img/inNENU.jpg"],"tags":[]}}