{"title":"小程序咨询须知","author":"Mr.Hope","shareable":true,"content":[{"tag":"text","text":["Mr.Hope 欢迎大家前来对自己的疑问进行咨询。东师指南板块可能会缺少个别偏门的内容，如果您无法找到相关说明，欢迎向我咨询，我会耐心解答并过后补充在小程序中。"]},{"tag":"title","text":"您应当保证"},{"tag":"text","type":"warning","heading":"预先搜索","text":["您在提问前搜索小程序，确定无法通过搜索功能搜索到问题答案。"]},{"tag":"text","type":"warning","heading":"并非针对特定专业","text":["除自己就读以及所在学院开设的专业外，Mr.Hope 不了解其他专业的课程难易程度、教师选择、就业去向等问题。","Mr.Hope 已经联系了很多学院的优秀毕业生提供对应学院的相关介绍以及建议，能提供给您的已经全在小程序里了。"]},{"tag":"text","type":"warning","heading":"并非解读相关学校政策、文件","text":["常见的疑问可以见文件附近的“常见问题页面”(如果有)。","如果在此之外您对学校政策、文件原文有额外其他任何疑问，或者涉及到相关政策文件未涵盖的部分，请致电拥有对应解释权的相关机构咨询。","学校政策、文件解释权均在学校办公室或对应机构手中，Mr.Hope 对相应政策的解读是完全无效的。"]},{"tag":"text","type":"warning","heading":"并非评价学院、学校、专业","text":["无论作为一名本科毕业的校友、还是当前在读的硕士，Mr.Hope 均不想对母校做出任何负面评价。","只包含正面评价的回答对您无参考价值，所以请您免开尊口。"]},{"tag":"title","text":"特别注意"},{"tag":"text","type":"danger","heading":"小程序个人维护","text":["本小程序内的所有开发者联系方式和小程序内的客服、反馈渠道的回应人均为 Mr.Hope，请勿当作是学校老师或是相关客服。"]},{"tag":"text","type":"danger","heading":"礼貌咨询","text":["请您保持礼貌用语","如果您出现辱骂、鄙视、指使等行为，Mr.Hope 有权也将会将您屏蔽、删除、拉黑。"]},{"tag":"text","type":"danger","heading":"有效咨询","text":["请一定提问前先查阅小程序。","如果您多次询问小程序已有内容，并拒绝劝导持续提问并“期望” Mr.Hope 回答，不论您是否足够有礼貌，Mr.Hope 同样会将拒绝回应您，甚至屏蔽、删除、拉黑。"]}],"images":[],"id":"contact","scopeData":{"@type":"general","uniq_id":"contact","title":"小程序咨询须知","digest":"Mr.Hope 欢迎大家前来对自己的疑问进行咨询。东师指南板块可能会缺少个别偏门的内容，如果您无法找到相关说明，欢迎向我咨询，我会耐心解答并过后补充在小程序中。预先搜索 您在提问前搜索小程序，确定无法通过搜索功能搜索到问题答案。并非针对特定","thumbs":["https://mp.innenu.com/img/inNENU.jpg"],"tags":["您应当保证","特别注意"]}}