{"title":"教务处","grey":true,"author":"Mr.Hope","time":"2021年9月3日","shareable":true,"content":[{"tag":"list","content":[{"text":"教务处介绍","icon":"about","path":"intro/apartment/course/intro"},{"text":"机构设置","icon":"apartment","path":"intro/apartment/course/apartment"},{"text":"各学院教务秘书电话","icon":"phone","path":"intro/apartment/course/contact"}]},{"tag":"list","header":"人员信息","content":[{"text":"教务处处长人员信息","path":"intro/apartment/course/info/leader"},{"text":"综合办公室人员信息","path":"intro/apartment/course/info/complex"},{"text":"教学建设与改革办公室人员信息","path":"intro/apartment/course/info/construct"},{"text":"教学运行管理办公室人员信息","path":"intro/apartment/course/info/run"},{"text":"学籍管理办公室人员信息","path":"intro/apartment/course/info/roll"},{"text":"教学质量管理办公室人员信息","path":"intro/apartment/course/info/quality"},{"text":"教学质量管理办公室人员信息","path":"intro/apartment/course/info/innovate"},{"text":"本科生招生办公室人员信息","path":"intro/apartment/course/info/enroll"},{"text":"净月教务管理办公室人员信息","path":"intro/apartment/course/info/jingyue"}]}],"id":"intro/apartment/course/index","scopeData":{"@type":"general","uniq_id":"intro/apartment/course/index","title":"教务处","digest":"","thumbs":["https://mp.innenu.com/img/inNENU.jpg"],"tags":["教务处"]}}