{"title":"“吉祥码”注册","author":"Mr.Hope","time":"2021年11月20日","shareable":true,"content":[{"tag":"title","text":"进入“吉事办”小程序流程"},{"tag":"card","title":"吉事办","cover":"https://mp.innenu.com/img/epidemic/jixiang-code.jpg","options":{"appId":"wx5f0c843a23b032cc","path":"pages/index/index"}},{"tag":"p","heading":"未注册的用户","text":["可打开微信“扫一扫”扫描左侧二维码(图1-1)，进入小程序注册页面。"],"env":["qq"],"style":"text-indent: 1.5em; "},{"tag":"p","heading":"(二)已注册的用户","text":["可打开微信“扫一扫”扫描右侧二维码(图1-2)，进入小程序首页。"],"env":["qq"],"style":"text-indent: 1.5em; "},{"tag":"img","src":"https://mp.innenu.com/img/epidemic/jixiang-code-scan.png","env":["qq"]},{"tag":"title","text":"注册流程"},{"tag":"ol","text":["进入“吉事办”小程序后，点击“我的”—“登录”按钮。","选择“微信绑定号码”或“使用其他手机号码”并输入手机号与验证码","输入姓名和身份证号并开始人脸验证"]},{"tag":"img","src":"https://mp.innenu.com/img/epidemic/jixiang-code-register.jpg","desc":"注册流程"},{"tag":"title","text":"登录流程"},{"tag":"ol","heading":"账号登录方式","text":["点击“我的”-“登录”进入登录页面。","进行人脸识别验证即可登陆成功。"]},{"tag":"img","src":"https://mp.innenu.com/img/epidemic/jixiang-code-login.jpg","desc":"登陆流程"},{"tag":"title","text":"查看吉祥码流程"},{"tag":"text","heading":"未登录用户","text":["点击“去登录-查看吉祥码”图标后进入登录页面，执行登录流程(如上文所示)。(图4-1)"],"env":["qq"]},{"tag":"text","heading":"已登录用户","text":["进入吉事办，选择“吉祥码” (如未登录需进行人脸识别登陆)。"],"env":["qq"]},{"tag":"card","title":"打开吉祥码","desc":"如未登录需进行人脸识别登陆","logo":"https://mp.innenu.com/img/epidemic/jixaing-code-icon.png","name":"吉事办","options":{"appId":"wx5f0c843a23b032cc","path":"package1/pages/qrcode/index"}},{"tag":"title","text":"个人信息上报流程"},{"tag":"card","title":"个人健康信息上报","desc":"如未登录需进行人脸识别登陆","logo":"https://mp.innenu.com/img/epidemic/jixaing-code-icon.png","name":"吉事办","options":{"appId":"wx5f0c843a23b032cc","path":"package1/pages/health_report/index"}},{"tag":"ol","text":["进入吉事办首页","选择“吉祥码” (如未登录需进行人脸识别登陆)","点击个人健康信息上报"],"env":["qq"]},{"tag":"img","src":"https://mp.innenu.com/img/epidemic/jixiang-code-upload.jpg","desc":"个人信息上报","env":["qq"]}],"images":["https://mp.innenu.com/img/epidemic/jixiang-code-scan.png","https://mp.innenu.com/img/epidemic/jixiang-code-register.jpg","https://mp.innenu.com/img/epidemic/jixiang-code-login.jpg","https://mp.innenu.com/img/epidemic/jixiang-code-upload.jpg"],"id":"guide/epidemic/jixiang-code/register","scopeData":{"@type":"general","uniq_id":"guide/epidemic/jixiang-code/register","cover":"https://mp.innenu.com/img/epidemic/jixiang-code-scan.png","title":"“吉祥码”注册","digest":"未注册的用户 可打开微信“扫一扫”扫描左侧二维码(图1-1)，进入小程序注册页面。(二)已注册的用户 可打开微信“扫一扫”扫描右侧二维码(图1-2)，进入小程序首页。进入“吉事办”小程序后，点击“我的”—“登录”按钮。 选择“微信绑定号码”","thumbs":["https://mp.innenu.com/img/epidemic/jixiang-code-scan.png","https://mp.innenu.com/img/epidemic/jixiang-code-register.jpg","https://mp.innenu.com/img/epidemic/jixiang-code-login.jpg","https://mp.innenu.com/img/epidemic/jixiang-code-upload.jpg"],"tags":["进入“吉事办”小程序流程","注册流程","登录流程","查看吉祥码流程","个人信息上报流程"]}}