{"title":"5A 职业发展协会招新","shareable":true,"content":[{"tag":"p","text":["可爱的学弟学妹们，你们还在为找不到一个好社团而烦恼吗? 还在为社团生活的质量而迷茫吗? 你还在为自己能否在社团实现价值而观望吗? 快行动起来吧!5A 职业发展协会值得你来选择!!!寻他众里，你我相聚阑珊，风里雨里，我在 5A 等你，如果你心动了就赶快来加入我们吧!2021 级本科生的小可爱们可通过纳新海报的相关信息中扫码进入纳新 qq 群了解报名信息。"]},{"tag":"img","src":"https://mp.innenu.com/img/association/5a-intake-info.jpg","desc":"详情"},{"tag":"img","src":"https://mp.innenu.com/img/association/5a-intake-qq-group.jpg","desc":"纳新群"}],"cite":[],"id":"guide/association/job/5a-intake"}