{"title":"本部照相","author":"Mr.Hope","time":"2021年11月22日","shareable":true,"content":[{"tag":"title","text":"校内店铺"},{"tag":"text","type":"warning","text":["请注意本部校区目前暂无专业的照相馆。"]},{"tag":"ul","heading":"承接拍照的店铺","text":["浴池一楼好又快图文","北苑复印店"]},{"tag":"text","heading":"好又快图文店","text":["位于浴池一楼。"]},{"tag":"img","src":"https://mp.innenu.com/img/bath/benbu-shop2.jpg","desc":"浴池好又快图文店"},{"tag":"img","src":"https://mp.innenu.com/img/life/benbu/bath-copy.jpg","desc":"好又快图文店内照片"},{"tag":"text","heading":"北苑复印店","text":["位于北苑地下一楼，超市南侧。"]},{"tag":"img","src":"https://mp.innenu.com/img/life/benbu/beiyuan-copy.jpg","desc":"北苑复印店"},{"tag":"title","text":"校外店铺"},{"tag":"text","text":["暂无信息"]}],"cite":[],"id":"guide/life/photo/benbu"}