{"title":"八度烘焙","author":"Mr.Hope","time":"2021年9月25日","shareable":true,"content":[{"tag":"title","text":"店铺位置"},{"tag":"text","text":["店铺位于北苑地下一楼"]},{"tag":"img","src":"https://mp.innenu.com/img/life/benbu/badu.jpg","desc":"八度烘焙"},{"tag":"carousel","url":["https://mp.innenu.com/img/life/benbu/badu1.jpg","https://mp.innenu.com/img/life/benbu/badu2.jpg","https://mp.innenu.com/img/life/benbu/badu3.jpg","https://mp.innenu.com/img/life/benbu/badu4.jpg","https://mp.innenu.com/img/life/benbu/badu5.jpg"]},{"tag":"title","text":"促销活动"},{"tag":"img","src":"https://mp.innenu.com/img/life/benbu/badu-activity1.jpg","desc":"储值活动"},{"tag":"img","src":"https://mp.innenu.com/img/life/benbu/badu-activity2.jpg","desc":"集赞活动"}],"images":["https://mp.innenu.com/img/life/benbu/badu.jpg","https://mp.innenu.com/img/life/benbu/badu-activity1.jpg","https://mp.innenu.com/img/life/benbu/badu-activity2.jpg"],"id":"guide/life/bake/badu","scopeData":{"@type":"general","uniq_id":"guide/life/bake/badu","cover":"https://mp.innenu.com/img/life/benbu/badu.jpg","title":"八度烘焙","digest":"店铺位于北苑地下一楼","thumbs":["https://mp.innenu.com/img/life/benbu/badu.jpg","https://mp.innenu.com/img/life/benbu/badu-activity1.jpg","https://mp.innenu.com/img/life/benbu/badu-activity2.jpg"],"tags":["店铺位置","促销活动"]}}