{"title":"烘焙坊","desc":"特别鸣谢小艺学长提供部分照片","author":"Mr.Hope","time":"2021年9月10日","shareable":true,"content":[{"tag":"title","text":"校内位置"},{"tag":"text","heading":"校内","text":["二食堂一楼"]},{"tag":"swiper","url":["https://mp.innenu.com/img/shop/jingyue-cake1.jpg","https://mp.innenu.com/img/shop/jingyue-cake2.jpg"]},{"tag":"text","text":["烘培坊"],"align":"text-align: center;","style":"font-size: 14px;"},{"tag":"title","text":"校外"},{"tag":"text","text":["暂无信息。"]}],"images":[],"id":"guide/life/bake/jingyue","scopeData":{"@type":"general","uniq_id":"guide/life/bake/jingyue","title":"烘焙坊","digest":"校内 二食堂一楼烘培坊暂无信息。","thumbs":["https://mp.innenu.com/img/inNENU.jpg"],"tags":["校内位置","校外"]}}