{"title":"2021 秋季学期","content":[{"title":"8 月","icon":"./icon/study.svg","text":"非新生年级8月28日(星期六)、29日(星期日)返校报到\n教学检查时间: 2021年8月26日(星期四)上午对各学院(部)的开学准备工作进行检查。\n8月30日(星期一) :正式上课、2018 级公费师范生应用实践开始"},{"title":"9 月","icon":"./icon/study.svg","text":"研究生新生9月1日(星期三)报到\n本科生新生9月3日(星期五)报到\n本科英语分班考试: 9月4日、9月5日\n新生体检: 待通知\n净月新生体测: 9月11日\n本部新生体测: 9月12日\n新生体测补测: 9月19日\n中秋节放假: 9月19日(星期日)至21日(星期二)，共三天\n9月18日(星期六)上9月20日(星期一)的课\n本科新生军训: 9月23日至9月30日\n考研预报名: 9月24日至9月27日 9:00-22:00"},{"title":"10 月","icon":"./icon/study.svg","text":"国庆节放假: 10月1日(星期五)至10月3日(星期日)，共3天。不再串休\n考研网报: 10月5日至10月25日 9:00-22:00\n本部2019级体测: 10月10日\n净月2019级体测: 10月16日\n本部2020级体测: 10月17日\n净月2020级体测: 10月24日\n老生补测: 10月30日\n10 月 31 日: 2018 级公费师范生应用实践结束"},{"title":"11 月","icon":"./icon/study.svg","text":"CET口试: 2021年11月20至21日"},{"title":"12 月","icon":"./icon/study.svg","text":"CET笔试: 2021年12月18日\nCET笔试: 2021年12月18日\n研究生初试: 12 月 25、26 日\n考试周: 12月27日至12月31日、1月3日至1月7日"},{"title":"1 月","icon":"./icon/study.svg","text":"元旦放假: 1月2日(星期六)至1月3日(星期日)，共两天\n放假日期: 学生根据各学院考试安排于1月8日前错峰离校。其中，2018级、2021级本科生于12月31日考试结束后离校，2019级、2020级本科生于1月3日-7日考试结束后离校。"}]}