{"title":"经济与管理学院","author":"Mr.Hope","time":"2020年9月1日","content":[{"tag":"list","content":[{"text":"学院简介","icon":"about","path":"intro/school/economy/intro"},{"text":"专业","icon":"intro","path":"intro/school/economy/enroll"}]},{"tag":"copy","header":"官网地址","text":"https://bs.nenu.edu.cn/"}],"images":[],"id":"map/jingyue/school/economy","scopeData":{"@type":"general","uniq_id":"map/jingyue/school/economy","title":"经济与管理学院","digest":"","thumbs":["https://mp.innenu.com/img/inNENU.jpg"],"tags":[]}}