{"title":"客户端新生课程学习","author":"Mr.Hope","time":"2021年8月15日","shareable":true,"content":[{"tag":"ul","text":["点击 “东北师范大学 2021 年新生入学教育”"]},{"tag":"img","src":"https://mp.innenu.com/img/yiban/mobile-study1.jpg"},{"tag":"ul","text":["点击 “课群课程”，并依次学习所有课程"]},{"tag":"img","src":"https://mp.innenu.com/img/yiban/mobile-study2.jpg"},{"tag":"ul","text":["每一个课程需要先点击 “报名学习”"]},{"tag":"img","src":"https://mp.innenu.com/img/yiban/mobile-study3.jpg"},{"tag":"ul","text":["之后才可以点击 “进入学习”"]},{"tag":"img","src":"https://mp.innenu.com/img/yiban/mobile-study4.jpg"},{"tag":"ul","text":["依次选择屏幕下方的课时进行学习"]},{"tag":"img","src":"https://mp.innenu.com/img/yiban/mobile-study5.jpg"},{"tag":"ol","type":"warning","text":["课程学习有进度，请不要随意拖拽进度条，认真观看。","后面的考试题会涉及到这部分视频的内容"]}],"images":["https://mp.innenu.com/img/yiban/mobile-study1.jpg","https://mp.innenu.com/img/yiban/mobile-study2.jpg","https://mp.innenu.com/img/yiban/mobile-study3.jpg","https://mp.innenu.com/img/yiban/mobile-study4.jpg","https://mp.innenu.com/img/yiban/mobile-study5.jpg"],"id":"guide/yiban/study/mobile","scopeData":{"@type":"general","uniq_id":"guide/yiban/study/mobile","cover":"https://mp.innenu.com/img/yiban/mobile-study1.jpg","title":"客户端新生课程学习","digest":"点击 “东北师范大学 2021 年新生入学教育”点击 “课群课程”，并依次学习所有课程每一个课程需要先点击 “报名学习”之后才可以点击 “进入学习”依次选择屏幕下方的课时进行学习课程学习有进度，请不要随意拖拽进度条，认真观看。 后面的考试题","thumbs":["https://mp.innenu.com/img/yiban/mobile-study1.jpg","https://mp.innenu.com/img/yiban/mobile-study2.jpg","https://mp.innenu.com/img/yiban/mobile-study3.jpg","https://mp.innenu.com/img/yiban/mobile-study4.jpg","https://mp.innenu.com/img/yiban/mobile-study5.jpg"],"tags":[]}}