{"title":"本部洗衣店","author":"Mr.Hope","time":"2022 年 6 月 27 日","shareable":true,"content":[{"tag":"title","text":"校内位置"},{"tag":"ul","text":["北苑地下一楼","浴池一楼"]},{"tag":"text","heading":"糖果洗衣","text":["位于浴池一楼。"]},{"tag":"img","src":"https://mp.innenu.com/img/bath/benbu-shop4.jpg","desc":"糖果洗衣"},{"tag":"text","heading":"衣栈洗衣","text":["位于北苑地下一楼。"]},{"tag":"img","src":"https://mp.innenu.com/img/life/benbu/yizhan.jpg","desc":"北苑洗衣价格"},{"tag":"img","src":"https://mp.innenu.com/img/life/benbu/yizhan-price.jpg","desc":"北苑洗衣价格"},{"tag":"title","text":"校外店铺"},{"tag":"text","text":["暂无信息"]}],"cite":[],"id":"guide/life/washing/benbu"}