{"title":"档案相关","grey":true,"author":"Mr.Hope","time":"2021年8月15日","shareable":true,"content":[{"tag":"list","content":[{"text":"档案派遣","icon":"dispatch","path":"guide/archive/dispatch"},{"text":"查询档案邮寄情况","icon":"search","path":"guide/archive/search"},{"text":"暂缓档案","icon":"postpone","path":"guide/archive/postpone"},{"text":"特殊情况的档案处理","icon":"alert","path":"guide/archive/sepcial"},{"text":"其他常见问题","icon":"faq","path":"guide/archive/faq"},{"text":"咨询与联系","icon":"phone","path":"guide/archive/contact"}]}],"id":"guide/archive/index","scopeData":{"@type":"general","uniq_id":"guide/archive/index","title":"档案相关","digest":"","thumbs":["https://mp.innenu.com/img/inNENU.jpg"],"tags":["档案相关"]}}