{"title":"服兵役学生国家教育资助","time":"2022 年 8 月 9 日","shareable":true,"id":"intro/subsidize/military","author":"Mr.Hope","cite":["https://mp.weixin.qq.com/s/27IA7UOyJhH8rIIsqM7uDA"],"content":[{"tag":"title","text":"简介"},{"tag":"p","text":["对应征入伍服义务兵役、招收为军士（原士官）、退役后复学或入学的学生实行学费补偿、国家助学贷款代偿、学费减免。学费补偿或国家助学贷款代偿金额，按学生实际缴纳的学费或用于学费的国家助学贷款（包括本金及其全部偿还之前产生的利息）两者金额较高者执行；复学或新生入学后学费减免金额，按实际收取学费金额执行。"]},{"tag":"title","text":"补助金额"},{"tag":"p","text":["学费补偿、国家助学贷款代偿以及学费减免的标准，本科生每生每年最高不超过 12000 元，超出标准部分不予补偿、代偿或减免。"]}]}