{"title":"东师小窝部门简介","shareable":true,"id":"guide/organization/dorm/apartment","cite":[],"content":[{"tag":"text","text":["小窝有两大部门: 宿管部与楼管部。"]},{"tag":"title","text":"宿管部"},{"tag":"p","text":["宿管部是东师小窝的“大脑”，由办公室、策划部、安全部、新媒体部组成。"]},{"tag":"text","type":"info","heading":"办公室","text":["主要负责组织团队制度建设、文化事务以及处理日常事务等工作，被大家亲切地称为“小窝大管家”。"]},{"tag":"text","type":"info","heading":"策划部","text":["组织策划小窝各大特色活动，小到 21 天习惯养成打卡活动，大到毕业季千人灯光秀，拥有全能的素质，是创意的集合、智慧的凝聚。安全部按期开展消防演练活动，并组织安全疏散引导员的培训工作。举办“11.9”消防日宣传活动，提高学生安全意识。同时，定期检查各个宿舍楼消防箱，是靠谱的保护伞。"]},{"tag":"text","type":"info","heading":"新媒体部","text":["负责东师小窝唯一官方微信公众号和 QQ 号的日常运营及推广，为小蜗牛提供优质、有高度传播性的内容；及时发布东师小窝最新资讯，是宣传小能手，它也是小窝刚成立时宿管部唯一的一个部门，可谓是小窝元老。"]},{"tag":"title","text":"楼管部"},{"tag":"p","text":["楼管部是小窝的“心脏”——楼管部是最贴近学生生活的一个部门，它开展宿舍文化建设、策划与组织宿舍楼文化活动；监督、检查宿舍楼内务卫生和秩序管理；协助学生宿舍安全疏散引导员开展宿舍安全管理工作。楼管部也蕴含着东师小窝创办的初衷——“自我管理”。"]},{"tag":"text","type":"info","heading":"办公室","text":["主要负责组织团队制度建设、文化事务以及处理日常事务等工作，被大家亲切地称为“小窝大管家”。"]},{"tag":"text","type":"info","heading":"策划部","text":["组织策划小窝各大特色活动，小到 21 天习惯养成打卡活动，大到毕业季千人灯光秀，拥有全能的素质，是创意的集合、智慧的凝聚。安全部按期开展消防演练活动，并组织安全疏散引导员的培训工作。举办“11.9”消防日宣传活动，提高学生安全意识。同时，定期检查各个宿舍楼消防箱，是靠谱的保护伞。"]},{"tag":"text","type":"info","heading":"新媒体部","text":["负责东师小窝唯一官方微信公众号和 QQ 号的日常运营及推广，为小蜗牛提供优质、有高度传播性的内容；及时发布东师小窝最新资讯，是宣传小能手，它也是小窝刚成立时宿管部唯一的一个部门，可谓是小窝元老。"]}]}