{"title":"东北师范大学","desc":"来源: 东北师范大学官网","photo":["https://sky.nenu.edu.cn/temp/b_banner2.jpg","https://sky.nenu.edu.cn/temp/b_banner.jpg"],"id":"map/benbu/general/index","cite":[],"content":[{"tag":"text","type":"note","text":["官方名称为自由校区，在对内通知中，常以“本部”代指。"]},{"tag":"title","text":"联系方式"},{"tag":"phone","fName":"东北师范大学","num":"0431-85684088","org":"东北师范大学","street":"吉林省长春市人民大街 5268 号","postCode":"130024","site":"https://www.nenu.edu.cn/"},{"tag":"list","header":"学校介绍","items":[{"text":"学校介绍","icon":"about","path":"intro/about/intro"},{"text":"学校定位","icon":"locate","path":"intro/about/locate"},{"text":"学校标识","icon":"activity","path":"intro/about/sign"},{"text":"学校校史","icon":"history","path":"intro/about/history"}]},{"tag":"list","header":"东师实力","items":[{"text":"师资队伍","icon":"teacher","path":"intro/about/teacher/index"},{"text":"学科建设","icon":"content","path":"intro/subject/index"},{"text":"专业排名","icon":"rank","path":"intro/subject/rank"},{"text":"对外合作办学","icon":"student-org","path":"intro/about/cop"}]}]}