{"title":"校园邮箱申请","time":"2022 年 8 月 20 日","shareable":true,"id":"guide/account/mail/apply","author":"Mr.Hope","cite":[],"content":[{"tag":"text","type":"note","text":["只有 2022 级及之后的同学们，可以自行申请邮箱账号。","对于 2021 级及之前的同学们，邮箱账号是学校默认分配的，其格式为 “姓全拼 + 名首字母缩写 + 三位数字序号”。"]},{"tag":"title","text":"申请流程"},{"tag":"text","text":["1. 登录网上服务大厅"]},{"tag":"action","header":"校内访问","content":"https://my.nenu.edu.cn/"},{"tag":"action","header":"校外访问","content":"https://my.webvpn.nenu.edu.cn/"},{"tag":"text","text":["2. 进行如下选择"]},{"tag":"img","src":"https://mp.innenu.com/img/account/mail-apply1.png"},{"tag":"text","text":["3. 找到“个人邮箱申请”入口。"]},{"tag":"img","src":"https://mp.innenu.com/img/account/mail-apply2.png"},{"tag":"text","text":["4. 点击开始办理"]},{"tag":"img","src":"https://mp.innenu.com/img/account/mail-apply3.png"},{"tag":"text","text":["5. 输入手机号并选择自己喜欢的邮箱名称"]},{"tag":"text","type":"note","text":["如果首选邮箱名称都已经被申请，那么你需要选择数字后缀并设置自己喜欢的数字后缀。"]},{"tag":"img","src":"https://mp.innenu.com/img/account/mail-apply-select.png"},{"tag":"text","text":["6. 填好信息后选择提交，如果你选择的邮箱用户名没有被占用，会弹出成功提示"]},{"tag":"img","src":"https://mp.innenu.com/img/account/mail-apply-success.png"},{"tag":"text","text":["7. 点击确定后，系统会给出用户名和初始密码。请登陆邮箱并修改。"]},{"tag":"img","src":"https://mp.innenu.com/img/account/mail-apply-result.png"},{"tag":"list","header":false,"items":[{"text":"登陆邮箱","path":"guide/account/mail/intro"}]}]}