{"title":"联通卡政策","author":"Mr.Hope","time":"2021年8月15日","content":[{"tag":"text","type":"warning","text":["请注意目前本页面显示的是往年的政策。"]},{"tag":"text","text":["中国联通针对新生同学们推出了两种价位不同的冰激凌套餐。"]},{"tag":"title","text":"38元 冰激凌套餐"},{"tag":"img","src":"https://mp.innenu.com/img/sim/unicom-38.jpg"},{"tag":"ul","heading":"套餐说明","text":["月租 38 元","全国不限流量","国内语音 300 分钟","校区流量 30G"]},{"tag":"text","heading":"限速说明","text":["全国流量超过 20GB 之后开始限速至 384KB/s， 50GB 后限速至 128KB/s"]},{"tag":"ul","heading":"套餐外政策","text":["信息: ￥0.1/条","语音: ￥0.1/分钟，有来电显示。"]},{"tag":"title","text":"49 元冰激凌套餐"},{"tag":"img","src":"https://mp.innenu.com/img/sim/unicom-49.jpg"},{"tag":"p","heading":"套餐说明","text":["月租 49 元","全国不限流量","国内语音 1000 分钟","校区流量 60G"],"style":"text-indent: 1.5em; "},{"tag":"text","heading":"套餐外政策","text":["信息: ￥0.1/条\n语音: ￥0.1/分钟，有来电显示。"]}],"images":["https://mp.innenu.com/img/sim/unicom-38.jpg","https://mp.innenu.com/img/sim/unicom-49.jpg"],"id":"guide/life/sim/unicom","scopeData":{"@type":"general","uniq_id":"guide/life/sim/unicom","cover":"https://mp.innenu.com/img/sim/unicom-38.jpg","title":"联通卡政策","digest":"请注意目前本页面显示的是往年的政策。中国联通针对新生同学们推出了两种价位不同的冰激凌套餐。套餐说明 月租 38 元 全国不限流量 国内语音 300 分钟 校区流量 30G限速说明 全国流量超过 20GB 之后开始限速至 384KB/s， 5","thumbs":["https://mp.innenu.com/img/sim/unicom-38.jpg","https://mp.innenu.com/img/sim/unicom-49.jpg"],"tags":["38元 冰激凌套餐","49 元冰激凌套餐"]}}