{"title":"本科教学服务系统常见问题","author":"Mr.Hope","time":"2021年9月6日","shareable":true,"content":[{"tag":"text","type":"info","heading":"登陆时出现“无法创建对象”错误","text":["请使用IE内核的浏览器。","如果您正在使用一个没有IE的系统，请考虑 IE Tab 插件。"]},{"tag":"text","type":"info","heading":"系统崩溃或响应缓慢","text":["请反馈给信息化办，或稍后重试。"]},{"tag":"text","type":"tip","heading":"Mr.Hope の 吐槽","text":["我知道很多人会抱怨东师的教务系统老，还时常崩溃。但是有一说一，升级换代这个系统真的没您想象的那么简单。","目前高校教务系统、图书系统这些方面基本上是处于一种垄断的情况，报价极其高昂，一套教务系统报价最低也要几十万起步，通常动辄上百万。所以如果旧系统依旧能满足基本的正常使用的话，学校采购新系统就变得异常困难。"]}],"images":[],"id":"guide/system/faq","scopeData":{"@type":"general","uniq_id":"guide/system/faq","title":"本科教学服务系统常见问题","digest":"登陆时出现“无法创建对象”错误 请使用IE内核的浏览器。 如果您正在使用一个没有IE的系统，请考虑 IE Tab 插件。系统崩溃或响应缓慢 请反馈给信息化办，或稍后重试。Mr.Hope の 吐槽 我知道很多人会抱怨东师的教务系统老，还时常崩","thumbs":["https://mp.innenu.com/img/inNENU.jpg"],"tags":[]}}