{"title":"移动卡政策","author":"Mr.Hope","time":"2021年8月15日","shareable":true,"content":[{"tag":"text","type":"warning","text":["请注意目前本页面显示的是往年的政策。"]},{"tag":"text","text":["中国移动针对新生同学们推出了三种不同的卡规格，分别是每个月 38 元、49 元和 19 元。"]},{"tag":"title","text":"38 元不限量"},{"tag":"text","heading":"套餐说明","text":["月租 38 元，全国不限流量，且每月赠送 40G 校区流量、300 分钟全国通话。"]},{"tag":"text","heading":"其他说明","text":["校区内优先使用校区流量(限定基站)，当全国流量超过 20G 开始限速。该卡享有对同期办理的移动卡每月省内 2000 分钟免费通话。"]},{"tag":"ul","heading":"套餐外政策","text":["语音: ￥0.19/分钟，有来电显示","短信: ￥0.1/条"]},{"tag":"text","heading":"话费","text":["激活后卡内附赠 200 元卡费，分四个月到账，每个月 50 元。","可以在活动现场存 50 得 100(50 元立即到账，赠送话费分五个月每月 10 元返还)或者存100 得 200(100 元立即到账，赠送话费分五个月每月 20 元返还)"]},{"tag":"text","type":"tip","heading":"Mr.Hope の点评","text":["缺点:\n如果是经常给家里打电话的同学，请不要选择这款。不然将近 0.2元/分钟的话费是所有运营商里最贵的。"]},{"tag":"title","text":"49元 全国不限量"},{"tag":"text","heading":"套餐说明","text":["月租 49 元，全国不限流量，并送每月 60G 校区流量、1000 分钟的全国通话。"]},{"tag":"text","heading":"其他说明","text":["校区内优先使用校区流量(限定基站)，当全国流量超过 20G 开始限速。该卡享有对同期办理的移动卡每月省内 2000 分钟免费通话。"]},{"tag":"ul","heading":"套餐外政策","text":["语音: ￥0.19/分钟，有来电显示","信息: ￥0.1/条"]},{"tag":"text","heading":"话费","text":["激活后卡内附赠200元卡费，分四个月到账，每个月50元。\n可以在活动现场存50得100(50元立即到账，赠送话费分五个月每月10元返还)或者存100得200(100元立即到账，赠送话费分五个月每月20元返还)"]},{"tag":"text","type":"tip","heading":"Mr.Hope の点评","text":["该卡通过提升每月11元的价格，增长了700分钟通话时长，弥补了上一张卡的不足。"]},{"tag":"title","text":"19元流量神卡"},{"tag":"text","heading":"套餐说明","text":["月租19元。"]},{"tag":"p","heading":"其他说明","text":["拥有30G视频定向流量(咪咕、优酷、爱奇艺、PPTV四选一)。"],"style":"text-indent: 1.5em; "},{"tag":"ul","heading":"套餐外政策","text":["语音: ￥0.19/分钟(次月返还50%消费额)，有来电显示。","信息: ￥0.1/条","1元1G国内流量(仅当日有效)"]},{"tag":"p","heading":"话费","text":["激活后卡内附赠200元卡费，分四个月到账，每个月50元。"],"style":"text-indent: 1.5em; "},{"tag":"text","type":"tip","heading":"Mr.Hope の点评","text":["优点: \n该卡月租最低，是轻量使用用户的首选。\n\n缺点: \n套餐内没有任何的语音、短信或流量。"]}],"images":[],"id":"guide/life/sim/mobile","scopeData":{"@type":"general","uniq_id":"guide/life/sim/mobile","title":"移动卡政策","digest":"请注意目前本页面显示的是往年的政策。中国移动针对新生同学们推出了三种不同的卡规格，分别是每个月 38 元、49 元和 19 元。套餐说明 月租 38 元，全国不限流量，且每月赠送 40G 校区流量、300 分钟全国通话。其他说明 校区内优先","thumbs":["https://mp.innenu.com/img/inNENU.jpg"],"tags":["38 元不限量","49元 全国不限量","19元流量神卡"]}}