{"title":"思想政治教育专业","desc":"来源: 2022 年本科招生指南","time":"2022 年 6 月 28 日","cite":["https://book.eol.cn/books/cusm/mobile/index.html"],"shareable":true,"content":[{"tag":"title","text":"专业简介"},{"tag":"p","text":["为公费师范专业，国家级一流本科专业，旨在培养具有坚定正确的政治方向和较强的社会责任感与使命感，具有厚重的学科基础知识和扎实的理论功底，具有创新精神和较强的创造能力与实践能力，能够适应和引领基础教育改革与发展需要的中学政治学科教师和从事思想政治工作的高层次专门人才。"],"style":"text-indent: 1.5em; "},{"tag":"title","text":"专业介绍"},{"tag":"p","text":["思想政治教育专业始建于 1948 年，是国家重点建设学科，国内最早开展政治教育本科专业的高师院校之一，1949 年首次招生；1983 年成为改革开放后首批招收思想政治教育本科生的高校之一；2007 年被纳入学校本科特色专业建设计划，2008 年受国家教指委委托起草了全国高校思想政治教育专业规范(草案)，2009 年作为国家级特色专业建设点项目立项，2014 年作为吉林省高等学校品牌专业建设点项目立项。2007 年实行师范生免费教育，也是我校 1997 年最早开始招收教育硕士的四个专业之一；2017 年被评为吉林省特色高水平专业；2019 年通过普通高等学校师范类专业认证(中学教育二级)；2019 年思想政治教育专业获批国家一流本科专业建设点。"],"style":"text-indent: 1.5em; "},{"tag":"title","text":"主干课程"},{"tag":"ul","text":["政治学概论","法学概论","马克思主义哲学","经济学概论","社会学概论","中国共产党历史","思想政治教育学原理","伦理学原理","中国文化概论","中国政治思想史","西方政治思想史","中国特色社会主义理论概论","国际政治学","中国政党与中国政治","比较思想政治教育","比较政治制度"]},{"tag":"title","text":"就业方向"},{"tag":"p","text":["按国家师范生公费教育政策，从事基础教育工作。"],"style":"text-indent: 1.5em; "}],"id":"intro/school/politics/mind"}