{"title":"后勤管理处介绍","desc":"信息来源: 后勤管理处官网","time":"2021年8月15日","shareable":true,"content":[{"tag":"title","text":"机构设置"},{"tag":"img","src":"https://mp.innenu.com/img/apartment/houqinDetail.jpg"},{"tag":"title","text":"相关文件"},{"tag":"doc","name":"学生公寓管理办法","url":"https://mp.innenu.com/file/hq/rule.docx","icon":"doc"},{"tag":"doc","name":"学生公寓卫生管理办法","url":"https://mp.innenu.com/file/hq/weisheng.docx","icon":"doc"},{"tag":"doc","name":"个人班车申请","url":"https://mp.innenu.com/file/hq/personBus.docx","icon":"doc"},{"tag":"doc","name":"集体班车申请","url":"https://mp.innenu.com/file/hq/groupBus.docx","icon":"doc"}],"images":["https://mp.innenu.com/img/apartment/houqinDetail.jpg"],"id":"intro/apartment/logistics/intro","scopeData":{"@type":"general","uniq_id":"intro/apartment/logistics/intro","cover":"https://mp.innenu.com/img/apartment/houqinDetail.jpg","title":"后勤管理处介绍","digest":"","thumbs":["https://mp.innenu.com/img/apartment/houqinDetail.jpg"],"tags":["机构设置","相关文件"]}}