{"title":"选课","author":"Mr.Hope","time":"2021年12月1日","grey":true,"shareable":true,"content":[{"tag":"text","type":"info","heading":"2022年春季学期本科生选课时间安排","text":["预选时间: 12月1日12:00至12月3日16:00\n12月7日10:00公布预选抽签结果","正选时间: 12月9日12:00至12月14日12:00\n本部校区正选 :12月9日12:00至12月13日12:00\n净月校区正选 :12月10日12:00至12月14日12:00","退补选时间: 计划在3月7日－3月11日之间进行，具体时间另行通知"]},{"tag":"list","header":"关于选课","items":[{"text":"选/注课介绍","icon":"intro","path":"guide/select/intro"},{"text":"选/注课原则","icon":"rule","path":"guide/select/rule"},{"text":"选课内容","icon":"list","path":"guide/select/content"},{"text":"选课参考","icon":"reference","path":"guide/select/reference"}]},{"tag":"list","header":"选课流程","items":[{"text":"流程介绍","icon":"intro","path":"guide/select/flow"},{"text":"新生注课","icon":"flow","path":"guide/select/register"},{"text":"预选","icon":"flow","path":"guide/select/preselection"},{"text":"正选","icon":"flow","path":"guide/select/selection"},{"text":"退补选","icon":"flow","path":"guide/select/improve-selection"}]},{"tag":"list","header":"选课系统","items":[{"text":"选课系统介绍","icon":"system","path":"guide/select/system"},{"text":"选课系统使用说明","icon":"idea","path":"guide/select/guide"}]},{"tag":"list","items":[{"text":"选课技巧","icon":"idea","path":"guide/select/skill"},{"text":"严禁课程买卖","icon":"ban","path":"guide/select/ban"},{"text":"常见问题","icon":"faq","path":"guide/select/faq"}]}],"cite":[],"id":"guide/select/index"}