{"title":"选课","author":"Mr.Hope","time":"2022 年 6 月 27 日","grey":true,"shareable":true,"content":[{"tag":"text","type":"info","heading":"2022 年春季学期本科生选课时间安排","text":["预选时间: 12 月 1 日 12:00 至 12 月 3 日 16:00\n12 月 7 日 10:00 公布预选抽签结果","正选时间: 12 月 9 日 12:00 至 12 月 14 日 12:00\n本部校区正选 :12 月 9 日 12:00 至 12 月 13 日 12:00\n净月校区正选 :12 月 10 日 12:00 至 12 月 14 日 12:00","退补选时间: 计划在 3 月 7 日－3 月 11 日之间进行，具体时间另行通知"]},{"tag":"list","header":"关于选课","items":[{"text":"选/注课介绍","icon":"intro","path":"guide/select/intro"},{"text":"选/注课原则","icon":"rule","path":"guide/select/rule"},{"text":"选课内容","icon":"list","path":"guide/select/content"},{"text":"选课参考","icon":"reference","path":"guide/select/reference"}]},{"tag":"list","header":"选课流程","items":[{"text":"流程介绍","icon":"intro","path":"guide/select/flow"},{"text":"新生注课","icon":"flow","path":"guide/select/register"},{"text":"预选","icon":"flow","path":"guide/select/preselection"},{"text":"正选","icon":"flow","path":"guide/select/selection"},{"text":"退补选","icon":"flow","path":"guide/select/improve-selection"}]},{"tag":"list","header":"选课系统","items":[{"text":"登录选课系统","icon":"intro","path":"guide/select/system/login"},{"text":"系统使用指南","icon":"idea","path":"guide/select/system/guide"},{"text":"系统注意事项","icon":"alert","path":"guide/select/system/alert"},{"text":"系统常见问题","icon":"faq","path":"guide/select/system/faq"}]},{"tag":"list","header":"友情提示","items":[{"text":"选课技巧","icon":"idea","path":"guide/select/skill"},{"text":"严禁课程买卖","icon":"ban","path":"guide/select/ban"}]}],"cite":[],"id":"guide/select/index"}