{"title":"签署协议指南","author":"Mr.Hope","time":"2022 年 6 月 27 日","shareable":true,"content":[{"tag":"title","text":"签署就业协议书的程序"},{"tag":"ol","text":["到自己所在学院领取“全国普通高等学校就业协议书”一式三份","确定取得用人单位接收意向","与用人单位签署就业协议，并请用人单位填写清楚“全国普通高等学校就业协议书”上的相关内容(包括户口、档案的详细地址和邮编)","到自己所在学院签署就业协议","到东北师范大学就业指导中心(两校区)最终签署就业协议书","学校签署完就业协议书之后，您、用人单位、学校各留一份就业协议；由您负责把单位一方的就业协议书转交用人单位；学校的一份留在东北师范大学就业指导中心作为毕业生派遣、户口转移和档案递转的依据"]},{"tag":"title","text":"如何填写就业协议书"},{"tag":"p","text":["“全国普通高等学校就业协议”协议书的各项内容均须认真填写。填写简介如下:"],"style":";display: inline-block"},{"tag":"p","heading":"毕业生栏","text":["由您自己填写，包含以下内容"],"style":";display: inline-block"},{"tag":"ul","text":["[ 健康状况 ]: 填入“健康”或“良好”。","[ 学历 ]: 填入您的学历 (本科、硕士或者博士)。","[ 专业 ]: 务必核对，与毕业证书、学位证书上的专业名称一致。","[ 培养方式 ]: 有统招、自筹、委培、定向等四种方式。\n大部分非公费师范均为统招，公费师范为定向。其他特殊专业请详询学院。","[ 通讯地址 ]: 一般写所在学院并精确至年级与班级。","[ 家庭所在地 ]: 如未婚，按“生源地区”一栏的标准具体填写；如已婚且配偶非在校生户籍，按配偶的户口所在地填写。"]},{"tag":"p","heading":"用人单位栏","text":["用人单位填写，请您不要随意填写，包括以下内容:"],"style":";display: inline-block"},{"tag":"ul","text":["[ 单位名称 ]: 用人单位名称应与用人单位的有效印章名称一致。请您务必核实","[ 报到证名称 ]: 报到证名称应详细咨询用人单位按要求填写。","[ 档案接收部门名称 ]: 要询问清楚以免档案丢失，有人事档案保管权的单位可直接填写单位部门名称(XX 人力资源和社会保障局，XX 人事处)，无人事档案保权的单位应填写其委托保管档案的地址(XX 人才市场，XX 人才中心)。","[ 户口接收 ]: 填入户口接收地地址，精确到省市县。"]},{"tag":"p","heading":"备注栏","text":["备注栏由双方协商后填写。如甲乙双方有其他未尽事宜，即一些特殊要求或承诺(如编制，待遇等)，并希望通过文字的形式来明确，可以在此栏中注明。如果您有一些约定需要落实，请务必和用人单位协商填写在备注栏中。这里提醒您注意: 慎重选择、诚信就业、避免违约情况发生。"],"style":";display: inline-block"},{"tag":"title","text":"签定就业协议书的注意事项"},{"tag":"p","text":["有些用人单位从自身工作考虑也制订了条款不一的附加就业协议，有的是由学校、毕业生和用人单位共同签署，有的则只有用人单位和毕业生双方，没有学校意见栏。由于现在就业形势严峻，许多毕业生在签订教育部协议书的同时还要被迫签订条件苛刻的合同，而它们之间有时是相互矛盾的。因此，提醒您注意以下问题:"],"style":";display: inline-block"},{"tag":"ol","text":["签约是非常严肃的事情，也是一个法律行为，因此签约前的了解洽谈十分重要。您应详细了解用人单位的情况，一般包括单位的规模、效益、管理制度等；单位的隶属也很重要。国家机关、事业单位、国有企业一般都有人事接收权；民营企业、外资企业则需要经过人事局或人才交流中心的审批才能招收职工，协议书上应签署他们的意见才能有效。您还应对不同地方人事主管部门的特殊规定有所了解，除协议书外，如北京市非本地生源进京还应经过市人事局大学生处的审批，上海市、深圳市、天津市等也有类似的规定。","一般到用人单位报到后毕业生和用人单位要签定劳动合同书，因此在签约前了解合同书的内容十分必要，尤其重要的是合同书的工作年限和待遇。毕业生可以向招聘人员索要样本或复印件，以免报到后发生纠纷，遭受很大损失。","为避免到用人单位报到后发生纠纷，签约前达成的收入、住房和保险等福利待遇最好在协议书备注栏中写明。","最后，也是非常重要的，每位毕业生只能与一家用人单位签订就业协议书，凡是与多家单位签订就业协议书的行为是违规行为，将受到追究、处分，甚至承担相应的法律责任。学校严禁毕业生与多家单位签订就业协议书，毕业生要诚实守信，不要欺骗用人单位。毕业生与多家用人单位签署就业协议书这种行为会给本人、学校、学弟学妹带来不可估量的损失。遇到问题而犹豫不决时，应及时向学校主管就业的老师询问，征求他们的意见，征求父母、亲友的意见，经过深思熟虑后方可签约。"]}],"cite":[],"id":"guide/job/agreement/instruction"}