{"title":"丢失协议","author":"Mr.Hope","time":"2021年8月15日","shareable":true,"content":[["text",{"text":["如果您由于保管不当、邮寄丢失等情况而造成协议丢失，可以到学校就业中心进行补办协议。"]}],["text",{"type":"danger","text":["毕业生上报协议丢失需诚实、慎重，若非正常丢失而补发协议的，一经证实，所带来的一切后果，自行承担。"]}],["title",{"text":"具体补办流程"}],["ol",{"text":["学生本人提交书面申请并说明原因，申请书一式三份，由学院(部)党委书记审核批准盖章，并将其中一份申请书在学院(部)范围内公示一周。","学生将另两份申请书上报就业中心，就业中心审核其签约记录，未签约学生由就业中心在全校范围内公示一周后可补办新协议书；已签约学生补发协议时，无需公示，但必须当场在补发协议书的用人单位一栏填写原单位名称。","学生以协议书填写错误为由申请换发协议的，如仅填写了毕业生信息栏可直接换发；只要填写用人单位信息的，按已签约处理。"]}],["title",{"text":"Mr.Hopeの提示"}],["text",{"text":["用人单位一项请务必让用人单位准确填写，如用人单位一栏填写错误会十分麻烦，可能导致协议最终作废。"]}]],"cite":[],"id":"guide/job/agreement/lost"}