{"title":"六舍","author":"Mr.Hope","time":"2020年9月1日","photo":["https://mp.innenu.com/img/dorm/dorm6.jpg","https://mp.innenu.com/img/dorm/dorm6-2.jpg","https://mp.innenu.com/img/dorm/dorm6-3.jpg","https://mp.innenu.com/img/dorm/dorm6-4.jpg"],"content":[{"tag":"title","text":"六舍"},{"tag":"text","text":["东北师范大学六舍主要接待所有博士研究生的入住!"]}],"id":"map/benbu/dorm/dorm6","scopeData":{"@type":"general","uniq_id":"map/benbu/dorm/dorm6","title":"六舍","digest":"东北师范大学六舍主要接待所有博士研究生的入住!","thumbs":["https://mp.innenu.com/img/inNENU.jpg"],"tags":["六舍"]}}