{"title":"东北师范大学企业号认证","time":"2022 年 6 月 27 日","shareable":true,"id":"guide/account/wechat/authorize","author":"Mr.Hope","cite":[],"content":[{"tag":"title","text":"认证方式"},{"tag":"img","src":"https://mp.innenu.com/img/account/wechat-follow.png","desc":"企业微信二维码"},{"tag":"ol","text":["扫描上方的二维码。","点击“欢迎关注”栏目，按照要求输入高考报名时的手机号并填写收到的验证码完成关注。"]},{"tag":"text","type":"note","heading":"更改手机号","text":["如您高考报名使用的是父母的手机号，您可以在关注成功后，下载企业微信 App 对绑定手机号进行修改。"],"path":"guide/account/wechat/change"},{"tag":"text","type":"danger","heading":"特别警告","text":["请各位家长不要在自己的微信号上完成认证。","如企业号在错误的微信上通过手机号认证成功，请学生本人开学携带学生卡到信息化办办公室解除绑定，再尝试重新认证。"]}]}