{"title":"专业所在校区","author":"Mr.Hope","time":"2021年8月15日","shareable":true,"content":[{"tag":"text","text":["东北师范大学有自由校区(本部)与净月校区(净月)两个校区。","您可以根据录取通知书上的学院找到相应的校区。"]},{"tag":"text","type":"warning","text":["因为两个校区相距较远，报到时若走错校区非常麻烦!"]},{"tag":"title","text":"本部校区院系专业"},{"tag":"ul","text":["教育学部","心理学院","文学院","历史文化学院","外国语学院","马克思主义学部","数学与统计学院","物理学院","化学学院","生命科学学院","地理科学学院","体育学院"]},{"tag":"list","header":false,"content":[{"text":"本部校区校门介绍","icon":"gate","path":"guide/check/benbu"},{"text":"本部校区寝室介绍","icon":"dorm","path":"guide/dorm/locate/benbu"}]},{"tag":"title","text":"净月校区院系专业"},{"tag":"ul","text":["环境学院","政法学院","经济与管理学院","外国语学院","音乐学院","美术学院","信息科学与技术学院","传媒科学学院","民族教育学院"]},{"tag":"list","header":false,"content":[{"text":"净月校区校门介绍","icon":"gate","path":"guide/check/jingyue"},{"text":"净月校区寝室介绍","icon":"dorm","path":"guide/dorm/locate/jingyue"}]},{"tag":"title","text":"注意事项"},{"tag":"ul","type":"warning","heading":"以下专业的新生们请务必分清自己入学后的校区","text":["环境学院新生从 2021 级起在净月校区读大一","非公费师范的思想政治教育专业(马克思主义类分流专业)在马克思主义学部；公费师范的思想政治教育专业在政法学院","英语专业(公费师范、普通师范、优师专项计划)的同学在本部的外国语学院；日语、俄语、商务英语专业的同学在净月的外国语学院"]},{"tag":"title","text":"校区地址"},{"tag":"list","header":false,"content":[{"text":"地址与快递相关","icon":"express","path":"guide/express/index"}]}],"images":[],"id":"guide/check/locate","scopeData":{"@type":"general","uniq_id":"guide/check/locate","title":"专业所在校区","digest":"东北师范大学有自由校区(本部)与净月校区(净月)两个校区。 您可以根据录取通知书上的学院找到相应的校区。因为两个校区相距较远，报到时若走错校区非常麻烦!教育学部 心理学院 文学院 历史文化学院 外国语学院 马克思主义学部 数学与统计学院 物","thumbs":["https://mp.innenu.com/img/inNENU.jpg"],"tags":["本部校区院系专业","净月校区院系专业","注意事项","校区地址"]}}