{"title":"本部饮品店","author":"Mr.Hope","time":"2022 年 6 月 27 日","shareable":true,"content":[{"tag":"title","text":"校内"},{"tag":"location","title":"本部饮品店","points":[{"latitude":43.863625,"longitude":125.337262,"name":"亓嘉咖啡","detail":"三舍 AB 大厅"},{"latitude":43.862644,"longitude":125.337152,"name":"黑泷堂","detail":"学生浴池一楼"},{"latitude":43.862605,"longitude":125.333198,"name":"天天奶斯","detail":"北苑地下一楼"},{"latitude":43.862605,"longitude":125.333198,"name":"贡茶","detail":"南苑一楼"}]},{"tag":"img","src":"https://mp.innenu.com/img/life/benbu/heilongtang.jpg","desc":"黑泷堂"},{"tag":"title","text":"校外"},{"tag":"ul","text":["文昌路上有一家蜜雪冰城","桂林路附近的桂林胡同有七八家奶茶店"]}],"cite":[],"id":"guide/life/drink/benbu"}