{"title":"疫情相关问答","time":"2022 年 8 月 13 日","shareable":true,"id":"guide/faq/epidemic","author":"Mr.Hope","cite":[],"content":[{"tag":"title","text":"报到条件"},{"tag":"text","type":"info","heading":"入校需要满足哪些基本条件?","text":["请参阅 “报到所需条件”。需要特别注意以下要点。","返(入)校前 7 天实际居住地并非以及通行途中并未到访中高风险地区。","实际居住小区(村屯)、乡镇(街道)为中高风险地区或实际居住地为长春市疫情管控地区的暂缓返校。该项通过小程序打卡位置数据查验。","学生返(入)校前 14 天“东师 e 起战疫”App 信息采集不连续、不完整，或信息出现异常的暂缓返校。也就是是否可以在小程序内生成绿色的返校码。","所有学生除接种禁忌症外，应于开学前在属地接种疫苗。","国家健康码、吉祥码应为绿码。","返校途中应合理规划返校路线，避免途经(停留)疫情中高风险地区。"],"path":"guide/epidemic/requirement"},{"tag":"text","type":"info","heading":"未接种疫苗的能够返校? 不适合接种应该怎么办?","text":["所有学生除接种禁忌症外，应于开学前在属地接种疫苗。","如果的确不适合接种，建议提前准备好相关证明，已备后期查验。"]},{"tag":"text","type":"info","heading":"小程序某一天忘记打卡了能否返校?","text":["不能，请重新打卡打满 14 天。"]},{"tag":"text","type":"info","heading":"返校途中可否经过中高风险地区，可否在这些地区中转/换乘?","text":["我校在入校时使用“通信行程卡”进行校验。“通信行程卡”显示到访的标准是手机在属地基站信号范围内超过 4 小时。","对于正常的市，包含属地范围内的所有基站覆盖范围，属地包含下属的县、镇、村等地区。对于直辖市，精确到区。","为了确保通信连续、实现覆盖无盲区，行政区划交界处的两地基站信号可能会交叉覆盖，导致覆盖区域大于属地。","只要您保证您不会因为中转、经停、自驾高速堵车等在管控地区或风险地区停留超过 4 小时，原则上就不会出现对应的到访记录。为了稳妥建议另行缩减自己的停留时间。"]},{"tag":"title","text":"吉林疫情防控"},{"tag":"text","type":"info","heading":"吉林省本地出行需要防疫码么? 如何注册和获取?","text":["吉林省本地乘坐公共交通，出入公共场所需要出示 “吉祥码”。"],"path":"guide/epidemic/jixiang-code/index"},{"tag":"title","text":"校园疫情防控"},{"tag":"text","type":"info","heading":"在当前疫情，学校有何种工作安排? 食堂、浴池、图书馆采取了哪些防范方法?","text":["请参阅 “疫情管理调整”"],"path":"guide/epidemic/manage"},{"tag":"text","type":"info","heading":"开学是否封校? 持续多久?","text":["按照往年的安排，全部学生入校后封校 2 周。","封校期间无特殊情况如就医等不得出校，出校需要由辅导员全程陪同。"]}]}