{"title":"生活相关问答","author":"Mr.Hope","time":"2022 年 7 月 11 日","shareable":true,"content":[{"tag":"title","text":"生活费"},{"tag":"text","type":"info","heading":"在东师，多少生活费比较合适?","text":["本部 600 - 1500 元；净月 900 - 2100 元","家庭极其贫困的学生可以收到来自学校、学院的补助，在积极参与勤工助学项目的情况下可以完全自己自足，无需家人补给。"]},{"tag":"title","text":"日常生活"},{"tag":"text","type":"info","heading":"校内各家店铺齐全么? 可以满足生活需要吗?","text":["学校内有包括浴池、理发店、超市、水果店、复印店、数码维修店、通讯营业厅、ATM、开锁、干洗店、眼镜店、奶茶店等。","学校内店铺价格均很实惠，略低于市内均价范围。换而言之，大部分店铺的价格都在中位数偏下，即市内是肯定有店铺比它要优惠的，但很少。"]},{"tag":"text","type":"info","heading":"学校水果品种多么? 冬天价格高么?","text":["东北不是蛮夷之地，一年四季都有大量品种的水果。","冬天的水果基本都是运输或者大棚种植，而且运输途中需要注意防冻，所以价格会有提升，但不会很离谱。"]},{"tag":"text","type":"info","heading":"学校水果的品质和价格在什么范围?","text":["学校有数个地方可以买到水果，品质和价格成阶梯状。","水果品质越好肯定价格越高，大部分水果应该是可以合适的价格买到自己想要的品质。","水果不同种类价格也不一，由于部分水果无法在东北种植需要运输，所以不同种类的价格分布会和南方出现较大差异。"]}],"cite":[],"id":"guide/faq/life"}