{"title":"违约","author":"Mr.Hope","time":"2021年8月15日","shareable":true,"content":[["p",{"text":["毕业生以及签约诸方应信守诺言，自觉维护毕业生就业秩序，严格遵守国家有关规定和学校就业政策。"],"style":"text-indent: 1.5em; "}],["title",{"text":"要求"}],["p",{"text":["如有特殊情况需要变更，需征得签约诸方的书面同意和谅解，并妥善处理由于违约带来的纠纷。经学院、就业指导中心审批同意后，方能变更协议。提出变更的一方应承担违约责任。"],"style":"text-indent: 1.5em; "}],["ul",{"type":"info","heading":"所需材料","text":["个人书面申请，必须由学生所在学院(部)副书记签字并加盖就业专用章。","原三方协议书。","原单位解约函原件及复印件(原单位的书面同意，需表明同意与毕业生签的三方协议书作废)。","缴纳违约金的收据。"]}],["text",{"type":"danger","text":["违约手续一律在每年5月1日之后办理。手续不全，责任不清楚的，学校不予受理。"]}]],"cite":[],"id":"guide/job/agreement/break-contract"}