{"title":"军训","author":"Mr.Hope","time":"2022 年 7 月 27 日","grey":true,"shareable":true,"content":[{"tag":"text","type":"info","text":["由于疫情原因，2022 级军训开学暂不进行。具体安排等待后续通知。"]},{"tag":"list","items":[{"text":"军训介绍","icon":"intro","path":"guide/activity/military/intro"},{"text":"军训保健班申请","icon":"apply","path":"guide/activity/military/exempt"},{"text":"军训详情","icon":"detail","path":"guide/activity/military/detail"},{"text":"军训贴士","icon":"idea","path":"guide/activity/military/tip"}]}],"cite":[],"id":"guide/activity/military/index"}