{"title":"校园卡充值","desc":"部分图像来自20安徽历史杨","author":"Mr.Hope","time":"2021年8月22日","shareable":true,"content":[{"tag":"text","type":"info","heading":"充值方式","text":["校园卡支持多种方式进行充值，包括微信、支付宝以及学校统一办理的银行卡充值。"]},{"tag":"title","text":"方法一"},{"tag":"p","text":["将支付宝与校园卡绑定，从支付宝转账到校园卡。"],"style":"text-indent: 1.5em; "},{"tag":"p","heading":"支付宝绑定与转账","style":"text-indent: 1.5em; "},{"tag":"img","src":"https://mp.innenu.com/img/card/Alipay1.jpg","desc":"进入支付宝，在首页搜索框搜索“校园一卡通”，并点击进入。"},{"tag":"img","src":"https://mp.innenu.com/img/card/Alipay2.jpg","desc":"点击进入，并点击“立即充值”"},{"tag":"img","src":"https://mp.innenu.com/img/card/Alipay3.jpg","desc":"选择“长春——东北师范大学”"},{"tag":"img","src":"https://mp.innenu.com/img/card/Alipay4.jpg","desc":"输入您的姓名、学号，确认转账金额点击转账并支付。"},{"tag":"text","text":["第一次绑定并转账后，再次打开就会显示校园卡并可以直接转账。点击卡片可以查看卡余额。"]},{"tag":"title","text":"方法二"},{"tag":"p","text":["使用微信充值校园卡"],"style":"text-indent: 1.5em; "},{"tag":"p","heading":"微信绑定与转账","text":["扫描下方二维码，关注企业号"],"style":"text-indent: 1.5em; "},{"tag":"img","src":"https://mp.innenu.com/img/card/wechat-follow.png"},{"tag":"img","src":"https://mp.innenu.com/img/card/wechat1.jpg","desc":"关注企业号之后点击“欢迎关注”中的消息卡片输入账号密码完成认证"},{"tag":"img","src":"https://mp.innenu.com/img/card/wechat2.jpg","desc":"之后点击校园卡"},{"tag":"img","src":"https://mp.innenu.com/img/card/card-service.jpg","desc":"点击右下角校园卡充值，直接输入充值金额点击付款即可"},{"tag":"title","text":"方法三"},{"tag":"p","text":["在自助终端机绑定银行卡(学校发的交行学子卡无需开通网银即可绑定)，直接从银行卡中转钱至校园卡中。"],"style":"text-indent: 1.5em; "},{"tag":"text","type":"tip","text":["19级及以前的同学所拥有的学校下发的交行学子卡无需开通网银即可绑定。","其他银行卡需开通网上银行服务"]},{"tag":"img","src":"https://mp.innenu.com/img/card/bank.png","desc":"银行服务列表图"},{"tag":"p","heading":"绑定银行卡","text":["点击左侧第二项银行服务，再点击第三项项申请绑定，填写您的身份证号和校园卡密码后按确定即可完成绑定。"],"style":"text-indent: 1.5em; "},{"tag":"img","src":"https://mp.innenu.com/img/card/bind.png","desc":"绑定界面"},{"tag":"p","heading":"转账","text":["请您点击左侧第二项银行服务，再点击第二行银校转账。在弹出的窗口中，请您填写身份证号、银行卡号、卡密码后点击确定申请转账，输入转账金额、校园卡密码点击转账。"],"style":"text-indent: 1.5em; "},{"tag":"img","src":"https://mp.innenu.com/img/card/card10.png","desc":"申请转账界面"},{"tag":"img","src":"https://mp.innenu.com/img/card/card11.png","desc":"转账界面"},{"tag":"title","text":"提示"},{"tag":"text","type":"tip","text":["校园卡每次最多充值 200 元，如果想要充值更多钱可以分次充值。"]},{"tag":"ul","type":"warning","text":["在高峰期转账可能会显示与学校一卡通服务连接超时，请您重试即可。","夜间学校一卡通服务会进行短暂维护，届时您将无法充值或查询余额。","转完账后，余额可能不能立即更新，需要您稍等几分钟，所以请您务必提前圈存。"]},{"tag":"text","type":"danger","text":["校园卡总额务必不要达到 4 位数(即一千元以上)，否则无法刷卡，这是因为普通卡机显示页面没有千位，导致刷卡会报错。","如果不小心转账超过一千元，请本人持卡到信息化办处理。"]}],"images":["https://mp.innenu.com/img/card/Alipay1.jpg","https://mp.innenu.com/img/card/Alipay2.jpg","https://mp.innenu.com/img/card/Alipay3.jpg","https://mp.innenu.com/img/card/Alipay4.jpg","https://mp.innenu.com/img/card/wechat-follow.png","https://mp.innenu.com/img/card/wechat1.jpg","https://mp.innenu.com/img/card/wechat2.jpg","https://mp.innenu.com/img/card/card-service.jpg","https://mp.innenu.com/img/card/bank.png","https://mp.innenu.com/img/card/bind.png","https://mp.innenu.com/img/card/card10.png","https://mp.innenu.com/img/card/card11.png"],"id":"guide/card/charge","scopeData":{"@type":"general","uniq_id":"guide/card/charge","cover":"https://mp.innenu.com/img/card/Alipay1.jpg","title":"校园卡充值","digest":"充值方式 校园卡支持多种方式进行充值，包括微信、支付宝以及学校统一办理的银行卡充值。将支付宝与校园卡绑定，从支付宝转账到校园卡。支付宝绑定与转账 第一次绑定并转账后，再次打开就会显示校园卡并可以直接转账。点击卡片可以查看卡余额。使用微信充值","thumbs":["https://mp.innenu.com/img/card/Alipay1.jpg","https://mp.innenu.com/img/card/Alipay2.jpg","https://mp.innenu.com/img/card/Alipay3.jpg","https://mp.innenu.com/img/card/Alipay4.jpg","https://mp.innenu.com/img/card/wechat-follow.png","https://mp.innenu.com/img/card/wechat1.jpg","https://mp.innenu.com/img/card/wechat2.jpg","https://mp.innenu.com/img/card/card-service.jpg","https://mp.innenu.com/img/card/bank.png","https://mp.innenu.com/img/card/bind.png"],"tags":["方法一","方法二","方法三","提示"]}}