{"title":"校园卡丢失","author":"Mr.Hope","time":"2021年9月6日","shareable":true,"content":[{"tag":"ol","type":"warning","heading":"如果校园卡不慎丢失","text":["请立即到自助终端机挂失防止被盗。","通过各个途径(室友、同学、校会君 QQ、表白墙)寻找校园卡。","仔细查看各学院、食堂的失物招领"]},{"tag":"card","src":"http://mmbiz.qpic.cn/mmbiz_png/s67UCDghNJlbtkPQCHp2shtaRdzmyg89PVLIlUicVcrRbISiaer4YS7ksWKSPnUrJkD3fvTS6ePJbDxMUaWAcucg/0?wx_fmt=png","url":"https://mp.weixin.qq.com/s/Gk43n9YqA-C99mZipsnuDQ","title":"被盗刷可以做的","desc":"被盗刷，只能忍气吞声，默默补办新卡?","logo":"https://mp.innenu.com/img/studentOrg/nenuyouth.png","name":"东师青年","type":"web"},{"tag":"ul","text":["如果您的校园卡成功找回，您需要到自助终端机刷卡并输入密码进行解挂。","如果您的校园卡不幸没有找回，您需要到信息化办补办校园卡。"]},{"tag":"list","content":[{"text":"信息化办","icon":"office","path":"guide/card/office"}]},{"tag":"title","text":"补卡费用"},{"tag":"text","text":["￥20/张，仅支持现金或微信支付"]},{"tag":"title","text":"关于补办的卡"},{"tag":"p","text":["补办的卡内使用全新的 IC 卡号，是一张彻彻底底的新卡。"],"style":"text-indent: 1.5em; "},{"tag":"ul","type":"info","text":["消费限额以及校园卡密码会被重置为默认值","卡内余额为 0，旧卡余额需要您手动领取才能转入","银行卡(学子卡) 绑定会被解除，需要重新绑定","生活用水和直饮机可能需要手动激活","直饮机可能需要等待 72 小时后才能使用。"]},{"tag":"ol","heading":"您需要","text":["到自助终端机和生活用水补助机激活直饮机与生活热水；","在旧卡挂失两天(72小时)后，您才可以通过自助终端机领取旧卡里的余额；","请您立即到自助终端机修改校园卡密码与消费限额；","如有需要，请您重新绑定学子卡；"]},{"tag":"ul","type":"warning","heading":"注意事项","text":["使用新卡后，您将无法在线或使用自助终端机查询旧卡的流水信息。如果您怀疑您的卡被盗刷，请联系信息化办调取旧卡消费记录并移交保卫科处理。"]}],"images":[],"id":"guide/card/lost","scopeData":{"@type":"general","uniq_id":"guide/card/lost","title":"校园卡丢失","digest":"如果校园卡不慎丢失 请立即到自助终端机挂失防止被盗。 通过各个途径(室友、同学、校会君 QQ、表白墙)寻找校园卡。 仔细查看各学院、食堂的失物招领如果您的校园卡成功找回，您需要到自助终端机刷卡并输入密码进行解挂。 如果您的校园卡不幸没有找回","thumbs":["https://mp.innenu.com/img/inNENU.jpg"],"tags":["补卡费用","关于补办的卡"]}}