{"title":"各类物品","author":"Mr.Hope","time":"2022 年 6 月 27 日","shareable":true,"content":[{"tag":"p","heading":"可选品","text":["以下物品可以自己带到学校，也可以在适应期内慢慢补足。此物品清单仅作参考! 并不是每个人都需要买。"]},{"tag":"text","type":"tip","text":["标记 “*” 的意味着校内超市有售"]},{"tag":"list","header":false,"items":[{"text":"校内外超市","icon":"shop","path":"guide/shop/index"}]},{"tag":"list","header":"物品分类","items":[{"text":"证件材料类","icon":"photo","path":"guide/necessity/material"},{"text":"学习用品","icon":"study","path":"guide/necessity/study"},{"text":"生活用品","icon":"life","path":"guide/necessity/life"},{"text":"洗护用品类","icon":"washing","path":"guide/necessity/washing"},{"text":"其他工具类","icon":"repair","path":"guide/necessity/tool"},{"text":"饮食相关类","icon":"dining","path":"guide/necessity/food"},{"text":"寝室神器类","icon":"star","path":"guide/necessity/artifact"},{"text":"数码产品类","icon":"digital","path":"guide/necessity/digital"}]},{"tag":"title","text":"违禁物品"},{"tag":"list","header":false,"items":[{"text":"寝室违禁物品","icon":"ban","path":"guide/dorm/ban"}]},{"tag":"title","text":"Mr.Hope 的建议"},{"tag":"list","header":false,"items":[{"text":"Mr.Hope 的建议","icon":"idea","path":"guide/necessity/advice"}]}],"cite":[],"id":"guide/necessity/index"}