{"title":"2020 级辅导员","author":"Mr.Hope","time":"2021年8月15日","shareable":true,"content":[["text",{"type":"info","text":["下方为 2020 级导员姓名与联系方式"]}],["title",{"text":"本部"}],["text",{"heading":"教育学部","text":["钦锐琦"]}],["phone",{"fName":"锐琦","lName":"钦","num":"15764316237","workNum":"0431-85099514","org":"教育学部","title":"2020级辅导员"}],["text",{"heading":"心理学院","text":["季驰"]}],["phone",{"fName":"驰","lName":"季","num":"15844081503","org":"教育学部","title":"2020级辅导员"}],["text",{"heading":"文学院","text":["汉语言文学(公费师范)\n房玮"]}],["phone",{"fName":"玮","lName":"房","num":"13174300681","org":"文学院","title":"2020级辅导员"}],["text",{"text":["汉语言文学\n张馨之"]}],["phone",{"fName":"馨之","lName":"张","num":"13174428905","org":"文学院","title":"2020级辅导员"}],["text",{"heading":"历史文化学院","text":["王悦人"]}],["phone",{"fName":"悦人","lName":"王","num":"13674303909","org":"历史文化学院","title":"2020级辅导员"}],["text",{"heading":"外国语学院","text":["孙溶泽"]}],["phone",{"fName":"溶泽","lName":"孙","num":"13159618505","org":"外国语学院","title":"2020级辅导员"}],["text",{"heading":"马克思主义学部","text":["王誌"]}],["phone",{"fName":"誌","lName":"王","num":"13174422378","org":"外国语学院","title":"2020级辅导员"}],["text",{"heading":"数学与统计学院","text":["数学与应用数学(公费师范)\n李娜"]}],["phone",{"fName":"娜","lName":"李","num":"18343128453","workNum":"0431-85099680","org":"数学与统计学院","title":"2020级辅导员"}],["text",{"text":["数学类\n周浩"]}],["phone",{"fName":"浩","lName":"周","num":"13104487412","workNum":"0431-85098116","org":"数学与统计学院","title":"2020级辅导员"}],["text",{"heading":"物理学院","text":["荆鹏"]}],["phone",{"fName":"鹏","lName":"荆","num":"13166887868","org":"物理学院","title":"2020级辅导员"}],["text",{"heading":"化学学院","text":["刘莹"]}],["phone",{"fName":"莹","lName":"刘","num":"18643658974","org":"化学学院","title":"2020级辅导员"}],["text",{"heading":"生命科学学院","text":["霍奎先"]}],["phone",{"fName":"奎先","lName":"霍","num":"15543572333","org":"生命科学学院","title":"2020级辅导员"}],["text",{"heading":"地理科学学院","text":["董文标"]}],["phone",{"fName":"文标","lName":"董","num":"13134456613","org":"地理科学学院","title":"2020级辅导员"}],["text",{"heading":"体育学院","text":["杨志"]}],["phone",{"fName":"志","lName":"杨","num":"15500001321","org":"体育学院","title":"2020级辅导员"}],["title",{"text":"净月"}],["text",{"heading":"政法学院","text":["地力富扎"]}],["phone",{"fName":"富扎","lName":"地力","num":"15164349875","org":"政法学院","title":"2020级辅导员"}],["text",{"heading":"经济与管理学院","text":["经济学类\n赵梓名"]}],["phone",{"fName":"梓名","lName":"赵","num":"17644035632","org":"经济与管理学院","title":"2020级辅导员"}],["text",{"text":["会计学(中外合作办学)\n王洋"]}],["phone",{"fName":"洋","lName":"王","num":"18844176275","org":"经济与管理学院","title":"2020级辅导员"}],["text",{"heading":"外国语学院","text":["汪俊晖"]}],["phone",{"fName":"俊晖","lName":"汪","num":"13159615296","org":"外国语学院","title":"2020级辅导员"}],["text",{"heading":"音乐学院","text":["雷舒雅"]}],["phone",{"fName":"舒雅","lName":"雷","num":"18744019339","org":"音乐学院","title":"2020级辅导员"}],["text",{"heading":"美术学院","text":["姚懿真(除设计学)"]}],["phone",{"fName":"懿真","lName":"姚","num":"15526656931","org":"美术学院","title":"2020级辅导员"}],["text",{"text":["王天月(设计学)"]}],["phone",{"fName":"天月","lName":"王","num":"17519466411","org":"美术学院","title":"2020级辅导员"}],["text",{"heading":"信息科学与技术学院","text":["教育技术学、教育技术学(公费师范)、图书馆学\n曹政"]}],["phone",{"fName":"政","lName":"曹","num":"17519497328","org":"信息科学与技术学院","title":"2020级辅导员"}],["text",{"text":["智能科学与技术、计算机科学与技术计算机科学与技术(中外合作办学)\n罗兰"]}],["phone",{"fName":"兰","lName":"罗","num":"18744046591","org":"信息科学与技术学院","title":"2020级辅导员"}],["text",{"heading":"环境学院","text":["朱华溢"]}],["phone",{"fName":"华溢","lName":"朱","num":"13104474738","org":"环境学院","title":"2020级辅导员"}],["text",{"heading":"传媒科学学院(新闻学院)","text":["张奎山"]}],["phone",{"fName":"奎山","lName":"张","num":"18543018068","org":"传媒科学学院(新闻学院)","title":"2020级辅导员"}]],"cite":[],"id":"guide/prepare/counselor/2020"}