[{"time":1.65,"text":"喜欢你"},{"time":4.289,"text":"演唱: 付上智"},{"time":7.528,"text":"歌词改编: 张雨昕 戴晓彤"},{"time":10.062,"text":"歌词制作: Mr.Hope"},{"time":12.987},{"time":22.391,"text":"喜欢你"},{"time":25.239,"text":"给我一个相机"},{"time":28.844,"text":"让我记录你陶然四季"},{"time":34.878,"text":"喜欢你"},{"time":37.229,"text":"借我一段诗意"},{"time":40.756,"text":"让我写下你授业不息"},{"time":46.241,"text":"喜欢你"},{"time":49.01,"text":"静湖层层涟漪"},{"time":52.824,"text":"仿佛是你微笑地言语"},{"time":58.284,"text":"喜欢你"},{"time":61.157,"text":"钟楼声声不停"},{"time":64.658,"text":"连晚风也变成回忆"},{"time":70.927},{"time":73.226,"text":"我喜欢这样看着你"},{"time":76.543,"text":"跟随你指引的轨迹"},{"time":79.391,"text":"青春里"},{"time":80.749,"text":"慢慢前进"},{"time":82.264,"text":"未来也慢慢地慢慢清晰"},{"time":85.32,"text":"我喜欢那校园点滴"},{"time":88.429,"text":"哪怕我们相隔万里"},{"time":91.198,"text":"我知道"},{"time":92.818,"text":"你在期盼着我明日光景"},{"time":97.624},{"time":106.506,"text":"喜欢你"},{"time":109.144,"text":"静湖层层涟漪"},{"time":112.853,"text":"仿佛是你微笑地言语"},{"time":118.574,"text":"喜欢你"},{"time":121.16,"text":"钟楼声声不停"},{"time":124.791,"text":"连晚风也变成回忆"},{"time":132.733},{"time":133.516,"text":"我喜欢这样看着你"},{"time":136.364,"text":"跟随你指引的轨迹"},{"time":139.263,"text":"青春里"},{"time":140.778,"text":"慢慢前进"},{"time":142.32,"text":"未来也慢慢地慢慢清晰"},{"time":145.35,"text":"我喜欢那校园点滴"},{"time":148.38,"text":"哪怕我们相隔万里"},{"time":151.358,"text":"我知道"},{"time":153.03,"text":"你在期盼着我明日光景"},{"time":159.038},{"time":178.499,"text":"我喜欢这样看着你"},{"time":181.399,"text":"跟随你指引的轨迹"},{"time":184.56,"text":"青春里"},{"time":185.813,"text":"慢慢前进"},{"time":187.511,"text":"未来也慢慢地慢慢清晰"},{"time":190.62,"text":"我喜欢那校园点滴"},{"time":193.546,"text":"哪怕我们相隔万里"},{"time":196.341,"text":"我知道"},{"time":198.065,"text":"你在期盼着我明日光景"},{"time":202.427,"text":"我喜欢这样看着你"},{"time":205.458,"text":"跟随你指引的轨迹"},{"time":208.592,"text":"青春里"},{"time":209.846,"text":"慢慢前进"},{"time":211.387,"text":"未来也慢慢地慢慢清晰"},{"time":214.444,"text":"我喜欢那校园点滴"},{"time":217.343,"text":"哪怕我们相隔万里"},{"time":220.373,"text":"我知道"},{"time":221.836,"text":"你在期盼着我明日光景"},{"time":226.643,"text":"我知道"},{"time":228.184,"text":"你在期盼着我明日光景"},{"time":237.17}]