{"title":"招生情况","grey":true,"author":"Mr.Hope","time":"2021年11月21日","shareable":true,"content":[{"tag":"list","header":"本科招生","content":[{"text":"2021 年本科开设专业","icon":"intro","path":"intro/enroll/under/major/2021"},{"text":"2021 年本科招生章程","icon":"intro","path":"intro/enroll/under/rule/2021"},{"text":"2021 年国家优师专项计划招生简章","icon":"intro","path":"intro/enroll/under/rule/great-2021"},{"text":"本科录取通知书状态","icon":"search","path":"intro/enroll/under/search"},{"text":"更多","icon":"more","path":"intro/enroll/under/index"}]},{"tag":"list","header":"第二学士学位","content":[{"text":"2021 年第二学士学位招生简章","icon":"intro","path":"intro/enroll/second-degree/2021"}]}],"images":[],"id":"intro/enroll/index","scopeData":{"@type":"general","uniq_id":"intro/enroll/index","title":"招生情况","digest":"","thumbs":["https://mp.innenu.com/img/inNENU.jpg"],"tags":[]}}