{"title":"奖学金申请","author":"Mr.Hope","time":"2021年11月22日","shareable":true,"content":[{"tag":"title","text":"申请方式"},{"tag":"p","text":["目前，学校开发了 “奖学宝” 微信小程序，同学们可以在其上申请奖学金。"],"style":"text-indent: 1.5em; "},{"tag":"card","title":"奖学宝","options":{"appId":"wx1a044b87a35bfdef","path":"pages/index/index"}},{"tag":"img","src":"https://mp.innenu.com/img/study/jiangxuebao.jpg","desc":"奖学宝小程序二维码","env":["qq"]},{"tag":"title","text":"相关文件"},{"tag":"doc","name":"校长奖学金申请表","url":"https://mp.innenu.com/file/scholarship/xiaozhang.docx","icon":"doc"},{"tag":"doc","name":"一等奖学金申请表","url":"https://mp.innenu.com/file/scholarship/yideng.docx","icon":"doc"},{"tag":"doc","name":"二等奖学金申请表","url":"https://mp.innenu.com/file/scholarship/erdeng.docx","icon":"doc"},{"tag":"doc","name":"三等奖学金申请表","url":"https://mp.innenu.com/file/scholarship/sandeng.docx","icon":"doc"},{"tag":"doc","name":"单项奖学金申请表","url":"https://mp.innenu.com/file/scholarship/danxiang.docx","icon":"doc"}],"cite":[],"id":"guide/study/scholarship/apply"}