{"title":"缴费相关","author":"Mr.Hope","time":"2021年11月28日","shareable":true,"content":[{"tag":"text","type":"danger","text":["报到时不需交学费和住宿费。请大家警惕谨防被骗!!!!"]},{"tag":"title","text":"缴费方式"},{"tag":"text","text":["学生需要通过缴费系统自行缴费。"]},{"tag":"list","header":false,"items":[{"text":"PC 缴费","desc":"推荐","icon":"pc","path":"guide/pay/pc"},{"text":"手机缴费","desc":"只支持微信","icon":"cellphone","path":"guide/pay/mobile"}]}],"cite":[],"id":"guide/pay/index"}