{"title":"缴费相关","author":"Mr.Hope","time":"2022 年 7 月 30 日","shareable":true,"content":[{"tag":"text","type":"danger","text":["报到时不需交学费和住宿费。请大家警惕谨防被骗!!!!"]},{"tag":"title","text":"缴费方式"},{"tag":"text","text":["学生需要通过缴费系统自行缴费。"]},{"tag":"list","header":false,"items":[{"text":"PC 缴费","desc":"推荐","icon":"pc","path":"guide/pay/pc"},{"text":"手机缴费","desc":"只支持微信","icon":"cellphone","path":"guide/pay/mobile"}]},{"tag":"text","type":"tip","heading":"申请助学贷款缴费","path":"intro/subsidize/index","text":["家庭经济困难学生可通过国家助学贷款 (校园地国家助学贷款或生源地信用助学贷款) 及时缴纳学费和住宿费。","报到后，学生可向学生资助管理中心申请校园地国家助学贷款。办理生源地信用助学贷款的学生，应及时向学院(部)反馈助学贷款相关信息，由学院 (部) 集中汇总提交学生资助管理中心。"]}],"cite":[],"id":"guide/pay/index"}