{"title":"长春西站-到净月","author":"Mr.Hope","time":"2021年9月4日","shareable":true,"content":[{"tag":"title","text":"腾讯地图导航"},{"tag":"advanced-list","header":false,"content":[{"type":"navigator","text":"长春西站南1出口导航到净月","openType":"navigate","url":"plugin://routePlan/index?key=NLVBZ-PGJRQ-T7K5F-GQ54N-GIXDH-FCBC4&referer=in东师&startPoint={\"latitude\":43.877099,\"longitude\":125.201158,\"name\":\"长春西站南1出口\"}&endPoint={\"latitude\":43.828525,\"longitude\":125.43107,\"name\":\"净月校区\"}&mode=transit&themeColor=#2ecc71"},{"type":"navigator","text":"长春西站南2出口导航到净月","openType":"navigate","url":"plugin://routePlan/index?key=NLVBZ-PGJRQ-T7K5F-GQ54N-GIXDH-FCBC4&referer=in东师&startPoint={\"latitude\":43.876565,\"longitude\":125.200213,\"name\":\"长春西站南2出口\"}&endPoint={\"latitude\":43.828525,\"longitude\":125.43107,\"name\":\"净月校区\"}&mode=transit&themeColor=#2ecc71"}],"env":["wx"]},{"tag":"text","type":"warning","env":["qq"],"text":["导航功能仅在微信小程序上提供!"]},{"tag":"title","text":"新生接待处"},{"tag":"text","text":["学校在长春站北出站口设置新生接待处，提供新生咨询服务。"]},{"tag":"text","type":"tip","text":["由于新冠疫情，学校不再安排大巴进行统一接送。新生同学需要自行选择并乘坐交通工具到达学校参与报到。"]},{"tag":"text","text":["同学们主要有三种交通方式到达净月校区。"]},{"tag":"title","text":"轨道交通换乘(推荐)"},{"tag":"text","type":"tip","text":["轨道交通是最便捷最快的的方式。票价 5 元。"]},{"tag":"list","header":false,"content":[{"text":"查看详情","icon":"train","path":"guide/arrival/train-w-jingyue/railway"}]},{"tag":"title","text":"公交转轻轨"},{"tag":"text","type":"warning","text":["此选项仅为那些携带了无法通过地铁安检物品的人列出!"]},{"tag":"list","header":false,"content":[{"text":"查看详情","icon":"bus","path":"guide/arrival/train-w-jingyue/bus"}]},{"tag":"title","text":"打车"},{"tag":"text","text":["如果您到达火车站已经是晚上，轨道交通已经停运，那么您也许需要打车。","在其他情况下，我们推荐您使用轨道交通。"]},{"tag":"list","header":false,"content":[{"text":"查看详情","icon":"taxi","path":"guide/arrival/train-w-jingyue/taxi"}]}],"images":[],"id":"guide/arrival/train-w-jingyue/index","scopeData":{"@type":"general","uniq_id":"guide/arrival/train-w-jingyue/index","title":"长春西站-到净月","digest":"导航功能仅在微信小程序上提供!学校在长春站北出站口设置新生接待处，提供新生咨询服务。由于新冠疫情，学校不再安排大巴进行统一接送。新生同学需要自行选择并乘坐交通工具到达学校参与报到。同学们主要有三种交通方式到达净月校区。轨道交通是最便捷最快的","thumbs":["https://mp.innenu.com/img/inNENU.jpg"],"tags":["腾讯地图导航","新生接待处","轨道交通换乘(推荐)","公交转轻轨","打车"]}}