{"title":"净月照相","author":"Mr.Hope","time":"2021年9月10日","shareable":true,"content":[{"tag":"title","text":"校内店铺"},{"tag":"text","type":"warning","text":["请注意净月校区目前暂无专业的照相馆。"]},{"tag":"ul","text":["师大图文复印店"]},{"tag":"text","heading":"师大图文复印店","text":["二食堂超市对面师大图文复印店"]},{"tag":"img","src":"https://mp.innenu.com/img/shop/jingyue-copy.jpg","desc":"师大图文复印店"},{"tag":"title","text":"校外店铺"},{"tag":"text","text":["暂无信息"]}],"images":["https://mp.innenu.com/img/shop/jingyue-copy.jpg"],"id":"guide/life/photo/jingyue","scopeData":{"@type":"general","uniq_id":"guide/life/photo/jingyue","cover":"https://mp.innenu.com/img/shop/jingyue-copy.jpg","title":"净月照相","digest":"请注意净月校区目前暂无专业的照相馆。师大图文复印店师大图文复印店 二食堂超市对面师大图文复印店暂无信息","thumbs":["https://mp.innenu.com/img/shop/jingyue-copy.jpg"],"tags":["校内店铺","校外店铺"]}}