{"title":"户口迁移","author":"Mr.Hope","time":"2022 年 8 月 1 日","shareable":true,"content":[{"tag":"title","text":"概况介绍"},{"tag":"ol","type":"warning","text":["新生户口迁移采取自愿原则，请慎重考虑。","迁移户口的学生必须在入学报到时集体统一申报落户，过后不予办理。"]},{"tag":"text","type":"tip","heading":"Mr.Hope 提示","text":["大部分人无需迁移户口至学校。"]},{"tag":"title","text":"相关材料"},{"tag":"text","text":["需要落户的本科新生，在办理其他报到手续后，辅导员统一收取学生落户相关手续。"]},{"tag":"ol","type":"info","heading":"省外学生所需材料","text":["《录取通知书》复印件","《户口迁移证》","二代居民身份证复印件"]},{"tag":"ol","type":"note","text":["办理入学户口迁移需使用全国统一的户口迁移证","迁移证不允许涂改；","户口迁移证姓名一栏必须与通知书上的姓名一致；出生地、籍贯要具体到市或县一级；","迁移时间要在有效期内"]},{"tag":"ol","type":"info","heading":"省内学生所需材料","text":["《录取通知书》复印件","户口本复印件 (户口本复印首页和自页各一份)"]},{"tag":"title","text":"迁移地点"},{"tag":"text","type":"info","heading":"本部","text":["吉林省长春市南关区南岭街派出所"]},{"tag":"phone","header":"本部咨询电话","fName":"本部校区户口迁移咨询","num":"0431-85099938","org":"东北师范大学","street":"吉林省长春市人民大街 5268 号","postCode":"130024"},{"tag":"text","type":"info","heading":"净月","text":["吉林省长春市南关区净月大街 2555 号东北师范大学"]},{"tag":"phone","header":"净月咨询电话","fName":"净月校区户口迁移咨询","num":"0431-84536111","org":"东北师范大学","street":"吉林省长春市净月大街 2555 号","postCode":"130024"},{"tag":"title","text":"迁移流程"},{"tag":"img","src":"https://mp.innenu.com/img/check/hukou-in.jpg","desc":"图片来源于网络"},{"tag":"img","src":"https://mp.innenu.com/img/check/hukou-out.jpg","desc":"图片来源于网络"}],"cite":[],"id":"guide/prepare/hukou"}