{"title":"研究生录取通知书","author":"Mr.Hope","time":"2022 年 7 月 30 日","shareable":true,"content":[{"tag":"title","text":"录取通知书制作时间"},{"tag":"text","text":["录取通知书会拟录取名单公示期过后制作，给予一定时间修改邮寄人电话与地址，并于六月中旬左右发出。"]},{"tag":"card","cover":"https://mp.innenu.com/img/tab/admission.png","title":"录取查询","logo":"letter","url":"admission?type=search"},{"tag":"text","type":"info","text":["我校研究生录取通知书使用 EMS，速度会很快。"]},{"tag":"title","text":"录取通知书内容"},{"tag":"ul","text":["录取通知书 1️⃣ 份","调档函 1️⃣ 份"]},{"tag":"text","type":"warning","heading":"强调","text":["❌不含手机卡、银行卡亦或校园卡","(⚠不要再问了...😑)"]},{"tag":"title","text":"学号"},{"tag":"text","text":["录取通知书编号即为学号，是以 2022 开头的十位数字，在通知书右下角。"]},{"tag":"img","src":"https://mp.innenu.com/img/prepare/post-admission-letter.jpg","desc":"录取通知书"}],"cite":[],"id":"guide/prepare/post-admission-notice"}