{"title":"本科生入学准备","author":"Mr.Hope","time":"2022 年 7 月 30 日","grey":true,"shareable":true,"content":[{"tag":"list","items":[{"text":"欢迎辞","icon":"letter","path":"guide/prepare/welcome"},{"text":"报到时间","icon":"time","path":"guide/check/location-and-time"}]},{"tag":"list","header":"防止诈骗","items":[{"text":"常见网上诈骗","icon":"alert","path":"guide/prepare/cheat"}]},{"tag":"list","header":"报道之前准备","items":[{"text":"录取通知书详情","icon":"letter","path":"guide/prepare/under-admission-notice"},{"text":"档案邮寄","icon":"archive","path":"guide/archive/under-in"},{"text":"新生入学前课程学习","icon":"study","path":"guide/yiban/index"},{"text":"党员组织关系接转","icon":"league","path":"guide/prepare/league"},{"text":"团员组织关系接转","icon":"league","path":"guide/prepare/group"},{"text":"户口迁移","icon":"change","path":"guide/prepare/hukou"}]},{"tag":"list","header":"找到组织","items":[{"text":"专业所属学院、校区","icon":"content","path":"intro/enroll/under/major/2022"},{"text":"新生群","icon":"qq-group","path":"guide/contact/index"}]},{"tag":"list","header":"师范生","items":[{"text":"师范生协议填写说明","icon":"idea","path":"guide/normal/fill"},{"text":"更多师范生相关","icon":"more","path":"guide/normal/index"}]}],"cite":[],"id":"guide/prepare/under"}