{"title":"招生办公室联系方式","desc":"信息来自东北师范大学本科招生网","time":"2021年12月3日","shareable":true,"content":[["text",{"heading":"地址","text":["吉林省长春市人民大街5268号本部校区综合行政楼225室"]}],["text",{"heading":"邮编","text":["130024"]}],["phone",{"header":"电话","fName":"招生办公室","num":"0431-85098500","org":"东北师范大学","street":"吉林省长春市人民大街5268号","postCode":"130024","mail":"zsb@nenu.edu.cn","site":"http://zsb.nenu.edu.cn"}],["text",{"heading":"传真","text":["0431-85687511"]}],["copy",{"header":"网址","text":"http://zsb.nenu.edu.cn"}],["copy",{"header":"邮箱","text":"zsb@nenu.edu.cn"}],["copy",{"header":"招生办留言板","text":"http://zsb.nenu.edu.cn/lyb.jsp?urltype=tree.TreeTempUrl&wbtreeid=1123"}],["text",{"heading":"办公时间","text":["办公时间为周一至周五 8:00 - 11:30，13:30 - 17:00，法定节假日除外。"]}]],"cite":[],"id":"intro/apt/enroll/contact"}