{"title":"钱包金额查看","author":"Mr.Hope","time":"2021年11月22日","shareable":true,"content":[{"tag":"title","text":"钱包金额提现"},{"tag":"text","text":["仍然点击公众号内“钱包充值”菜单并选择自己的校区，但这次点击充值页面的“提现”按钮"]},{"tag":"img","src":"https://mp.innenu.com/img/bath/charge-pay.jpg","desc":"充值页面"},{"tag":"text","text":["点击提现即可对钱包金额进行提现，显示提现成功字样后请等待提现申请通过系统审批。"]},{"tag":"img","src":"https://mp.innenu.com/img/bath/return.jpg","desc":"提现页面"},{"tag":"img","src":"https://mp.innenu.com/img/bath/return-success.jpg","desc":"发起提现成功提示"},{"tag":"img","src":"https://mp.innenu.com/img/bath/return-wait.jpg","desc":"此时只是发起提现申请，提现未成功需要等候通知"},{"tag":"text","type":"tip","text":["满一元提现是微信的要求。","另外克扣是由于微信在充值时会收取 0.06% 的渠道费，不是服务商昧下了"]},{"tag":"text","text":["24小时后，微信会通知提现成功并自动将退款退回微信余额。"]}],"id":"guide/bath/cash","images":["https://mp.innenu.com/img/bath/charge-pay.jpg","https://mp.innenu.com/img/bath/return.jpg","https://mp.innenu.com/img/bath/return-success.jpg","https://mp.innenu.com/img/bath/return-wait.jpg"],"scopeData":{"@type":"general","uniq_id":"guide/bath/cash","title":"钱包金额查看","cover":"https://mp.innenu.com/img/bath/charge-pay.jpg","digest":"仍然点击公众号内“钱包充值”菜单并选择自己的校区，但这次点击充值页面的“提现”按钮点击提现即可对钱包金额进行提现，显示提现成功字样后请等待提现申请通过系统审批。满一元提现是微信的要求。 另外克扣是由于微信在充值时会收取 0.06% 的渠道费","thumbs":["https://mp.innenu.com/img/bath/charge-pay.jpg","https://mp.innenu.com/img/bath/return.jpg","https://mp.innenu.com/img/bath/return-success.jpg","https://mp.innenu.com/img/bath/return-wait.jpg"],"tags":["钱包金额提现"]}}