{"title":"钱包金额查看","author":"Mr.Hope","time":"2021年11月22日","shareable":true,"content":[{"tag":"title","text":"钱包金额查看"},{"tag":"img","src":"https://mp.innenu.com/img/bath/personal-center.jpg","desc":"点击个人中心"},{"tag":"img","src":"https://mp.innenu.com/img/bath/wallet.png","desc":"个人中心页面会显示钱包余额"}],"id":"guide/bath/money","images":["https://mp.innenu.com/img/bath/personal-center.jpg","https://mp.innenu.com/img/bath/wallet.png"],"scopeData":{"@type":"general","uniq_id":"guide/bath/money","title":"钱包金额查看","cover":"https://mp.innenu.com/img/bath/personal-center.jpg","digest":"","thumbs":["https://mp.innenu.com/img/bath/personal-center.jpg","https://mp.innenu.com/img/bath/wallet.png"],"tags":["钱包金额查看"]}}