{"title":"美术学院","author":"Mr.Hope","time":"2020年9月1日","content":[{"tag":"account","name":"美术学院","logo":"https://mp.innenu.com/img/media/art.png","detail":"东北师范大学美术学院","wxid":"gh_d633652739f9","wxcode":"https://mp.innenu.com/img/media/art-qrcode.jpg","account":"art","location":{"latitude":43.82564,"longitude":125.42814},"mail":"nenuart@nenu.edu.cn","site":"https://fineart.nenu.edu.cn/"},{"tag":"list","content":[{"text":"学院简介","icon":"about","path":"intro/school/art/intro"},{"text":"专业","icon":"intro","path":"intro/school/art/enroll"}]}],"id":"map/jingyue/school/art","scopeData":{"@type":"general","uniq_id":"map/jingyue/school/art","title":"美术学院","digest":"","thumbs":["https://mp.innenu.com/img/inNENU.jpg"],"tags":[]}}