{"name":"东北师范大学物理学院","detail":"东北师范大学物理学院","desc":"尊重的教育 创造的教育","id":"nenuphy","logo":"https://mp.innenu.com/img/media/phy.jpg","qrcode":"https://mp.innenu.com/img/media/phy-wechat.jpg","article":[{"cover":"http://mmbiz.qpic.cn/mmbiz_jpg/rA5uqbJCIC6WhhajibPYSMuoC3QeO7bxyExH279hegicWHGPmdTWwljo1cDtxic6icy2ISQXydJ5AymkW6x3lIqOlw/0?wx_fmt=jpeg","title":"青览天下——第十三期","desc":"青览天下第十三期来啦~快来看看新闻和了解我们身边的榜样吧。","url":"https://mp.weixin.qq.com/s/LTQDWCRATxx_mcMUPtKasQ"},{"cover":"http://mmbiz.qpic.cn/mmbiz_jpg/rA5uqbJCIC6WhhajibPYSMuoC3QeO7bxyfRyWBrU4lfovdoGf1nDiaQoglj87xpbQDUiciacEdtr1TD5YcGV4IgXYA/0?wx_fmt=jpeg","title":"青览天下——第十二期","desc":"青览天下第十二期来啦~快来看看新闻和了解了解我们身边的榜样吧。","url":"https://mp.weixin.qq.com/s/7Iu6C9FVc1TxD6DsuCe82A"},{"cover":"http://mmbiz.qpic.cn/mmbiz_jpg/rA5uqbJCIC6WhhajibPYSMuoC3QeO7bxy1C8ibhyyYWVjnPZYB6PDibkvtsxaMkdIpdW4mia9TNIV5BiawaqcEiaqBQQ/0?wx_fmt=jpeg","title":"青览天下——第十一期","desc":"青览天下第十一期来啦~快来看看新闻和了解了解我们身边的榜样吧。","url":"https://mp.weixin.qq.com/s/Tu3uYBk6yT-Xcqqc4JU0SA"},{"cover":"http://mmbiz.qpic.cn/mmbiz_jpg/rA5uqbJCIC5mgrQ5ibumZibEib7a87aj3lDs8MBSNcwXdY0nDW7aMhv5j0kh3Fb3zpYW48ARdR1DricG26fZBCHwLg/0?wx_fmt=jpeg","title":"物理学院研究生会改革情况","desc":"物理学院学生研究生会改革情况","url":"https://mp.weixin.qq.com/s/3imyMiijhn8AOehWf9LV_w"},{"cover":"http://mmbiz.qpic.cn/mmbiz_jpg/rA5uqbJCIC5mgrQ5ibumZibEib7a87aj3lD3lyLkJtLG5P4X9ZTAibibBjTIBFq7JXpInzbMZGyQ6ibBeEVPGQiaiaPRicg/0?wx_fmt=jpeg","title":"物理学院学生会改革情况","desc":"物理学院学生会改革情况公示","url":"https://mp.weixin.qq.com/s/7qrt9pJvjR5KsJle42_E8g"},{"cover":"http://mmbiz.qpic.cn/mmbiz_jpg/rA5uqbJCIC6WhhajibPYSMuoC3QeO7bxyuFWo97WdEwhv9BPn6RSuaF5GaLglUXMTq2kPrFZvXiaQ2VMmsVwDpPg/0?wx_fmt=jpeg","title":"青览天下——第十期","desc":"青览天下第十期来啦~快来了解时事新闻和身边的榜样吧！","url":"https://mp.weixin.qq.com/s/5m3iBDHW9aILiedLJbADhA"},{"cover":"http://mmbiz.qpic.cn/mmbiz_jpg/rA5uqbJCIC6WhhajibPYSMuoC3QeO7bxymmnoIzdUxbbsAEHXcoRx3oE69npS6R3MaNJUaLQDKM3BllzZ1SSJsg/0?wx_fmt=jpeg","title":"青览天下——第九期","desc":"青览天下——第九期来啦~快来看看时事新闻和了解我们身边优秀的学长吧~","url":"https://mp.weixin.qq.com/s/nUoRy74VEMmc2vTKzC2auQ"},{"cover":"http://mmbiz.qpic.cn/mmbiz_jpg/rA5uqbJCIC6WhhajibPYSMuoC3QeO7bxySQNJjYsXPFOVh7VJMJaLuJOOGqJKVImEpLl0KTIoumqFKF3ZqIqPyQ/0?wx_fmt=jpeg","title":"青览天下——第八期","desc":"青览天下第八期来啦～快来看看时事新闻和了解我们身边优秀的学姐吧～","url":"https://mp.weixin.qq.com/s/QZzLklSp8T4eU1ARj2jOuw"},{"cover":"http://mmbiz.qpic.cn/mmbiz_jpg/rA5uqbJCIC6WhhajibPYSMuoC3QeO7bxytkC9xNYTMH6cnMvg2rWsSRpnC4uPQB2feJXHAsBale472tvhn2uUTg/0?wx_fmt=jpeg","title":"青览天下——第七期","desc":"青览天下第七期来啦~让我们一起来了解时事新闻和身边优秀的榜样吧~","url":"https://mp.weixin.qq.com/s/siaGSdeQsXZPydVkKIhubw"},{"cover":"http://mmbiz.qpic.cn/mmbiz_jpg/rA5uqbJCIC6WhhajibPYSMuoC3QeO7bxyYeWONiayctgA2EDgvn8Gj4Pkicgia7k0UhUr4wgVGYpsTeNhPhA8Xibj0Q/0?wx_fmt=jpeg","title":"青览天下——第六期","desc":"青览天下第六期来啦~快来了解时事新闻和看看咱们身边优秀的学长吧！","url":"https://mp.weixin.qq.com/s/TgTF9SERdwNKSpVpOE7TZA"},{"cover":"http://mmbiz.qpic.cn/mmbiz_jpg/rA5uqbJCIC6WhhajibPYSMuoC3QeO7bxy1PWZ97UcM4vCNb66kbYV3gmPwicuPzx4QaLDBkvoVmq4ibRpxYHyeGZQ/0?wx_fmt=jpeg","title":"青览天下——第五期","desc":"青览天下第五期来啦！让我们一起来了解时政和认识物理学院的学霸吧~","url":"https://mp.weixin.qq.com/s/PQlJv6ImW7QxnKCWpctSMA"},{"cover":"http://mmbiz.qpic.cn/mmbiz_jpg/rA5uqbJCIC7KGa2geGg3o93Tzjyn5sNHrWmsZaU8pTCMfCXGKfPpCdwQZmhXqicOLr2RO9dZibkZ0e2dibNzs7WWA/0?wx_fmt=jpeg","title":"学四史心向党读书分享——《细节中的新中国史》1977-1983","desc":"学四史，心向党，山河无恙，吾辈当自强！","url":"https://mp.weixin.qq.com/s/3-DulCfIwwn9JqvfL1f-eA"},{"cover":"http://mmbiz.qpic.cn/mmbiz_jpg/rA5uqbJCIC6nj9a7lJzIy3NO3IbUanpvpialIly3gibyib1N0kKpr2fMYhuBWUsbqAT4Ggg7rl96CWuewW65NtHtA/0?wx_fmt=jpeg","title":"学四史心向党读书分享——《细节中的新中国史》1970-1976","desc":"如今已然山河锦绣，国泰民安，但我们仍需时常回顾历史、铭记前辈。今天分享的是《细节中的新中国史》——1970年至1976年。","url":"https://mp.weixin.qq.com/s/UZosTQmPdjlboWmrmtKxWQ"},{"cover":"http://mmbiz.qpic.cn/mmbiz_jpg/rA5uqbJCIC5vickl38MEG6L9bYFcgcNI5jC0C4Ab9PWYja30BlkOHPiabybBSSiaiagdbGVARxHjIia2S88fgqtib7ww/0?wx_fmt=jpeg","title":"课堂新面貌，从黑板开始","desc":"课堂新面貌，从黑板开始","url":"https://mp.weixin.qq.com/s/SJqBH950p0WsNIC63vp2Vg"},{"cover":"http://mmbiz.qpic.cn/mmbiz_jpg/rA5uqbJCIC7bwDcib1bfbHUMiaxxV1Zsp5Z1p7FfUv4UeGYMsgOicVHGBzwoHhdmtWkBHKaT5rZagWIZM2sJ8eL1A/0?wx_fmt=jpeg","title":"物闻速递 || 赛思科普实验室科普视频推送(第二期)顺利进行","desc":"赛思科普实验室科普视频推送(第二期)，大家一起来看一看吧！","url":"https://mp.weixin.qq.com/s/DvWISfekLJJM8zJ9D9i2qw"},{"cover":"http://mmbiz.qpic.cn/mmbiz_jpg/rA5uqbJCIC5X3MgicOULDwMOSKFknBtka8cH9ZeGsvA4z5kbEn7KGibTZJwk3kZQbyib7KV1Q86G4r26Kxqla0ldg/0?wx_fmt=jpeg","title":"物闻速递 || “巧手织繁华，深情献祖国”手工DIY活动顺利举行","desc":"“巧手织繁华，深情献祖国”手工DIY活动顺行，大家快来看看呀~","url":"https://mp.weixin.qq.com/s/LXq-AAJbYqaOfgUgjvECCw"},{"cover":"http://mmbiz.qpic.cn/mmbiz_jpg/rA5uqbJCIC6Zau3BwAGxJppKic1a0JSRyeWIUt4hicrXohH10LFN0yQPKTWxddCrfeU5vZfx5a9O0wGhCFyR1JEw/0?wx_fmt=jpeg","title":"学四史心向党读书分享——《细节中的新中国史》1963-1969","desc":"如今已然山河锦绣，国泰民安，但我们仍需时常回顾历史、铭记前辈。今天分享的是《细节中的新中国史》——1963年至1969年。","url":"https://mp.weixin.qq.com/s/MLG1AqJ_aotEIeGY43ETCw"},{"cover":"http://mmbiz.qpic.cn/mmbiz_jpg/rA5uqbJCIC7eRd31FW89gMJk8AvyVwvf8MzKHYCQicY04Hy9J2Lzlf2RjjQHoCplc1LQk28nUq889GC3NWdcTOQ/0?wx_fmt=jpeg","title":"学四史心向党读书分享——《细节中的新中国史》1956-1962","desc":"如今已然山河锦绣，国泰民安，但我们仍应时常回首历史，铭记前辈。今天要分享的是《细节中的新中国史》——1956年至1962年。","url":"https://mp.weixin.qq.com/s/D0KDB0QusmsPdn_stZxk9w"},{"cover":"http://mmbiz.qpic.cn/mmbiz_jpg/rA5uqbJCIC7eRd31FW89gMJk8AvyVwvfeG5zXymhFC5ZLoqDxwKKneT8bvxwqA9ENdyLQPP7kxtIciaKcKiaOVFw/0?wx_fmt=jpeg","title":"天文知识竞赛重磅来袭！","desc":"天宇协会：期待已久的天文知识竞赛，它来啦~热爱天文的小伙伴们快来参加吧！","url":"https://mp.weixin.qq.com/s/EkwgrNdDDQb_Msqo0ilJPw"},{"cover":"http://mmbiz.qpic.cn/mmbiz_jpg/rA5uqbJCIC4EdgQKFBmibBKosf27qBBJ0eDMDyc4ictGwQ2ejmJqhdw7ukmoYf7MZBey6jzoHHpg3qeDDMJFIk3A/0?wx_fmt=jpeg","title":"绷紧防范之弦，严防网络诈骗","desc":"绷紧防范之弦，严防网络诈骗。近年来，全国多地电信诈骗事件引发广泛关注。","url":"https://mp.weixin.qq.com/s/7xhocmDh6x2yAKzY1SPp0w"},{"cover":"http://mmbiz.qpic.cn/mmbiz_jpg/rA5uqbJCIC7bOmG88ZN9tRP1LROb9LgPWVvo1z36N3fxGxiaAylKxp26xsTFNG29szpkQeF5N2AicDFMQ3yypoEg/0?wx_fmt=jpeg","title":"物闻速递 | 赛思科普实验室科普视频推送(第一期)顺利进行","desc":"2021年9月15日，物理学院团委志愿者工作部完成第一期科普视频推送。快来一起看看吧！","url":"https://mp.weixin.qq.com/s/MsyFPqKTz7LFgYI-R9yyLA"},{"cover":"http://mmbiz.qpic.cn/mmbiz_jpg/rA5uqbJCIC5KGiaWQvQ9fibJXmr3lN2jdOqs3k2ibM5n2zicCmNiciaxibNicALib8Eic4dKjvEu5AKy1N2LYSJcLERiaLvnw/0?wx_fmt=jpeg","title":"学四史心向党读书分享——《细节中的新中国史》1949-1955年","desc":"学四史心向党读书分享——《细节中的新中国史》1949-1955年","url":"https://mp.weixin.qq.com/s/WoA3aRgOrduJ0bff59AW5w"},{"cover":"http://mmbiz.qpic.cn/mmbiz_jpg/rA5uqbJCIC4hvaB2eMwYLABE2kweL8SPVd7lDmwO3zCbHCxaBXxLTtuajGS5yYCCk4ZuQ1KIrApz5r9ypDngiaQ/0?wx_fmt=jpeg","title":"教师节夜话 || 老师们，你们辛苦啦!","desc":"学高为师，身正为范。老师们，你们辛苦啦!","url":"https://mp.weixin.qq.com/s/hbUJK5Qirrd7DhsQofXzxQ"},{"cover":"http://mmbiz.qpic.cn/mmbiz_jpg/rA5uqbJCIC6m2RM0u3ibpnDpBYBLheo0huaTseN8icKt60b2tSThGVc3vuEJAdsNqia0FmPQHp4qO2Oa354A3p3hw/0?wx_fmt=jpeg","title":"迎新特辑 | NO. 5物院学生组织(2)——东师物院学生会、爱心使者团、兴趣协会","desc":"欢迎新同学们加入东北师范大学物理学院，我们为大家准备了迎新特辑，希望能帮助大家更快地了解学院的相关内容!","url":"https://mp.weixin.qq.com/s/_I4pZp2LiFziFMOSIWsHUg"},{"cover":"http://mmbiz.qpic.cn/mmbiz_jpg/rA5uqbJCIC6m2RM0u3ibpnDpBYBLheo0hwStyFAibvm3FiaScmp9CWIVfH18X8Vy0t2A67yGbzw1x2ZkCcprWKh1w/0?wx_fmt=jpeg","title":"迎新特辑 | NO. 4物院学生组织(1)——东师物院团委","desc":"欢迎新同学们加入东北师范大学物理学院，我们为大家准备了迎新特辑，希望能帮助大家更快地了解学院的相关内容!","url":"https://mp.weixin.qq.com/s/J12dSmjDOXhyLCKFpeAP7w"},{"cover":"http://mmbiz.qpic.cn/mmbiz_jpg/rA5uqbJCIC6jkHR89RUia7WQSTAxbtMBqVyeo7ibdrs5b3iaDcQUCjToGrqJzh0VA8snKPHBvVUcsCUiaNoaIZRt3Q/0?wx_fmt=jpeg","title":"迎新特辑 | NO.3 课程与考试的科普","desc":"欢迎新同学们加入东北师范大学物理学院，我们为大家准备了迎新特辑，希望能帮助大家更快地了解学院的相关内容!","url":"https://mp.weixin.qq.com/s/rKn2MiJ5FqGuGBJR-jNTyA"},{"cover":"http://mmbiz.qpic.cn/mmbiz_jpg/rA5uqbJCIC6jkHR89RUia7WQSTAxbtMBqcoPW6XJ5SmaVdlUhDkxu0ezNtGrRoJDaicicI20CyzVqr69vsftGT3HQ/0?wx_fmt=jpeg","title":"迎新特辑 | NO.2 基地班+专业介绍","desc":"欢迎新同学们加入东北师范大学物理学院，我们为大家准备了迎新特辑，希望能帮助大家更快地了解学院的相关内容!","url":"https://mp.weixin.qq.com/s/pSFvjrPdHEZaIWSiye5vgA"},{"cover":"http://mmbiz.qpic.cn/mmbiz_jpg/rA5uqbJCIC6jkHR89RUia7WQSTAxbtMBq7VwBV5y38DRkgnVVz2MUWpQUIY0ibYmjsswpsfQgNDgPfYpHAKmGuhQ/0?wx_fmt=jpeg","title":"迎新特辑 | NO. 1学院基本概况","desc":"欢迎新同学们加入东北师范大学物理学院，我们为大家准备了迎新特辑，希望能帮助大家更快地了解学院的相关内容!","url":"https://mp.weixin.qq.com/s/4K9xSvD6-UqM8Sbo6qFutg"},{"cover":"http://mmbiz.qpic.cn/mmbiz_jpg/rA5uqbJCIC5LekToEPTAibBiciaKXTS0PNyhrZaNhPt501ibpRBjQfXXHymIJasqSDtCWJk43qYsvXIUKqXe4rPL7A/0?wx_fmt=jpeg","title":"“人民教育家”于漪:  一辈子做教师，一辈子学做教师","desc":"“人民教育家”于漪:  一辈子做教师，一辈子学做教师","url":"https://mp.weixin.qq.com/s/3_a32uYkn1LbY1BKtTSPEg"},{"cover":"http://mmbiz.qpic.cn/mmbiz_jpg/rA5uqbJCIC5LekToEPTAibBiciaKXTS0PNyHH0G7nMClicbTm7DyBDJgXwPg1J200eX8g9m07I2EvOG6bia3tibSnNNQ/0?wx_fmt=jpeg","title":"教育系统时代楷模——“太行愚公 科技财神”李保国","desc":"教育系统时代楷模——“太行愚公 科技财神”李保国。让我们一起来看看这位“最美奋斗者”的事迹吧!","url":"https://mp.weixin.qq.com/s/CzWlR-7YrDqsZzA87X1WzA"},{"cover":"http://mmbiz.qpic.cn/mmbiz_jpg/rA5uqbJCIC4yfzO9hSSxELFVBtdrRQfdp2KbKqoHtc7ibZTpVyz6bOpibfgE22z5dFflYIXsQicfdmHLyX3Ah6cxg/0?wx_fmt=jpeg","title":"建党百年读书分享会——《中国共产党简章》第八章","desc":"建党百年读书分享会——《中国共产党简章》第八章","url":"https://mp.weixin.qq.com/s/h2FSQOLTZWPaPpVHFmx90g"},{"cover":"http://mmbiz.qpic.cn/mmbiz_jpg/rA5uqbJCIC6cFBWmjB4ps35FsibO3LksVFGHNWlRfUGB53eDhuKIp4FpxnIqLDicToGgBOHDjmicLp8IIw6JPnXxw/0?wx_fmt=jpeg","title":"2021年下半年征兵来啦~","desc":"秋季征兵号角已吹响，来了解一下大学生应征入伍政策吧!","url":"https://mp.weixin.qq.com/s/f8CqIOiYRJnRmf0tXe43JQ"},{"cover":"http://mmbiz.qpic.cn/mmbiz_jpg/rA5uqbJCIC6aUBPwAmIeyTFs0EibToUeLakvVM6BKlSVl990JGA8EsQaicZMIrAbCMicz0BGfP4pvkVMkZboRlRsw/0?wx_fmt=jpeg","title":"青览天下——第一期","desc":"第一期的青览天下来啦，一起来了解时政并且认识咱们学院的学霸吧~","url":"https://mp.weixin.qq.com/s/2tX0H0x50olm9asuaqmhWA"},{"cover":"http://mmbiz.qpic.cn/mmbiz_jpg/rA5uqbJCIC6aUBPwAmIeyTFs0EibToUeLxqVZ53z8XgLRbYXgeToSibR9HV2wmKJiaKbM5YdNhNcIobTicG4F5UvJg/0?wx_fmt=jpeg","title":"青览天下——第二期","desc":"青览天下第二期来啦~快来看看时事新闻和了解我们身边优秀的学长吧~","url":"https://mp.weixin.qq.com/s/eQoXzme7FIhqLA26xdKnsg"},{"cover":"http://mmbiz.qpic.cn/mmbiz_jpg/rA5uqbJCIC6aUBPwAmIeyTFs0EibToUeLX63Ws4gSIuovEbUh38ltauOctibroLicwy3pXXLnHP7rRgb2wRiaPHiaicA/0?wx_fmt=jpeg","title":"青览天下——第三期","desc":"青览天下第三期来啦!一起来了解时政并且认识咱们学院的学霸吧~","url":"https://mp.weixin.qq.com/s/4FmOTN_-ZElG5ZokIxR9Bw"},{"cover":"http://mmbiz.qpic.cn/mmbiz_jpg/rA5uqbJCIC6kuU9P6zYpu4wZeMhQAI9TiaB0yUrvjvVVcIMjCO2zNwozRss1QAML02ehEpza7rRvia0j7D8n5ObA/0?wx_fmt=jpeg","title":"建党百年读书分享会——《中国共产党简章》第六章","desc":"建党百年读书分享会《中国共产党简章》第六章 值此建党一百周年之际，让我们一起来重温前人对中国发展道路的探索吧。","url":"https://mp.weixin.qq.com/s/bXWyKvMGccw3ASmJERPKEg"},{"cover":"http://mmbiz.qpic.cn/mmbiz_jpg/rA5uqbJCIC5ibqE0ia2WC32pxaLbvHx1kLJ5piamo0oNOlxSPIVnoeN4sDqOPPr03zju5dUox1FUyreCO4KtIID4g/0?wx_fmt=jpeg","title":"建党百年读书分享会——《中国共产党简章》第五章","url":"https://mp.weixin.qq.com/s/6zyI0kpVO-heNNNa5SLYrw"},{"cover":"http://mmbiz.qpic.cn/mmbiz_jpg/rA5uqbJCIC6kuU9P6zYpu4wZeMhQAI9TiaB0yUrvjvVVcIMjCO2zNwozRss1QAML02ehEpza7rRvia0j7D8n5ObA/0?wx_fmt=jpeg","title":"建党百年读书分享会——《中国共产党简章》第六章","desc":"建党百年读书分享会《中国共产党简章》第六章 值此建党一百周年之际，让我们一起来重温前人对中国发展道路的探索吧。","url":"https://mp.weixin.qq.com/s/bXWyKvMGccw3ASmJERPKEg"},{"cover":"http://mmbiz.qpic.cn/mmbiz_jpg/rA5uqbJCIC53KI4ElicGJFk9UQqd3zjW1Kta1TVjkDjiahibbxGDj5MvDpTBK1zibx75wj0jLtA3QicH1xOt97Mq0Gg/0?wx_fmt=jpeg","title":"建党百年读书分享会——《中国共产党简章》第三章","desc":"党的十八大以来，无论是视察革命纪念地，还是出席重大活动、重要会议，习近平总书记多次强调，“历史是最好的教科书”，不仅要学，而且必须学好，力求做到明理、增信、崇德、力行。","url":"https://mp.weixin.qq.com/s/GW7-hsmIiR8G77jBRSVVVA"},{"cover":"http://mmbiz.qpic.cn/mmbiz_jpg/rA5uqbJCIC5oMG2aicib2Hiap6KFGicIhFUdhicfBzeqFx2jyem4kWBuRsh3J83V7zfRTRAOf2al65WcE5zaeerhBsg/0?wx_fmt=jpeg","title":"建党百年读书分享会——《中国共产党简章》第二章","desc":"信仰如旗，凝聚磅礴的力量； 理想如炬，照亮前行的征程.","url":"https://mp.weixin.qq.com/s/aggOYye8PS4v-c6n4eLFeg"},{"cover":"http://mmbiz.qpic.cn/mmbiz_jpg/rA5uqbJCIC6tWuvI70e1ibcAsrmM2KmrX14sMU3Y6z2gsHu1joRNnyGgBqYIH3OtKnC7uKZu7qibEDLT0gmRJhHA/0?wx_fmt=jpeg","title":"建党百年读书分享——《中国共产党简史》第一章","desc":"热烈庆祝建党100周年1921—2021党建100周年1921—20212021年，在建党100周年来临之际2021年，在建党100周年来临之际，我们应重温《中国共产党简史》","url":"https://mp.weixin.qq.com/s/T08Wf1omk9YKZQ0PUnXs2g"},{"cover":"http://mmbiz.qpic.cn/mmbiz_jpg/rA5uqbJCIC7baT1qtKXK9zsIWuIEeKfYZwIlDsJKx2PP6libdNwibrBnv9dWOqCkzy4eoXCEhFpwpbLTRdV5kL0Q/0?wx_fmt=jpeg","title":"“不忘初心，牢记使命”主题微党课","desc":"“不忘初心，牢记使命”主题微党课它从长春的轨道交通变化、“三农”问题和生态文明建设三个方面讲述了党领导下长春的蓬勃发展。","url":"https://mp.weixin.qq.com/s/iUfGI7fU1qIeQcnJ0bHodA"}]}