{"name":"平安东师","detail":"东北师范大学保卫处","desc":"发布安全工作状态、推送安全常识、剖析安全事例、进行互动交流","id":"gh_dd8abfa7985e","logo":"https://mp.innenu.com/img/media/pingan.png","qrcode":"https://mp.innenu.com/img/media/pingan-qrcode.jpg","article":[{"cover":"https://mmbiz.qpic.cn/mmbiz_jpg/E2eJYIhNrsicndWvq0vqvsW5X8Yqqk1gzJfOYDmFpn0yjM4NDy3gHeDQAPvXSolmCFKSNl2nic4NpA5GiaicQCmgRg/0?wx_fmt=jpeg","title":"歼灭火灾中的“隐藏杀手”","desc":"学生宿舍是学生学习生活的主要场所，人员密集，所以一旦发生火灾极易造成财产损失和人员伤亡。下面是小编整理的宿舍发生火灾的主要原因及预防措施，希望能给大家带来帮助!","url":"https://mp.weixin.qq.com/s/ULdV7nfqzyvpWyn9VuWyiA"},{"cover":"https://mmbiz.qpic.cn/mmbiz_jpg/E2eJYIhNrsibl6YIaGY9QThY5DrRB6AtpRh8yeq8IGKZNOcdefeFqw3b1XwgTm4QHGfvI8nWmX2eZR4xl0cic7Nw/0?wx_fmt=jpeg","title":"新生入学，防诈骗指南你值得拥有","desc":"九月开学季，东北师范大学也迎来了新生报到。对于新生来说，除了准备迎接即将开始的全新学习和生活外，还要面对各种考验，特别是要学习如何鉴别不法分子的花言巧语，不被他们精心编造的谎言蒙蔽避免上当受骗","url":"https://mp.weixin.qq.com/s/rF_s4MX3gZr2kMBY7UyIBw"},{"cover":"https://mmbiz.qpic.cn/mmbiz_jpg/E2eJYIhNrs8wVEJNOe6oqXsaAhoulB0gkOnvZRUTsA0glrcUfjdlMVZzWQAGWWlQibTicF3YUwF5UBeTSrpw5q3Q/0?wx_fmt=jpeg","title":"校园安全|运动会安全小贴士","desc":"一年一度的校运动会明天就要开始啦!不论是蓄势待发的运动健儿还是呐喊助威的比赛观众，大家都对这次运动会满心期待。那么在运动会中又有哪些注意事项呢? 快收下这份运动会安全小贴士吧!","url":"https://mp.weixin.qq.com/s/srlZIFc9clC5MD2KQFMBgQ"},{"cover":"https://mmbiz.qpic.cn/mmbiz_jpg/E2eJYIhNrsib2CNIYLM4HZjIvowVvUVfZvseJZQA2ibReCN6mcCIW6PV1g1CZJJbVb2gjVq2YRBfnflicNTGLk8Vw/0?wx_fmt=jpeg","title":"看骗子如何5分钟赚到10万元!","desc":"视频还原真实的诈骗过程~","url":"https://mp.weixin.qq.com/s/M5hwmU9Y8n0oFuj0QEL0zg"},{"cover":"https://mmbiz.qpic.cn/mmbiz_jpg/E2eJYIhNrs8VKB4vZmyfJJeX8icfyzBtV0rItj3PrMDNNnPiaB7NBLbs61Xg7jXDwCibrVwZOvFbYHKkp6Zdgl3ibg/0?wx_fmt=jpeg","title":"最新疫苗诈骗!你中招了吗?","desc":"最新疫苗诈骗!你中招了吗?","url":"https://mp.weixin.qq.com/s/cPVt9t4Tx_leP2gZJ0CvZA"},{"cover":"https://mmbiz.qpic.cn/mmbiz_jpg/E2eJYIhNrsibWwuXiaSicvTD9wjOEC0BIIS7VE8Z7z9hYus2DAgAb9t8egrBBX5ibLlZmQNakrcQCYCF0ia08JvtJWA/0?wx_fmt=jpeg","title":"虚假购物诈骗防范指南","desc":"网络购物逐渐普及，在给人们带来方便、快捷、高效的同时，互联网的虚拟性使其相比传统购物具有更高的风险，网购引起的诈骗案件也越来越多。","url":"https://mp.weixin.qq.com/s/OBH9aYfGpleN2_U4iyqccA"},{"cover":"https://mmbiz.qpic.cn/mmbiz_jpg/E2eJYIhNrsibAemo9iaIxzKjKRCUowZEQI4dFjmXNelYzmQdWXITYCdw6GuMs6DUAYHhtoGpv5xHJKT8peVvj1EQ/0?wx_fmt=jpeg","title":"遇到极端天气，这份自救指南需要了解!","desc":"夏季是极端天气频发的季节。当极端天气来临，我们该如何应对?","url":"https://mp.weixin.qq.com/s/IN3loTAzcQ2kByTyWvR9OA"},{"cover":"https://mmbiz.qpic.cn/mmbiz_jpg/E2eJYIhNrs9pKTsqc17bMkcRSEMCPl6e1tt42sen3a1XZDwpMII1BWrZynSy65I5rZlUueCr0F8k9vVL9HSL9g/0?wx_fmt=jpeg","title":"校园安全|安全用电常识","desc":"夏季用电高峰即将到来，超负荷用电造成的故障频频发生，如果不懂得安全用电知识就容易造成触电身亡、电气火灾、电器损坏等意外事故。那么，安全用电应该注意什么呢?","url":"https://mp.weixin.qq.com/s/Vw8V83NYwuNoOUd4KWUc7Q"},{"cover":"https://mmbiz.qpic.cn/mmbiz_jpg/E2eJYIhNrsibEDRKicZDy9dfzMGSh2JGPYib3KHtUTGuanhYMyr6Okic0z2tu6YP6D1S5mQxkbuvJsVlMrFud7gthw/0?wx_fmt=jpeg","title":"防灾减灾，从我做起","desc":"全国防灾减灾日是经中华人民共和国国务院批准而设立，自2009年起，每年5月12日为全国防灾减灾日。一方面顺应社会各界对中国防灾减灾关注的诉求，另一方面提醒国民前事不忘、后事之师，更加重视防灾减灾，努力减少灾害损失。","url":"https://mp.weixin.qq.com/s/2SGeW9gb_T6Fgi_intqYCQ"},{"cover":"https://mmbiz.qpic.cn/mmbiz_jpg/E2eJYIhNrs8G4ZIzQibWQhFAHDFkrdUZ5qsCIkXz4GmCo1XGKEwkibC3ukUZR0ovBTQvJKIbeeM1UYbNmZkPeV1Q/0?wx_fmt=jpeg","title":"@所有人，权威反诈神器上线啦!","desc":"@所有人，权威反诈神器上线啦!","url":"https://mp.weixin.qq.com/s/QkAK8mTsetja-s2-LGvHFw"},{"cover":"https://mmbiz.qpic.cn/mmbiz_jpg/E2eJYIhNrs9DMgsL4RuGoRJOBdrBQFAQ0mS8MbmxXJL5icibrtHF8bUB7ATgPZRKaEZn5UOVApsqv9tt5etpXVWQ/0?wx_fmt=jpeg","title":"警报拉响丨警惕校园兼职骗局","desc":"进入大学，有了更多的自由时间，不少同学抱着补贴日常开支、丰富社会经验等想法寻求课外兼职。初心虽好，但求职路上也布满了骗局和陷阱，一旦入“局”，得不偿失。所以接下来小编要教教你们如何防止被骗。","url":"https://mp.weixin.qq.com/s/Htk0b4gzTL6DLrVGG7ykfQ"},{"cover":"https://mmbiz.qpic.cn/mmbiz_jpg/E2eJYIhNrsibpbDoEb8DyKuK8vSg9h2KINvfdLRtibgn4PQpJyLrMiaCfibxuiagz9SVtRwUdkVs5o9UX0iblk4DsF0g/0?wx_fmt=jpeg","title":"树牢安全意识 健康平安度假期","desc":"根据《国务院办公厅关于2021年部分节假日安排的通知》，2021年五一放假时间为5月1日(星期六)至5月5日(星期三)5天。“五一”假期即将到来，为确保同学们的安全，在这里温馨提醒大家要格外注意疫情防控、交通安全、消防安全，做到文明出游。","url":"https://mp.weixin.qq.com/s/kdPlQPZegb3dZkJnNZQfwQ"},{"cover":"https://mmbiz.qpic.cn/mmbiz_jpg/E2eJYIhNrs9vvhZAzlLH2uNpkRBUVW0A7rGKOVxmnjMGkSoBKdlJnT9S2nDWO3D3th2hpmX7ibOlLzWJHhXczyw/0?wx_fmt=jpeg","title":"春季校园安全，防患于未“燃”","desc":"春季校园安全，防患于未“燃”","url":"https://mp.weixin.qq.com/s/lKffXN6Y1lxMlpuCpTK3ng"},{"cover":"https://mmbiz.qpic.cn/mmbiz_jpg/E2eJYIhNrs9oibJfz5HTLiampX2XKKCyZ6g6ngYrVzibaIBw5jBGAw63fiawVQdRp0th2EB2gRPAr1FrftHXXlibzzQ/0?wx_fmt=jpeg","title":"国家安全教育|国家安全法","desc":"东师的小伙伴们，你们知道什么是《国家安全法》吗?今天，让我们一起来了解一下吧!","url":"https://mp.weixin.qq.com/s/jVcHQ0FcBa9XSH9MUqIs8A"},{"cover":"https://mmbiz.qpic.cn/mmbiz_jpg/E2eJYIhNrs87b1aF9DFia9Sr11AHVbCJdVD1hRibOdFJBSyxtcibKXMOrXmUia6bKZE2HicPrav1LwdYicAaGGDTbkbA/0?wx_fmt=jpeg","title":"国家安全教育|反间谍法","desc":"2021·4.152014年11月1日 第十二届全国人民代表大会常务委员会第十一次会议通过《中华人民共和国反","url":"https://mp.weixin.qq.com/s/iEzG_vRy-ppIum0xZXUYcg"},{"cover":"https://mmbiz.qpic.cn/mmbiz_jpg/E2eJYIhNrs87b1aF9DFia9Sr11AHVbCJdjs0TJUWOJs7fEjvNE1TSrJNibD6RqFY0ibnRibXD4rkia1jITOvlXfppAw/0?wx_fmt=jpeg","title":"国家安全教育|十个坚持","url":"https://mp.weixin.qq.com/s/-sEdsd2X5ZWz5MIW3Pn-WA"},{"cover":"https://mmbiz.qpic.cn/mmbiz_jpg/E2eJYIhNrs9oibJfz5HTLiampX2XKKCyZ6mRqKa4ibIfowiat34PHzLDRwJgaUGv5wSgZtrOK7SicBibYTUQOK2GSTIg/0?wx_fmt=jpeg","title":"国家安全教育|总体国家安全观","desc":"2021年4月15日是我们的第6个全民国家安全教育日。那么同学们你对国家安全教育日了解多少呢 ?","url":"https://mp.weixin.qq.com/s/8ZNyyVh6EzVb1guXAHvOCQ"},{"cover":"https://mmbiz.qpic.cn/mmbiz_jpg/E2eJYIhNrs9brZzwsibsv7uAQOMiao0Hz8TEeUnZ8RHMW2LQtfiayDH5vYpGawHlqGjfqDXcp4TaodgoicjMkedeCw/0?wx_fmt=jpeg","title":"树立理性消费观念 谨防过度借贷","url":"https://mp.weixin.qq.com/s/OFHWEBMtPMfdlr0buUD5OA"},{"cover":"https://mmbiz.qpic.cn/mmbiz_jpg/E2eJYIhNrs85d5gxGOibKN5tSibDWnjzFejjB4zpbGfg5ibO5AHxbHJxI42NgmTLxMYkFLu9P6W6rdkQW2lWtlrSQ/0?wx_fmt=jpeg","title":"关于调整校门通行管理及优化外来人员入校备案流程的提示","desc":"关于调整校门通行管理及优化外来人员入校备案流程的提示","url":"https://mp.weixin.qq.com/s/EMdHG0eCZPx0x2Dh5JE7gA"},{"cover":"https://mmbiz.qpic.cn/mmbiz_jpg/E2eJYIhNrs9cYph6GGURbGZpOYoicQJLAsN9W7Sm7JiaLVz9c72D8ehqDQ1wgm9vMHC315R5g8YMcXTib5fRPI7iaA/0?wx_fmt=jpeg","title":"寝室用电安全小贴士~~~请签收!","desc":"寝室用电安全小贴士~~~请签收!","url":"https://mp.weixin.qq.com/s/thLIYM4A2bn9bkg-ZYtW-A"},{"cover":"https://mmbiz.qpic.cn/mmbiz_jpg/E2eJYIhNrsicSsCLiczZlF3Lw9N5rCpnOQMV7Q31rNWk3ohX3rldiaNPegoGFnj1mIJsgFmgwzOp7OohdOxOX0ibicQ/0?wx_fmt=jpeg","title":"校园防盗安全小贴士","desc":"随着经济的不断发展，当代大学生手中的零用钱越来越多，手机、笔记本电脑等一应俱全。这就使社会上不法分子把目光盯住高校，有的抢劫、盗窃团伙专“吃”高校。所以，校园防盗是我们应时刻注意的话题，预防和打击校园盗窃也是每个在校学生应尽的责任和义务。","url":"https://mp.weixin.qq.com/s/72D8aMlTxsBbmc0KjT53Vg"},{"cover":"https://mmbiz.qpic.cn/mmbiz_jpg/E2eJYIhNrs85xj8NeJo8UVWDhYbu0yJMwVZeZYBwskFQ9XN5aqQE50cPNZK709o27ibKBZ7JDQTJYhhapibzGK1g/0?wx_fmt=jpeg","title":"”双十一”防骗宝典，几招帮你轻松破解难题","desc":"”双十一”防骗宝典，几招帮你轻松破解难题","url":"https://mp.weixin.qq.com/s/UVYX_gp2t-7z5T53rxkyGQ"},{"cover":"https://mmbiz.qpic.cn/mmbiz_jpg/E2eJYIhNrsicvN0anicpXBoq8xeBIIaYy2vHCO92kumdExR2osCmtLgmE4v40c0SP0SFZBy64D0ic2LmeF1PcX73g/0?wx_fmt=jpeg","title":"关于电信诈骗的这些知识，你get了吗?","desc":"随着社会信息化的不断发展，人们的生活越来越便捷，但是也带来了不少的问题，电信诈骗就是其中比较严重的问题。如今","url":"https://mp.weixin.qq.com/s/OyVjWp8y1_k4isPhuet5Fg"},{"cover":"https://mmbiz.qpic.cn/mmbiz_jpg/E2eJYIhNrsibWUWtQNrBNnOt3NyibiaW2TnBIzgCbVMNjkQbm9icsk99DjbicoXIlibicqBFWCAuEibFpkqt6cDTxYpD2g/0?wx_fmt=jpeg","title":"警惕“校园贷”诈骗!","desc":"警惕“校园贷”诈骗!","url":"https://mp.weixin.qq.com/s/GZ43R4oyzn7tvAPhWvzzzw"},{"cover":"https://mmbiz.qpic.cn/mmbiz_jpg/E2eJYIhNrsib1eoFsz5AsAaIaJbmbNd6icVAkjsGWGgf9fCIRI8uiaE7bBIoKLAJ9NmwI13tsXfHbg8PIPhlzQibYg/0?wx_fmt=jpeg","title":"疫情防控，不可掉以轻心!","desc":"疫情防控不可掉以轻心","url":"https://mp.weixin.qq.com/s/YnswfHFOih_bdYeXHrz8tA"},{"cover":"https://mmbiz.qpic.cn/mmbiz_jpg/E2eJYIhNrs8E9EgpN0RltjCfuCHBMd15Qzy4k7AcJ1GKr1qLhs53Q96HlIzicV2Oa4JR4pmQdER8beN7tg23FFQ/0?wx_fmt=jpeg","title":"秋冬保暖安全小贴士","desc":"秋冬保暖安全小贴士","url":"https://mp.weixin.qq.com/s/ZVPe86YdOxKIU1VI_vObHQ"},{"cover":"https://mmbiz.qpic.cn/mmbiz_jpg/E2eJYIhNrs8YVeXqQaibBibl5ooquSQck5oXsSl67vNuw2ib3Jqv7sqEUh9Bia0CvNPrnjOaiaACzOmpRfTCcpslfIA/0?wx_fmt=jpeg","title":"关于防范电信诈骗的安全提示","desc":"关于防范电信诈骗的安全提示","url":"https://mp.weixin.qq.com/s/koC5prX2ixUsBQRoTSKhUw"}]}