{"title":"本科交流成绩认定","author":"Mr.Hope","time":"2021年11月23日","shareable":true,"cite":["http://my.nenu.edu.cn/hallIndex/showAppDetail?appid=828f1a1464ce4d5c8a40ff9c58624992"],"content":[["title",{"text":"执行流程"}],["img",{"src":"https://mp.innenu.com/img/action/exchange-score.jpg"}],["title",{"text":"申报材料"}],["ol",{"text":["成绩单原件及复印件；","国际合作与交流处相关证明(境外交流学生需提供)"]}],["title",{"text":"相关内容"}],["list",{"header":false,"content":[{"text":"本科交流成绩认定","desc":"制作中","path":"guide/system/under/index"}]}]],"id":"guide/action/under/exchange-score","images":["https://mp.innenu.com/img/action/exchange-score.jpg"]}