{"title":"本科生服务办理","author":"Mr.Hope","time":"2022 年 6 月 27 日","grey":true,"shareable":true,"content":[{"tag":"list","header":"东师日常","items":[{"text":"障碍报修","icon":"repair","path":"guide/action/repair"},{"text":"班车激活","icon":"bus","path":"guide/action/bus"}]},{"tag":"list","header":"学习相关","items":[{"text":"本科生选课","icon":"select","path":"guide/action/under/select"},{"text":"本科生补考、免修","icon":"exemption","path":"guide/action/under/exemption"},{"text":"本科生缓考","icon":"time","path":"guide/action/under/aftertake"},{"text":"本科生试卷查阅","icon":"search","path":"guide/action/under/paper-recheck"},{"text":"本科生转专业","icon":"degree","path":"guide/action/under/change-major"},{"text":"本科交流成绩认定","icon":"change","path":"guide/action/under/exchange-score"},{"text":"本科入学资格复查","icon":"plan","path":"guide/action/under/inter-check"},{"text":"本科生处分","icon":"punish","path":"guide/action/under/sanction"},{"text":"本部图书馆学术沙龙座位预约","icon":"time","path":"guide/action/benbu-salon"},{"text":"毕业生图书馆离校手续办理","icon":"leave","path":"guide/action/library-leave"}]},{"tag":"list","header":"证件与材料","items":[{"text":"本科学生证补办","icon":"lost","path":"guide/action/under/student-id"}]}],"cite":[],"id":"guide/action/under/index"}