{"title":"经济与管理学院","grey":true,"author":"Mr.Hope","time":"2021年11月22日","shareable":true,"content":[["account",{"name":"经济与管理学院","logo":"https://mp.innenu.com/img/media/economic.jpg","detail":"东北师范大学经济与管理学院","wxid":"nenubs","wxcode":"https://mp.innenu.com/img/media/economy-qrcode.jpg","account":"economy","location":{"latitude":43.82776,"longitude":125.42727},"site":"https://bs.nenu.edu.cn/"}],["list",{"content":[{"text":"学院简介","icon":"about","path":"intro/school/economy/intro"},{"text":"专业介绍","icon":"intro","path":"intro/school/economy/enroll"}]}]],"cite":[],"id":"intro/school/economy/index"}