{"title":"转专业","author":"Mr.Hope","time":"2021年11月19日","shareable":true,"content":[{"tag":"title","text":"本科生转专业"},{"tag":"list","content":[{"text":"相关公告","desc":"2021年","icon":"notice","path":"guide/change-major/notice"},{"text":"全日制本科生转专业实施办法","desc":"官方文件","icon":"contract","path":"guide/change-major/rule"},{"text":"本科生转专业实施办法解读","icon":"intro","path":"guide/change-major/explain"},{"text":"本科生转专业执行流程","icon":"flow","path":"guide/change-major/flow"},{"text":"本科生转专业准入细则","icon":"alert","path":"guide/change-major/requirement"},{"text":"常见问题","icon":"faq","path":"guide/change-major/faq"},{"text":"Mr.Hope の个人建议","icon":"idea","path":"guide/change-major/advice"}]},{"tag":"title","text":"转专业公示名单"},{"tag":"text","type":"info","text":["以下信息为“公开公示信息”，不涉及到个人隐私之说，仅供热门专业、人数的参考。"]},{"tag":"doc","name":"2021年转专业公示名单","url":"https://mp.innenu.com/file/study/switch-major-2021.xlsx","icon":"xls"},{"tag":"doc","name":"2020年转专业公示名单","url":"https://mp.innenu.com/file/study/switch-major-2020.xlsx","icon":"xls"}],"images":[],"id":"guide/change-major/index","scopeData":{"@type":"general","uniq_id":"guide/change-major/index","title":"转专业","digest":"以下信息为“公开公示信息”，不涉及到个人隐私之说，仅供热门专业、人数的参考。","thumbs":["https://mp.innenu.com/img/inNENU.jpg"],"tags":["本科生转专业","转专业公示名单"]}}