{"title":"各专业转入要求","author":"Mr.Hope","shareable":true,"content":[{"tag":"text","type":"danger","text":["尽管每年大部分学院都不会对转入要求做大范围改变，但每年总体上一定会有一定的变动。","Mr.Hope 不保证第一时间关注并摘录“所有学院、所有专业”的更新内容。请自行关注逆转入专业的学院官网通知，并已通知为准!"]},{"tag":"title","text":"2021年发布内容"},{"tag":"list","header":false,"content":[{"text":"心理学院","icon":"psycholog","path":"intro/school/psychology/into"}]},{"tag":"title","text":"历史文件"},{"tag":"doc","name":"各专业准入细则 (2017)","url":"https://mp.innenu.com/file/study/switchMajor.pdf","icon":"pdf"}],"images":[],"id":"guide/change-major/requirement","scopeData":{"@type":"general","uniq_id":"guide/change-major/requirement","title":"各专业转入要求","digest":"尽管每年大部分学院都不会对转入要求做大范围改变，但每年总体上一定会有一定的变动。 Mr.Hope 不保证第一时间关注并摘录“所有学院、所有专业”的更新内容。请自行关注逆转入专业的学院官网通知，并已通知为准!","thumbs":["https://mp.innenu.com/img/inNENU.jpg"],"tags":["2021年发布内容","历史文件"]}}