{"title":"本部创新创业类社团","desc":"社团名录来自学生社团发展管理中心","author":"Mr.Hope","time":"2021年11月22日","grey":true,"shareable":true,"content":[{"tag":"list","items":[{"text":"5A 职业发展协会","icon":"https://mp.innenu.com/img/association/5Alogo.png","path":"guide/association/job/5a"},{"text":"“V·梦” 创新创业协会","path":"guide/association/job/vdream"}]},{"tag":"functional-list","header":"欢迎社团入驻本页面","items":[{"text":"联系 Mr.Hope","icon":"contact","type":"button","openType":"contact","env":["wx"]},{"text":"联系 Mr.Hope","icon":"contact","type":"button","openType":"addFriend","openId":"868D7B2F0C609B4285698EAB77A47BA1","env":["qq"]}]}],"cite":[],"id":"guide/association/job/benbu"}