{"title":"东师指南","id":"guide","grey":true,"hidden":true,"content":[{"tag":"grid","header":"你好东师","content":[{"text":"入学准备","color":"red","name":"Prepare","icon":"prepare","path":"guide/prepare/index"},{"text":"新生入学教育","color":"blue","name":"Edu Course","icon":"study","path":"guide/yiban/index"},{"text":"疫情相关","color":"mauve","name":"Epidemic","icon":"virus","path":"guide/epidemic/index"},{"text":"需带物品","color":"olive","name":"Necessity","icon":"necessity","path":"guide/necessity/index"},{"text":"到校路线","color":"grey","name":"Arrival","icon":"locate","path":"guide/arrival/index"},{"text":"新生报到","color":"orange","name":"Check","icon":"check","path":"guide/check/index"},{"text":"入学活动","color":"purple","name":"Activity","icon":"activity","path":"guide/activity/index"},{"text":"常见问题","color":"cyan","name":"FAQ","icon":"faq","path":"guide/faq/index"}]},{"tag":"grid","header":"行在东师","content":[{"text":"校园卡","color":"red","name":"Card","icon":"card","path":"guide/card/index"},{"text":"账户","color":"blue","name":"Account","icon":"authorize","path":"guide/account/index"},{"text":"校园网","color":"purple","name":"Network","icon":"network","path":"guide/network/index"},{"text":"E起战疫","color":"grey","name":"MiniApp","icon":"miniapp","path":"guide/miniapp/index"},{"text":"学费缴纳","color":"olive","name":"Pay","icon":"money","path":"guide/pay/index"},{"text":"规章制度","color":"orange","name":"Rule","icon":"rule","path":"guide/rule/index"},{"text":"常见服务","color":"mauve","name":"Service","icon":"service","path":"guide/action/index"}]},{"tag":"grid","header":"东师日常","content":[{"text":"寝室","color":"blue","name":"Dorm","icon":"dorm","path":"guide/dorm/index"},{"text":"食堂","color":"orange","name":"Dining","icon":"dining","path":"guide/dining/index"},{"text":"快递","color":"mauve","name":"Express","icon":"express","path":"guide/express/index"},{"text":"超市","color":"olive","name":"Shop","icon":"shop","path":"guide/shop/index"},{"text":"洗浴","color":"red","name":"Bath","icon":"bath","path":"guide/bath/index"},{"text":"生活","color":"purple","name":"Life","icon":"life","path":"guide/life/index"},{"text":"小贴士","color":"bule","name":"Tips","icon":"idea","path":"guide/tip/index"},{"text":"交通出行","color":"grey","name":"Traffic","icon":"traffic","path":"guide/traffic/index"}]},{"tag":"grid","header":"学在东师","content":[{"text":"学位","color":"blue","name":"Course","icon":"degree","path":"guide/degree/index"},{"text":"专业介绍","color":"olive","name":"Major","icon":"about","path":"intro/school/major"},{"text":"转专业","color":"red","name":"Change Major","icon":"change","path":"guide/change-major/index"},{"text":"师范生","color":"purple","name":"Normal","icon":"teacher","path":"guide/normal/index"},{"text":"课程","color":"orange","name":"Course","icon":"content","path":"guide/course/index"},{"text":"学习","color":"mauve","name":"Study","icon":"study","path":"guide/study/index"},{"text":"选课","color":"cyan","name":"Select","icon":"select","path":"guide/select/index"},{"text":"图书馆","color":"blue","name":"Library","icon":"library","path":"intro/apartment/library/index"},{"text":"校内考试","color":"olive","name":"Test","icon":"test","path":"guide/test/index"},{"text":"国家考试","color":"cyan","name":"Exam","icon":"exam","path":"guide/exam/index"},{"text":"教务系统","color":"red","name":"System","icon":"system","path":"guide/system/index"}]},{"tag":"grid","header":"乐在东师","content":[{"text":"学生组织","color":"blue","name":"Orgnazation","icon":"student-org","path":"guide/organization/index"},{"text":"社团","color":"orange","name":"Association","icon":"association","path":"guide/association/index"},{"text":"吃喝玩乐","color":"purple","name":"Nearby","icon":"nearby","path":"guide/life/nearby/index"}]},{"tag":"grid","header":"再见东师","content":[{"text":"就业","color":"blue","name":"Job","icon":"job","path":"guide/job/index"},{"text":"档案","color":"purple","name":"Archive","icon":"archive","path":"guide/archive/index"}],"footer":" "}],"scopeData":{"@type":"general","uniq_id":"guide","title":"东师指南","digest":"","thumbs":["https://mp.innenu.com/img/inNENU.jpg"],"tags":["东师指南"]}}