{"title":"本部学术科技类社团","desc":"社团名录来自学生社团发展管理中心","author":"Mr.Hope","time":"2021年9月25日","grey":true,"shareable":true,"content":[{"tag":"list","content":[{"text":"天宇协会","path":"guide/association/study/astronomy"},{"text":"物院教师技能协会","path":"guide/association/study/teach"},{"text":"科技爱好者协会","path":"guide/association/study/technology"},{"text":"物理学术竞赛协会","path":"guide/association/study/phy-contest"},{"text":"数学建模协会","path":"guide/association/study/math-modal"},{"text":"乐群协会","path":"guide/association/study/lequn"},{"text":"D.N.A协会","path":"guide/association/study/dna"}]},{"tag":"functional-list","header":"欢迎社团入驻本页面","content":[{"text":"联系 Mr.Hope","icon":"contact","type":"button","openType":"contact","env":["wx"]},{"text":"联系 Mr.Hope","icon":"contact","type":"button","openType":"addFriend","openId":"868D7B2F0C609B4285698EAB77A47BA1","env":["qq"]}]}],"id":"guide/association/study/benbu","scopeData":{"@type":"general","uniq_id":"guide/association/study/benbu","title":"本部学术科技类社团","digest":"","thumbs":["https://mp.innenu.com/img/inNENU.jpg"],"tags":["本部学术科技类社团"]}}