{"title":"NCRE","author":"Mr.Hope","time":"2021年11月28日","grey":true,"shareable":true,"content":[{"tag":"list","items":[{"text":"NCRE 介绍","icon":"intro","path":"guide/exam/ncre/intro"},{"text":"考试大纲","icon":"rule","path":"guide/exam/ncre/outline"}]},{"tag":"list","header":"考试等级","items":[{"text":"计算机二级","icon":"pc","path":"guide/exam/ncre/ncre2"},{"text":"计算机三级","icon":"pc","path":"guide/exam/ncre/ncre3"},{"text":"计算机四级","icon":"pc","path":"guide/exam/ncre/ncre4"}]},{"tag":"list","items":[{"text":"常见问题","icon":"faq","path":"guide/exam/ncre/faq"}]}],"cite":[],"id":"guide/exam/ncre/index"}