{"title":"NCRE 考试大纲","author":"Mr.Hope","time":"2021年9月6日","shareable":true,"content":[{"tag":"title","text":"一级"},{"tag":"doc","name":"一级计算机基础及WPS Office应用考试大纲 (2021年版)","url":"http://ncre.neea.edu.cn/res/Home/2012/de6aaa36c89f9f42d2d026b9116c9c3b.pdf","icon":"pdf"},{"tag":"doc","name":"一级计算机基础及MS Office应用考试大纲 (2021年版)","url":"http://ncre.neea.edu.cn/res/Home/2012/f891645a96d29fead2cc6d39aefc5103.pdf","icon":"pdf"},{"tag":"doc","name":"一级计算机基础及Photoshop应用考试大纲 (2018年版)","url":"http://ncre.neea.edu.cn/res/Home/2012/ad816220c6244542ef5596a917def18d.pdf","icon":"pdf"},{"tag":"doc","name":"一级网络安全素质教育考试大纲 (2019年版)","url":"http://ncre.neea.edu.cn/res/Home/2012/1e8b777b5572b9519f6d2995b81ab237.pdf","icon":"pdf"},{"tag":"title","text":"二级"},{"tag":"doc","name":"二级公共基础知识考试大纲 (2020年版)","url":"http://ncre.neea.edu.cn/res/Home/2012/9adc1968a6fbad1a955285ef82b64af9.pdf","icon":"pdf"},{"tag":"doc","name":"二级C语言程序设计考试大纲 (2018年版)","url":"http://ncre.neea.edu.cn/res/Home/2012/8c2d01f0968f3aa1224f500000a0ce4f.pdf","icon":"pdf"},{"tag":"doc","name":"二级Java语言程序设计考试大纲 (2018年版)","url":"http://ncre.neea.edu.cn/res/Home/2012/7eba317442f41ca98e6b9a5524f02762.pdf","icon":"pdf"},{"tag":"doc","name":"二级Access数据库程序设计考试大纲 (2021年版)","url":"http://ncre.neea.edu.cn/res/Home/2012/8da820325943c685497d94c65a2d3e5e.pdf","icon":"pdf"},{"tag":"doc","name":"二级C++语言程序设计考试大纲 (2018年版)","url":"http://ncre.neea.edu.cn/res/Home/2012/ac9a46576cc88d4c751877c1ecd5cc97.pdf","icon":"pdf"},{"tag":"doc","name":"二级MySQL数据库程序设计考试大纲 (2018年版)","url":"http://ncre.neea.edu.cn/res/Home/2012/cc403d08b4dd934a91f495dc4bfdca27.pdf","icon":"pdf"},{"tag":"doc","name":"二级Web程序设计考试大纲 (2018年版)","url":"http://ncre.neea.edu.cn/res/Home/2012/f483fd98c94302792e9b8e1218f59c03.pdf","icon":"pdf"},{"tag":"doc","name":"二级MS Office高级应用与设计考试大纲 (2021年版)","url":"http://ncre.neea.edu.cn/res/Home/2012/af7838a761d65023466a417e4ad461d7.pdf","icon":"pdf"},{"tag":"doc","name":"二级Python语言程序设计考试大纲 (2018年版)","url":"http://ncre.neea.edu.cn/res/Home/2012/c707e8b7df16fc622921481aca19ed6a.pdf","icon":"pdf"},{"tag":"doc","name":"二级WPS Office高级应用与设计考试大纲 (2021年版)","url":"http://ncre.neea.edu.cn/res/Home/2012/b278fc6a9b26c18589f505629968226b.pdf","icon":"pdf"},{"tag":"title","text":"三级"},{"tag":"doc","name":"三级网络技术考试大纲 (2018年版)","url":"http://ncre.neea.edu.cn/res/Home/2012/425db3316d1b0177c83eae11cd303e84.pdf","icon":"pdf"},{"tag":"doc","name":"三级数据库技术考试大纲 (2018年版)","url":"http://ncre.neea.edu.cn/res/Home/2012/d272b1ef89b3832235ad6bb3be802a91.pdf","icon":"pdf"},{"tag":"doc","name":"三级信息安全技术考试大纲 (2018年版)","url":"http://ncre.neea.edu.cn/res/Home/2012/f9273eebb74278c0ac4a46df568ddedc.pdf","icon":"pdf"},{"tag":"doc","name":"三级嵌入式系统开发技术考试大纲 (2018年版)","url":"http://ncre.neea.edu.cn/res/Home/2012/881297f0f7d1738613b1115bd0bea2a0.pdf","icon":"pdf"},{"tag":"doc","name":"三级Linux应用与开发技术考试大纲 (2021年版)","url":"http://ncre.neea.edu.cn/res/Home/2012/70a833c7b9365447fef1892120cb60f6.pdf","icon":"pdf"},{"tag":"title","text":"四级"},{"tag":"doc","name":"四级操作系统原理考试大纲 (2018年版)","url":"http://ncre.neea.edu.cn/res/Home/2012/dd5b695d405040af8efd0b83aaa09b59.pdf","icon":"pdf"},{"tag":"doc","name":"四级计算机组成与接口考试大纲 (2018年版)","url":"http://ncre.neea.edu.cn/res/Home/2012/308eab139cd8b1d4e6e903847ee367f6.pdf","icon":"pdf"},{"tag":"doc","name":"四级计算机网络考试大纲 (2018年版)","url":"http://ncre.neea.edu.cn/res/Home/2012/01a21441a9fc8ae587ead183b92785b6.pdf","icon":"pdf"},{"tag":"doc","name":"四级数据库原理考试大纲 (2018年版)","url":"http://ncre.neea.edu.cn/res/Home/2012/60da51237285649b79b98e6f5db60d74.pdf","icon":"pdf"}],"cite":[],"id":"guide/exam/ncre/outline"}