{"title":"班车授权","author":"Mr.Hope","time":"2021年11月23日","shareable":true,"cite":["http://my.nenu.edu.cn/hallIndex/showAppDetail?appid=e59a8ef295024c0ea187a9a271a5551d"],"content":[["title",{"text":"跨校区上课的在校学生"}],["ol",{"text":["填写《东北师范大学班车刷卡授权申请表》(个人)","开具学校教务部门(教务处或研究生院)盖章的课程证明","持校园卡、课程证明与《申请表》至后勤管理处进行授权","到自助终端机上激活后即可刷卡乘车"]}],["text",{"type":"info","heading":"课程证明","text":["课程证明可以直接在教学服务自助终端机上打印。","本科生和研究生可以到图书馆、逸夫楼(本部)、综合教学楼(净月)的对应机器上自行打印。"]}],["text",{"type":"info","heading":"班车激活","text":["在自助终端及上点击“自助服务”→\"班车激活\"，之后刷卡进行确认即可激活。"]}],["title",{"text":"相关文件"}],["doc",{"name":"个人班车申请","url":"https://mp.innenu.com/file/hq/personBus.docx","icon":"doc"}],["doc",{"name":"集体班车申请","url":"https://mp.innenu.com/file/hq/groupBus.docx","icon":"doc"}],["title",{"text":"其他人员授权"}],["list",{"header":false,"content":[{"text":"其他人员班车授权","path":"guide/action/bus-other"}]}]],"id":"guide/action/bus"}