{"title":"档案相关","grey":true,"time":"2022 年 8 月 2 日","shareable":true,"id":"guide/archive/under","author":"Mr.Hope","cite":[],"content":[{"tag":"list","header":"档案转入","items":[{"text":"本科生档案转入","path":"guide/archive/under-in"}]},{"tag":"list","header":"档案转出","items":[{"text":"档案派遣","icon":"dispatch","path":"guide/archive/dispatch"},{"text":"查询档案邮寄情况","icon":"search","path":"guide/archive/search"},{"text":"暂缓档案","icon":"postpone","path":"guide/archive/postpone"},{"text":"特殊情况的档案处理","icon":"alert","path":"guide/archive/sepcial"},{"text":"其他常见问题","icon":"faq","path":"guide/archive/faq"},{"text":"咨询与联系","icon":"phone","path":"guide/archive/contact"}]}]}