{"title":"行政楼","author":"Mr.Hope","time":"2021 年 7 月 9 日","content":[{"tag":"title","text":"简介"},{"tag":"p","text":["行政楼位于东北师范大学正门的左边，离图书馆较近，是校级行政部门和校领导的办公场所。教务处、学生处、党委都在这里办公。"],"style":"text-indent: 1.5em; "},{"tag":"grid","header":"机构介绍","items":[{"text":"党委学生工作部","color":"blue","name":"Student","icon":"student","path":"intro/apt/student/index"},{"text":"学校办公室","color":"red","name":"Office","icon":"office","path":"intro/apt/office/index"},{"text":"教务处","color":"blue","name":"Course","icon":"jwc","path":"intro/apt/course/index"}]}],"cite":[],"id":"map/benbu/building/administration"}