{"title":"东北师范大学图书馆","author":"Mr.Hope","time":"2021年7月9日","photo":["https://mp.innenu.com/img/scenery/benbu/building/library.jpg","https://mp.innenu.com/img/scenery/benbu/building/library1.jpg","https://mp.innenu.com/img/scenery/benbu/building/library2.jpg"],"content":[{"tag":"list","header":"疫情相关","items":[{"text":"目前，由于疫情原因，图书馆限制入馆人数，您可以在图书馆官网或图书馆门口 LED 查看可入馆人数。"}]},{"tag":"copy","header":"图书馆官网","content":"http://www.library.nenu.edu.cn/"},{"tag":"list","header":"图书馆","items":[{"text":"馆藏分布","icon":"bookshelf","path":"intro/apt/library/distribution"},{"text":"图书馆楼层平面图","icon":"floor","path":"intro/apt/library/floor"},{"text":"书目检索","icon":"search","path":"intro/apt/library/search"},{"text":"借书权限","icon":"borrow","path":"intro/apt/library/borrow"},{"text":"图书馆开门时间","icon":"time","path":"intro/apt/library/door"},{"text":"图书馆风貌","icon":"photo","path":"intro/apt/library/scene"},{"text":"其他服务","icon":"contact","path":"intro/apt/library/service"},{"text":"借阅流程","icon":"flow","path":"intro/apt/library/borrow-flow"},{"text":"图书馆简介","icon":"intro","path":"intro/apt/library/intro"},{"text":"电子阅览室","icon":"pc","path":"intro/apt/library/digit-room"}]}],"cite":[],"id":"map/benbu/building/library"}