{"title":"八舍","author":"Mr.Hope","time":"2020年9月1日","photo":["https://mp.innenu.com/img/dorm/dorm8.jpg"],"content":[{"tag":"title","text":"八舍"},{"tag":"text","text":["东北师范大学八舍主要接纳文学院、地理科学学院以及化学学院的研究生入住。"]}],"images":[],"id":"map/benbu/dorm/dorm8","scopeData":{"@type":"general","uniq_id":"map/benbu/dorm/dorm8","title":"八舍","digest":"东北师范大学八舍主要接纳文学院、地理科学学院以及化学学院的研究生入住。","thumbs":["https://mp.innenu.com/img/inNENU.jpg"],"tags":["八舍"]}}