{"title":"课程表","author":"Mr.Hope","time":"2022 年 6 月 27 日","shareable":true,"content":[{"tag":"title","text":"自由但容易混乱的选课"},{"tag":"p","text":["大学课程的修读选择是自由的。除了公共课(如政治课、体育课)或一些特殊的实验、实习课会限制选课的专业、性别之外，大部分课程都可以随意选择。对于通识选修课与发展方向课来说，您可以在大一初始至大四毕业前的任意时间，自由选择修读。"]},{"tag":"title","text":"课程表的来源"},{"tag":"p","text":["对于通识必修课，为了避免上课年级混乱，部分学生晚修读或漏修读，一般会按照课程计划中推荐修读的学期，限制学生选课并提醒同学选课。","同样，对于专业课来说，一般修读需要根据课程的依赖关系，由简至难，先学习基础课程再学习依赖于基础课程知识的高级课程。否则，很可能会因为听不懂课程导致挂科。","在这种情况下，为了让不看课程计划、对课程计划一知半解或者选课不用心的学生能够合理选课，减少因不合理选课造成的无法按时毕业、挂科等情况，大部分学院都会出台课程表。"]},{"tag":"title","text":"课程表的作用"},{"tag":"text","type":"info","heading":"课程表","text":["课程表是特定专业特定年级在特定学期的“推荐修读安排“，是选课的重要参考。"]},{"tag":"p","text":["学院本科教务秘书会基于课程计划。精心设计修读顺序安排每学期课程，同时合理安排各课程的上课时间，最终生成每个学期的课程表。","在大多数情况下，同学们只要按照课程表上的内容选课，即可完整修读完通识必修课、专业必修课与专业选修课。对于推荐修读学期有多个的课程，部分学院也会让其多次在对应学期出现在课程表里。"]},{"tag":"text","type":"tip","heading":"Mr.Hope","text":["如果您您没有额外的修读要求 (如三年修读完毕) 或者其他个人情况 (如转专业、休学半年等)，Mr.Hope 建议您按照课程表进行选课。"]}],"cite":[],"id":"guide/course/table"}