{"title":"到校路线","author":"Mr.Hope","time":"2021年9月25日","grey":true,"shareable":true,"content":[["list",{"header":"报到要求","content":[{"text":"新生报到需要满足的条件","icon":"alert","path":"guide/epidemic/requirement"},{"text":"专业所在校区","icon":"gate","path":"guide/check/locate"}]}],["text",{"type":"tip","text":["请妥善保管好出行车票，以备学校后期追踪调查。"]}],["list",{"header":"到本部校区","content":[{"text":"从长春站","icon":"railway","path":"guide/arrival/train-benbu/index"},{"text":"从长春西站","icon":"railway","path":"guide/arrival/train-w-benbu/index"},{"text":"从龙嘉机场","icon":"plane","path":"guide/arrival/plane-benbu/index"}]}],["list",{"header":"到净月校区","content":[{"text":"从长春站","icon":"railway","path":"guide/arrival/train-jingyue/index"},{"text":"从长春西站","icon":"railway","path":"guide/arrival/train-w-jingyue/index"},{"text":"从龙嘉机场","icon":"plane","path":"guide/arrival/plane-jingyue/index"}]}],["functional-list",{"header":"到达长春后","content":[{"type":"navigator","text":"导航到本部","url":"plugin://routePlan/index?key=NLVBZ-PGJRQ-T7K5F-GQ54N-GIXDH-FCBC4&referer=in东师&endPoint={\"latitude\":43.863927,\"longitude\":125.334771,\"name\":\"本部校区\"}&mode=transit&themeColor=#2ecc71","openType":"navigate"},{"type":"navigator","text":"导航到净月","url":"plugin://routePlan/index?key=NLVBZ-PGJRQ-T7K5F-GQ54N-GIXDH-FCBC4&referer=in东师&endPoint={\"latitude\":43.828525,\"longitude\":125.43107,\"name\":\"净月校区\"}&mode=transit&themeColor=#2ecc71","openType":"navigate"}],"env":["wx"]}],["list",{"header":"注意事项","content":[{"text":"关于出租车","icon":"taxi","path":"guide/arrival/taxi"},{"text":"关于接站","icon":"pickup","path":"guide/arrival/pickup"}]}],["list",{"header":"更多","content":[{"text":"公交介绍","icon":"bus","path":"guide/traffic/bus"},{"text":"轨道交通介绍","icon":"train","path":"guide/traffic/railway/index"},{"text":"火车站介绍","icon":"railway","path":"guide/traffic/train/index"},{"text":"机场介绍","icon":"plane","path":"guide/traffic/plane/index"}]}]],"cite":[],"id":"guide/arrival/index"}