{"title":"各类物品","author":"Mr.Hope","time":"2021年11月14日","shareable":true,"content":[{"tag":"p","heading":"可选品","text":["以下物品可以自己带到学校，也可以在适应期内慢慢补足。此物品清单仅作参考! 并不是每个人都需要买。"],"style":"text-indent: 1.5em; "},{"tag":"text","type":"tip","text":["标记 “*” 的意味着校内超市有售"]},{"tag":"list","header":false,"content":[{"text":"校内外超市","icon":"shop","path":"guide/shop/index"}]},{"tag":"list","header":"物品分类","content":[{"text":"证件材料类","icon":"photo","path":"guide/necessity/material"},{"text":"学习用品","icon":"study","path":"guide/necessity/study"},{"text":"生活用品","icon":"life","path":"guide/necessity/life"},{"text":"洗护用品类","icon":"washing","path":"guide/necessity/washing"},{"text":"其他工具类","icon":"wrench","path":"guide/necessity/tool"},{"text":"饮食相关类","icon":"dining","path":"guide/necessity/food"},{"text":"寝室神器类","icon":"star","path":"guide/necessity/artifact"},{"text":"数码产品类","icon":"digital","path":"guide/necessity/digital"}]},{"tag":"title","text":"违禁物品"},{"tag":"list","header":false,"content":[{"text":"寝室违禁物品","icon":"ban","path":"guide/dorm/ban"}]},{"tag":"title","text":"Mr.Hope 的建议"},{"tag":"list","header":false,"content":[{"text":"Mr.Hope 的建议","icon":"idea","path":"guide/necessity/advice"}]}],"id":"guide/necessity/index","scopeData":{"@type":"general","uniq_id":"guide/necessity/index","title":"各类物品","digest":"可选品 以下物品可以自己带到学校，也可以在适应期内慢慢补足。此物品清单仅作参考! 并不是每个人都需要买。标记 “*” 的意味着校内超市有售","thumbs":["https://mp.innenu.com/img/inNENU.jpg"],"tags":["违禁物品","Mr.Hope 的建议"]}}