{"title":"教务处教学质量管理办公室人员信息","time":"2022 年 6 月 27 日","shareable":true,"id":"intro/apt/course/info/quality","author":"Mr.Hope","cite":[],"content":[{"tag":"title","text":"主任"},{"tag":"ul","heading":"王松","text":["办公地点: 校本部行政楼 228","办公电话: 0431-85099971","电子信箱: wangs971@nenu.edu.cn","工作职责: 全面负责教学质量管理办公室工作。负责本科教学审核评估、教学检查、专项检查、督学管理、教学事故处理、教学基本制度建设等工作"]},{"tag":"title","text":"职员"},{"tag":"ul","heading":"郭梦琪","text":["办公地点: 校本部行政楼 228","办公电话: 0431-85099971","电子信箱: guomq101@nenu.edu.cn","工作职责: 负责师范类专业认证、高校本科教学基本状态数据库填报、本科教学质量报告、教学质量数据分析"]},{"tag":"ul","heading":"李玖芳","text":["办公地点: 校本部行政楼 228","办公电话: 0431-85099971","电子信箱: lijf429@nenu.edu.cn","工作职责: 负责听课系统管理、学生评教、教育质量调查、毕业论文检测、教学奖励"]}]}