{"title":"外国语学院","grey":true,"author":"Mr.Hope","time":"2022 年 6 月 27 日","shareable":true,"content":[{"tag":"account","name":"外国语学院","logo":"https://mp.innenu.com/img/media/foreign.jpg","detail":"东北师范大学外国语学院","wxid":"nenuwgy","wxcode":"https://mp.innenu.com/img/media/foreign-qrcode.jpg","account":"foreign","location":{"latitude":43.8611,"longitude":125.32707},"mail":"wy@nenu.edu.cn","site":"https://wy.nenu.edu.cn/"},{"tag":"list","items":[{"text":"学院简介","icon":"about","path":"intro/school/foreign/intro"},{"text":"专业介绍","icon":"intro","path":"intro/school/foreign/enroll"}]}],"cite":[],"id":"intro/school/foreign/index"}