{"title":"俄语","desc":"来源: 2021年本科招生指南","time":"2022年6月27日","shareable":true,"content":[{"tag":"title","text":"专业简介"},{"tag":"p","text":["为教育部批准备案的师范专业，学生毕业后可选择从事教师职业，也可选择继续攻读研究生，或选择从事其他职业；旨在培养适应国家俄语基础教育发展需要，政治信念坚定，师德高尚，人文学科知识广博，俄语及相关专业学科素养厚重，语言综合运用能力强，教学基本功扎实，善于思辨，精于反思，勤于沟通，肯于合作，能将教学与研究相结合，能胜任中学教学与管理的俄语骨干教师。"],"style":"text-indent: 1.5em; "},{"tag":"title","text":"主干课程"},{"tag":"ul","text":["基础俄语","课程与教学论","俄罗斯文学","俄罗斯国情"]},{"tag":"title","text":"就业方向"},{"tag":"text","text":["学校、政府机关、企事业单位"]}],"cite":[],"id":"intro/school/foreign/russia"}