{"title":"安卓邮件客户端设置","author":"Mr.Hope","time":"2021年9月3日","shareable":true,"content":[{"tag":"text","type":"tip","text":["以安卓手机上的 Gmail 客户端为例"]},{"tag":"ul","text":["选择 “添加其他账号”"]},{"tag":"img","src":"https://mp.innenu.com/img/account/gmail1.jpg"},{"tag":"ul","text":["选择 “其他”"]},{"tag":"img","src":"https://mp.innenu.com/img/account/gmail2.jpg"},{"tag":"ul","text":["输入电子邮箱地址","点击左下角的手动设置"]},{"tag":"img","src":"https://mp.innenu.com/img/account/gmail3.jpg"},{"tag":"ul","text":["选择 “个人(IMAP)”"]},{"tag":"img","src":"https://mp.innenu.com/img/account/gmail4.jpg"},{"tag":"ul","text":["输入密码"]},{"tag":"img","src":"https://mp.innenu.com/img/account/gmail5.jpg"},{"tag":"ul","text":["在接收服务器中输入"]},{"tag":"copy","text":"smtphz.qiye.163.com"},{"tag":"text","type":"tip","text":["尽管学校支持 \"smtp.nenu.edu.cn\"，但是因为证书不符无法在某些客户端添加或会持续发出警告。","在学校解决证书问题前，建议使用 163 企业邮提供的服务器。"]},{"tag":"img","src":"https://mp.innenu.com/img/account/gmail6.jpg"},{"tag":"ul","text":["在外发服务器中输入"]},{"tag":"copy","text":"smtphz.qiye.163.com"},{"tag":"text","type":"tip","text":["尽管学校支持 \"smtp.nenu.edu.cn\"，但是因为证书不符无法在某些客户端添加或会持续发出警告。","在学校解决证书问题前，建议使用 163 企业邮提供的服务器。"]},{"tag":"img","src":"https://mp.innenu.com/img/account/gmail7.jpg"},{"tag":"ul","text":["自行选择合适的同步频率"]},{"tag":"text","type":"tip","text":["同步频率过高会加大手机耗电量"]},{"tag":"img","src":"https://mp.innenu.com/img/account/gmail8.jpg"},{"tag":"ul","text":["选择合适的账号名称与发件人姓名"]},{"tag":"img","src":"https://mp.innenu.com/img/account/gmail9.jpg"}],"images":["https://mp.innenu.com/img/account/gmail1.jpg","https://mp.innenu.com/img/account/gmail2.jpg","https://mp.innenu.com/img/account/gmail3.jpg","https://mp.innenu.com/img/account/gmail4.jpg","https://mp.innenu.com/img/account/gmail5.jpg","https://mp.innenu.com/img/account/gmail6.jpg","https://mp.innenu.com/img/account/gmail7.jpg","https://mp.innenu.com/img/account/gmail8.jpg","https://mp.innenu.com/img/account/gmail9.jpg"],"id":"guide/account/mail/android","scopeData":{"@type":"general","uniq_id":"guide/account/mail/android","cover":"https://mp.innenu.com/img/account/gmail1.jpg","title":"安卓邮件客户端设置","digest":"以安卓手机上的 Gmail 客户端为例选择 “添加其他账号”选择 “其他”输入电子邮箱地址 点击左下角的手动设置选择 “个人(IMAP)”输入密码在接收服务器中输入尽管学校支持 \"smtp.nenu.edu.cn\"，但是因为证书不符无法在某","thumbs":["https://mp.innenu.com/img/account/gmail1.jpg","https://mp.innenu.com/img/account/gmail2.jpg","https://mp.innenu.com/img/account/gmail3.jpg","https://mp.innenu.com/img/account/gmail4.jpg","https://mp.innenu.com/img/account/gmail5.jpg","https://mp.innenu.com/img/account/gmail6.jpg","https://mp.innenu.com/img/account/gmail7.jpg","https://mp.innenu.com/img/account/gmail8.jpg","https://mp.innenu.com/img/account/gmail9.jpg"],"tags":[]}}