{"title":"中小学教师资格考试大纲","author":"Mr.Hope","time":"2021年11月22日","shareable":true,"content":[["p",{"text":["教育部考试中心根据中小学教师资格考试标准，制定各科考试大纲。中小学教师资格考试大纲规定了考试内容和要求、试卷结构、题型示例等。"],"style":"text-indent: 1.5em; "}],["doc",{"name":"101-《综合素质》(幼儿园)","url":"https://mp.innenu.com/file/ntce/101.docx","icon":"doc"}],["doc",{"name":"102-《保教知识与能力》(幼儿园)","url":"https://mp.innenu.com/file/ntce/102.docx","icon":"doc"}],["doc",{"name":"201-《综合素质》(小学)","url":"https://mp.innenu.com/file/ntce/201.docx","icon":"doc"}],["doc",{"name":"202-《教育教学知识与能力》(小学)","url":"https://mp.innenu.com/file/ntce/202.docx","icon":"doc"}],["doc",{"name":"301-《综合素质》(中学)","url":"https://mp.innenu.com/file/ntce/301.docx","icon":"doc"}],["doc",{"name":"302-《教育知识与能力》(中学)","url":"https://mp.innenu.com/file/ntce/302.docx","icon":"doc"}],["doc",{"name":"303-《语文学科知识与教学能力》(初级中学)","url":"https://mp.innenu.com/file/ntce/303.docx","icon":"doc"}],["doc",{"name":"304-《数学学科知识与教学能力》(初级中学)","url":"https://mp.innenu.com/file/ntce/304.docx","icon":"doc"}],["doc",{"name":"305-《英语学科知识与教学能力》(初级中学)","url":"https://mp.innenu.com/file/ntce/305.docx","icon":"doc"}],["doc",{"name":"306-《物理学科知识与教学能力》(初级中学)","url":"https://mp.innenu.com/file/ntce/306.docx","icon":"doc"}],["doc",{"name":"307-《化学学科知识与教学能力》(初级中学)","url":"https://mp.innenu.com/file/ntce/307.docx","icon":"doc"}],["doc",{"name":"308-《生物学科知识与教学能力》(初级中学)","url":"https://mp.innenu.com/file/ntce/308.docx","icon":"doc"}],["doc",{"name":"309-《道德与法治学科知识与教学能力》(初级中学)","url":"https://mp.innenu.com/file/ntce/309.docx","icon":"doc"}],["doc",{"name":"310-《历史学科知识与教学能力》(初级中学)","url":"https://mp.innenu.com/file/ntce/310.docx","icon":"doc"}],["doc",{"name":"311-《地理学科知识与教学能力》(初级中学)","url":"https://mp.innenu.com/file/ntce/311.docx","icon":"doc"}],["doc",{"name":"312-《音乐学科知识与教学能力》(初级中学)","url":"https://mp.innenu.com/file/ntce/312.docx","icon":"doc"}],["doc",{"name":"313-《体育与健康学科知识与教学能力》(初级中学)","url":"https://mp.innenu.com/file/ntce/313.docx","icon":"doc"}],["doc",{"name":"314-《美术学科知识与教学能力》(初级中学)","url":"https://mp.innenu.com/file/ntce/314.docx","icon":"doc"}],["doc",{"name":"315-《信息技术学科知识与教学能力》(初级中学)","url":"https://mp.innenu.com/file/ntce/315.docx","icon":"doc"}],["doc",{"name":"316-《历史与社会学科知识及教学能力》(初级中学)","url":"https://mp.innenu.com/file/ntce/316.docx","icon":"doc"}],["doc",{"name":"317-《科学学科知识及教学能力》(初级中学)","url":"https://mp.innenu.com/file/ntce/317.docx","icon":"doc"}],["doc",{"name":"403-《语文学科知识与教学能力》(高级中学)","url":"https://mp.innenu.com/file/ntce/403.docx","icon":"doc"}],["doc",{"name":"404-《数学学科知识与教学能力》(高级中学)","url":"https://mp.innenu.com/file/ntce/404.docx","icon":"doc"}],["doc",{"name":"405-《英语学科知识与教学能力》(高级中学)","url":"https://mp.innenu.com/file/ntce/405.docx","icon":"doc"}],["doc",{"name":"406-《物理学科知识与教学能力》(高级中学)","url":"https://mp.innenu.com/file/ntce/406.docx","icon":"doc"}],["doc",{"name":"407-《化学学科知识与教学能力》(高级中学)","url":"https://mp.innenu.com/file/ntce/407.docx","icon":"doc"}],["doc",{"name":"408-《生物学科知识与教学能力》(高级中学)","url":"https://mp.innenu.com/file/ntce/408.docx","icon":"doc"}],["doc",{"name":"409-《思想品德学科知识与教学能力》(高级中学)","url":"https://mp.innenu.com/file/ntce/409.docx","icon":"doc"}],["doc",{"name":"410-《历史学科知识与教学能力》(高级中学)","url":"https://mp.innenu.com/file/ntce/410.docx","icon":"doc"}],["doc",{"name":"411-《地理学科知识与教学能力》(高级中学)","url":"https://mp.innenu.com/file/ntce/411.docx","icon":"doc"}],["doc",{"name":"412-《音乐学科知识与教学能力》(高级中学)","url":"https://mp.innenu.com/file/ntce/412.docx","icon":"doc"}],["doc",{"name":"413-《体育与健康学科知识与教学能力》(高级中学)","url":"https://mp.innenu.com/file/ntce/413.docx","icon":"doc"}],["doc",{"name":"414-《美术学科知识与教学能力》(高级中学)","url":"https://mp.innenu.com/file/ntce/414.docx","icon":"doc"}],["doc",{"name":"415-《信息技术学科知识与教学能力》(高级中学)","url":"https://mp.innenu.com/file/ntce/415.docx","icon":"doc"}],["doc",{"name":"418-《通用技术学科知识及教学能力》(高级中学)","url":"https://mp.innenu.com/file/ntce/418.docx","icon":"doc"}]],"cite":[],"id":"guide/exam/ntce/outline"}