{"title":"环境学院","grey":true,"author":"Mr.Hope","time":"2021年11月15日","shareable":true,"content":[{"tag":"account","name":"环境学院","logo":"https://mp.innenu.com/img/media/environment.png","detail":"NENU环境学院","wxid":"dongshihuanjing","wxcode":"https://mp.innenu.com/img/media/environment-wechat.jpg","account":"environment","path":"environment","wx":"dongshihuanjing","wxQRCode":"https://mp.innenu.com/img/media/environment-wechat.jpg"},{"tag":"list","content":[{"text":"学院简介","icon":"about","path":"intro/school/environment/intro"},{"text":"专业介绍","icon":"intro","path":"intro/school/environment/enroll"},{"text":"科研平台","icon":"platform","path":"intro/school/environment/platform"},{"text":"实验教学示范中心","icon":"degree","path":"intro/school/environment/teach"},{"text":"实验中心","icon":"experiment","path":"intro/school/environment/experiment"}]},{"tag":"copy","header":"官网地址","text":"https://hjxy.nenu.edu.cn"}],"images":[],"id":"intro/school/environment/index","scopeData":{"@type":"general","uniq_id":"intro/school/environment/index","title":"环境学院","digest":"","thumbs":["https://mp.innenu.com/img/inNENU.jpg"],"tags":[]}}