{"title":"小贴士","author":"Mr.Hope","time":"2021年11月25日","grey":true,"shareable":true,"content":[{"tag":"list","header":"生活常识","content":[{"text":"洗衣相关","icon":"washing","path":"guide/tip/washing/index"}]},{"tag":"list","header":"过冬贴士","content":[{"text":"冬季御寒衣物选择","path":"guide/tip/winter/cloth"},{"text":"保暖要领","path":"guide/tip/winter/warm"}]},{"tag":"list","content":[{"text":"东北习俗","path":"guide/tip/custom/index"}]}],"id":"guide/tip/index","scopeData":{"@type":"general","uniq_id":"guide/tip/index","title":"小贴士","digest":"","thumbs":["https://mp.innenu.com/img/inNENU.jpg"],"tags":["小贴士"]}}