{"title":"提示技巧","author":"Mr.Hope","time":"2021年11月22日","grey":true,"shareable":true,"content":[{"tag":"list","header":"生活常识","content":[{"text":"洗衣相关","icon":"washing","path":"guide/tip/washing/index"},{"text":"数码相关","icon":"digital","desc":"制作中..."},{"text":"...","icon":"more"}]}],"id":"guide/tip/index","scopeData":{"@type":"general","uniq_id":"guide/tip/index","title":"提示技巧","digest":"","thumbs":["https://mp.innenu.com/img/inNENU.jpg"],"tags":["提示技巧"]}}