{"title":"视觉传达设计系介绍","desc":"来源: 美术学院官网\n内容更新于: 2019 年 05 月 22 日","time":"2022 年 7 月 14 日","shareable":true,"content":[{"tag":"title","text":"专业介绍"},{"tag":"p","text":["视觉传达设计系前身为东北师范大学美术系工艺美术教研室，成立于 1980 年 9 月，1985 年后，设立工艺美术设计专业，2000 年更名为平面设计专业，2008 年 3 月改名为视觉传达设计专业，2002 年首次招收美术学专业平面设计专业方向的硕士研究生，2004 年正式招收艺术设计专业平面设计专业方向的硕士研究生。","视觉传达设计系主要是以研究艺术设计领域内各类图像信息传达为专业主攻方向的教学与研究单位。"],"style":";display: inline-block"},{"tag":"title","text":"教师队伍"},{"tag":"p","text":["视觉传达设计系现有教师 10 名，其中副教授 4 人，讲师 5 人，助教 1 人，其中青年教师硕士学位比例为 100%。拥有本科生工作室 8 个，研究生工作室 2 个，纽约广告奖媒体中心 1 个。","目前在校本科生 169 人，研究生 36 人。"],"style":";display: inline-block"},{"tag":"title","text":"学费价格"},{"tag":"text","text":["12000 元/年"]},{"tag":"title","text":"教学目标"},{"tag":"p","text":["为企事业单位培养从事印刷品、电子读物的设计及教学等行业的高级专业人才。现设有平面设计、交互媒体艺术设计二个专业方向。"],"style":";display: inline-block"}],"cite":[],"id":"intro/school/art/visual"}