{"title":"教务处学籍管理办公室人员信息","author":"Mr.Hope","time":"2021年12月3日","shareable":true,"content":[{"tag":"title","text":"主任"},{"tag":"ul","heading":"洪敬辉","text":["办公地点: 校本部行政楼214","办公电话: 0431-85098320","电子信箱: hongjh757@nenu.edu.cn","工作职责: 全面负责学籍管理办公室工作。主要具体负责学籍异动，学籍信息变更，转专业、学历证明、学历认证、学历证书管理、推荐免试研究生、交流生管理等工作。"]},{"tag":"title","text":"职员"},{"tag":"ul","heading":"林美宇","text":["办公地点: 校本部行政楼214","办公电话: 0431-85098320","电子信箱: linmy100@nenu.edu.cn","工作职责: 负责学籍数据维护，学籍建立及学期注册，学生证件管理，学历及学位注册，学籍材料及成绩档案立卷存档等工作"]},{"tag":"ul","heading":"韩莹","text":["办公地点: 校本部行政楼214","办公电话: 0431-85098320","电子信箱: hany282@nenu.edu.cn","工作职责: 学生证件管理、交流生管理、学籍材料及成绩档案立卷存档工作等"]}],"id":"intro/apt/course/info/roll","scopeData":{"@type":"general","uniq_id":"intro/apt/course/info/roll","title":"教务处学籍管理办公室人员信息","digest":"洪敬辉 办公地点: 校本部行政楼214 办公电话: 0431-85098320 电子信箱: hongjh757@nenu.edu.cn 工作职责: 全面负责学籍管理办公室工作。主要具体负责学籍异动，学籍信息变更，转专业、学历证明、学历认证、","thumbs":["https://mp.innenu.com/img/inNENU.jpg"],"tags":["主任","职员"]}}