{"title":"音乐学院招生","author":"Mr.Hope","time":"2021年11月22日","shareable":true,"content":[["title",{"text":"本科招生情况"}],["ul",{"text":["音乐学院设有音乐学(声乐)、音乐学(声乐,师范)、音乐学(钢琴)、音乐学(钢琴,师范)、音乐学(器乐)、舞蹈编导六个专业。","学费均为 12000 元/年"]}],["text",{"heading":"专业介绍视频"}],["media",{"type":"video","src":"http://zsb.nenu.edu.cn/__local/5/2B/23/1F7FB8F33E6AC2D2D7C5594DAD5_8C4A13F1_12D41BC7.mp4?e=.mp4"}],["list",{"content":[{"text":"音乐(师范类)","path":"intro/school/music/normal"},{"text":"音乐(普通类)","path":"intro/school/music/music"},{"text":"舞蹈编导","path":"intro/school/music/dance"}]}],["title",{"text":"硕士研究生招生概况"}],["img",{"src":"https://mp.innenu.com/img/enroll/music-master.png","desc":"2021年招生信息"}],["phone",{"header":"硕士研究生招生咨询电话","fName":"志伟","lName":"孙","num":"0431-84536636","org":"东北师范大学音乐学院","title":"硕士研究生招生负责人","street":"吉林省长春市净月大街 2555 号","postCode":"130117","mail":"sunzw223@nenu.edu.cn"}]],"cite":[],"id":"intro/school/music/enroll","images":["https://mp.innenu.com/img/enroll/music-master.png"]}