{"title":"教务处综合办公室人员信息","author":"Mr.Hope","time":"2021年12月3日","shareable":true,"content":[["title",{"text":"主任"}],["ul",{"heading":"刘海波","text":["办公地点: 校本部行政楼218","办公电话: 0431-85099268","电子信箱: liuhb798@nenu.edu.cn","工作职责: 全面负责综合办公室工作。主要负责教务信息化公共服务平台建设、教务公共行政事务、教务管理人员培训、教务相关对外交流与合作事务等工作"]}],["title",{"text":"职员"}],["ul",{"heading":"李忠玉","text":["办公地点: 校本部行政楼218","办公电话: 0431-85099268","电子信箱: lizy407@nenu.edu.cn","工作职责: 负责来文收发与教学档案归档、立卷、财务报账、固定资产管理等工作"]}],["ul",{"heading":"王希","text":["办公地点: 校本部行政楼218","办公电话: 0431-85099268","电子信箱: wangx166@nenu.edu.cn","工作职责: 负责教学成果平台等建设与维护、实验教学中心管理、实验教学体系建设、修购基金管理、虚拟仿真项目规划与建设等相关工作"]}],["ul",{"heading":"张菁","text":["办公地点: 校本部行政楼218","办公电话: 0431-85099268","电子信箱: zhangj179@nenu.edu.cn","工作职责: 负责教务处网站、微信公众平台等建设与维护、协助教务信息化管理、大型教学会议及活动支撑、协助教务相关对外交流与合作事务等工作"]}]],"cite":[],"id":"intro/apt/course/info/complex"}