{"title":"语文教育学专业介绍","desc":"来源: 东北师范大学文学院官网","author":"Mr.Hope","time":"2022 年 6 月 27 日","shareable":true,"content":[{"tag":"title","text":"专业简介"},{"tag":"p","text":["语文教育专业隶属于中国语言文学一级学科，是全国第一个语文教育方向硕士学位授予点诞生的二级学科。主要包括语文课程与教学、语文教师教育、中外母语教育比较等研究方向。该学科招收硕士和博士研究生，符合课程修读和答辩要求的毕业生能够获得文学硕士和博士学位。学科师资力量雄厚，紧跟国家语文教育改革的步伐，教学理念先进，教学内容前沿，注重培养学生的学术规范和学术创新能力。修读本学科专业课程后，毕业生能够系统掌握语文教育的基本学理、核心学科知识和典型研究方法，具有从事语文教育科学研究、开展语文教学实践的专业素养，能够在高校或中小学从事语文教育科研和教学工作，也可在行政部门从事教育领域相关工作。该学科致力于培养适应国家和社会发展需求的研究性、创新型语文教育专门人才，以及引领地方基础教育改革的未来语文教育家，毕业生深受用人单位青睐。"]}],"cite":[],"id":"intro/school/chinese/education"}