{"title":"就业协议书介绍","author":"Mr.Hope","time":"2021年8月15日","shareable":true,"content":[{"tag":"title","text":"就业协议书"},{"tag":"p","text":["就业协议书的全称是《全国普通高等学校就业协议书》，俗称三方协议，是由教育部高校学生司统一制订的。根据国家规定，在达成就业意向后，毕业生、用人单位、学校三方必须签订《全国普通高等学校就业协议书》。","就业协议书是具有一定的广泛性和权威性，是学校制订就业方案派遣毕业生、用人单位申请用人指标的主要依据，对签约的三方都有约束力。所以毕业生就业时一定要签署就业协议书。协议书一经签署，协议各方须严格履行协议内容。"],"style":"text-indent: 1.5em; "},{"tag":"title","text":"约束"},{"tag":"ul","text":["毕业生要保证自己能正常毕业，按时到单位报到","用人单位要按照合法的用人程序接收毕业生，妥善安置毕业生的户口、档案","学校要按照规定程序将毕业生派遣到协议单位"]}],"cite":[],"id":"guide/job/agreement/intro"}