{"name":"东师物院团委","desc":"东北师范大学物理学院团委公众号","logo":"https://mp.innenu.com/img/media/physics.png","authorized":false,"content":[{"cover":"https://mmbiz.qpic.cn/mmbiz_jpg/tQpNkibhyMBaKzaJWWeVVYLHeD9ESicF3TWicc1vGyiaoSOZT3eQpJezECpFDRc3aCwbzicwWgUA2M8d4fxX25A004A/0?wx_fmt=jpeg","title":"迎新特辑 | NO.5 学校风采篇 —— 美食享受","url":"https://mp.weixin.qq.com/s/GpwpeBqbz4irEYbgZuKLBw"},{"cover":"https://mmbiz.qpic.cn/mmbiz_jpg/tQpNkibhyMBaXMSubjEhyFOnrbm9s9ic5nf5sxrNXyoEbkU1B2pKMPeNKljHmmn0sXZCaOYDydmxzzQQXFDH5rVg/0?wx_fmt=jpeg","title":"迎新特辑 | NO.4 学校风采篇 —— 日常生活","url":"https://mp.weixin.qq.com/s/PEy00jv5ewMdkTgBDcjfvQ"},{"cover":"https://mmbiz.qpic.cn/mmbiz_jpg/tQpNkibhyMBbIM4JDXGNuURSKZAFGIbpLdcWSqBr49s3NClF99GMBqkKuZOpdqznR2EicmrN9R2IROiaGj5t1Aiaxw/0?wx_fmt=jpeg","title":"迎新特辑 | NO.3 学校风采篇 —— 东师奖助贷","url":"https://mp.weixin.qq.com/s/0pd2od0U6ErKsT0Cw0DWCg"},{"cover":"https://mmbiz.qpic.cn/mmbiz_jpg/tQpNkibhyMBYqibbY17iaOlxe5tHpOzN2PIicpnHDxlkaZrE9UoWRnRdZibSduJHfBLVuEKXlgrGqtqq6qG5KJVWia9A/0?wx_fmt=jpeg","title":"迎新特辑 | NO.2 学校风采篇 —— 校园美景","url":"https://mp.weixin.qq.com/s/SvixoGfnQ_jcM8k6WiPRyw"},{"cover":"https://mmbiz.qpic.cn/mmbiz_jpg/tQpNkibhyMBbIM4JDXGNuURSKZAFGIbpLXCBB2h3kgr0TDQ567IZM9xD4MVNGQrTShBMSzicib1ibqV4OichHSrgicGw/0?wx_fmt=jpeg","title":"迎新特辑 | NO.1 学校风采篇 —— 基本概况","url":"https://mp.weixin.qq.com/s/7Tu-Zua-xH_DONI0AXbUTQ"},{"cover":"https://mmbiz.qpic.cn/mmbiz_jpg/tQpNkibhyMBZFSicHwibRqItSQ0NYaXkKDpA5fGY888zohr0icrbqgk8NGVibdbj8kKTomPBqJqKHRoBA6jiaQbM4GxQ/0?wx_fmt=jpeg","title":"东北师范大学物理学院 2020 年招生宣传","desc":"东师物院，欢迎你的到来!","url":"https://mp.weixin.qq.com/s/NLsLlzfI9nEvwcTG71TZCQ"},{"cover":"https://mmbiz.qpic.cn/mmbiz_jpg/tQpNkibhyMBYLmKzYia2VQ8hxyf1yIDapHPwU81ibLzW257b1nLQJjDAYPK1wRcxy6fqCSzHlYv06kCmMsS34Nj1w/0?wx_fmt=jpeg","title":"2019 年东北师范大学物理学院各省区市各专业录取分数线","url":"https://mp.weixin.qq.com/s/_SA_9C67NgAQ4TA4fgoNnQ"},{"cover":"https://mmbiz.qpic.cn/mmbiz_jpg/tQpNkibhyMBYLmKzYia2VQ8hxyf1yIDapHPwU81ibLzW257b1nLQJjDAYPK1wRcxy6fqCSzHlYv06kCmMsS34Nj1w/0?wx_fmt=jpeg","title":"2018 年东北师范大学物理学院各省区市各专业录取分数线","url":"https://mp.weixin.qq.com/s/i6GzSzhagQm55cOQh7rg1Q"},{"cover":"https://mmbiz.qpic.cn/mmbiz_jpg/tQpNkibhyMBbgyK9gXbWtCNRC1Qr3v3z3ib3WibiaqzoXWT575SL1j7eT0o1q1XAvRERwH8tiaDHs4TqZgkEAQwO5Ew/0?wx_fmt=jpeg","title":"2017 年东北师范大学物理学院各省区市各专业录取分数线","url":"https://mp.weixin.qq.com/s/JAe5Rdk7CszljjHJYbSZ1w"},{"cover":"https://mmbiz.qpic.cn/mmbiz_jpg/tQpNkibhyMBYq2OicophKicvfoLU9cLSdwpmHx6T9RjRleJprrGRSemViar2P23KzLicqK0iavDKYjxibpZfDagcKTG2w/0?wx_fmt=jpeg","title":"物理学院“精‘才’无限，‘艺’路有你”才艺比赛活动","desc":"由物理学院学生会文艺部主办的物理学院“精‘才’无限，‘艺’路有你”才艺比赛活动圆满结束。","url":"https://mp.weixin.qq.com/s/qvGJzsTgL6G-cHsQuxnyXA"}]}