{"title":"洗浴","grey":true,"author":"Mr.Hope","time":"2022 年 6 月 27 日","shareable":true,"content":[{"tag":"text","type":"info","heading":"简介","text":["由于寝室没有独立卫浴，学校两校区均设有公共浴池。","新学生浴池采用单间洗浴，环境更加舒适性，便利性，私密性，安全性。","同时新浴池均配备了免费健身房与休息厅，以及便民商家服务。"]},{"tag":"list","header":false,"items":[{"text":"如何洗浴","icon":"bath","path":"guide/bath/usage"}]},{"tag":"list","header":"浴池介绍","items":[{"text":"本部","path":"guide/bath/benbu"},{"text":"净月","path":"guide/bath/jingyue"}]},{"tag":"list","header":"浴池账户","items":[{"text":"提供商与计费","icon":"account","path":"guide/bath/account"},{"text":"浴池充值","icon":"charge","path":"guide/bath/charge"},{"text":"浴池金额查看","icon":"money","path":"guide/bath/charge"},{"text":"浴池提现","icon":"change","path":"guide/bath/cash"}]}],"cite":[],"id":"guide/bath/index"}