{"title":"超市","author":"Mr.Hope","time":"2021年11月23日","shareable":true,"content":[{"tag":"text","type":"tip","text":["由于新冠疫情学校封闭管控，而且考虑到同学们自身的安全，Mr.Hope 不建议频繁到校外超市进行小额采购。","如果您对学校的零售价格不满，您可以考虑网购。"]},{"tag":"title","text":"本部"},{"tag":"text","text":["本部校区的主要超市是天猫超市。"]},{"tag":"list","header":false,"items":[{"text":"天猫超市","path":"guide/shop/tmall-shop"}]},{"tag":"text","heading":"北苑超市周边","text":["在北苑超市周围，坐落着其他店铺，以满足同学们的日常需求。","有奶茶店、干果店、眼镜店、服装店、药店、移动运营店、电脑维修店、打印店、ATM 机以及自动取票机等。","北苑地下也可以配钥匙。"]},{"tag":"text","type":"info","heading":"南苑超市","text":["南苑 1F 也有一个私人开的超市，价格为普通零售价，性质类似于小区食杂店。主要售卖大众食品饮料以及常用生活用品等，东西不全。"]},{"tag":"text","heading":"校外超市"},{"tag":"list","header":false,"items":[{"text":"本部校外超市","path":"guide/shop/benbu-out"}]},{"tag":"title","text":"净月"},{"tag":"text","text":["本部校区的主要超市是京东超市。"]},{"tag":"list","header":false,"items":[{"text":"净月校内超市","path":"guide/shop/jingyue"}]},{"tag":"text","heading":"校外超市"},{"tag":"list","header":false,"items":[{"text":"净月校外超市","path":"guide/shop/jingyue-out"}]}],"cite":[],"id":"guide/shop/index"}