{"title":"校医院","author":"fy","desc":"来源: 东北师范大学校医院官网","time":"2020年9月1日","content":[{"tag":"title","text":"简介"},{"tag":"p","text":["校医院位于西大门北侧、行政楼背后、地铁出站口旁。"],"style":"text-indent: 1.5em; "},{"tag":"list","header":false,"content":[{"text":"校医院介绍","icon":"hospital","path":"intro/apartment/hospital/index"}]}],"id":"map/benbu/facility/hospital","scopeData":{"@type":"general","uniq_id":"map/benbu/facility/hospital","title":"校医院","digest":"校医院位于西大门北侧、行政楼背后、地铁出站口旁。","thumbs":["https://mp.innenu.com/img/inNENU.jpg"],"tags":["简介"]}}