{"title":"南苑餐厅","desc":"概况部分来自东北师范大学后勤保障部官网","author":"Mr.Hope","time":"2021年11月22日","shareable":true,"content":[{"tag":"p","heading":"概况","text":["南苑餐厅位于校区南部，靠近学生七舍。餐厅 1999 年投入使用，2011 年重新维护改造，建筑面积 10519.19 平方米，可同时容纳 1416 人就餐。食堂一层为特色风味餐厅，二层为基本餐厅，三层为清真餐厅。特色风味及清真餐厅全天营业。"],"style":"text-indent: 1.5em; "},{"tag":"phone","header":"服务电话","num":"0431-85099579","fName":"南苑餐厅服务电话","org":"东北师范大学"},{"tag":"title","text":"一楼——特色档口"},{"tag":"text","text":["南苑一楼有各种档口，有包子、面条、炒饭，另外还有清真食物档口等，味道比较好，价位适中。"]},{"tag":"img","src":"https://mp.innenu.com/img/dining/dining16.jpg"},{"tag":"img","src":"https://mp.innenu.com/img/dining/dining17.jpg","desc":"南苑一楼环境"},{"tag":"title","text":"二楼——基本餐"},{"tag":"text","text":["南苑二楼为基本餐区，分时间段供应食物，价位比较亲民。"]},{"tag":"ul","heading":"供应时间","text":["早: 6:30 - 8:30","午: 10:30 - 12:30","晚: 16:00 - 18:00"]},{"tag":"img","src":"https://mp.innenu.com/img/dining/dining18.jpg"},{"tag":"img","src":"https://mp.innenu.com/img/dining/dining19.jpg"},{"tag":"img","src":"https://mp.innenu.com/img/dining/dining20.jpg"},{"tag":"img","src":"https://mp.innenu.com/img/dining/dining21.jpg"},{"tag":"img","src":"https://mp.innenu.com/img/dining/dining22.jpg"},{"tag":"img","src":"https://mp.innenu.com/img/dining/dining23.jpg"},{"tag":"img","src":"https://mp.innenu.com/img/dining/dining24.jpg"},{"tag":"img","src":"https://mp.innenu.com/img/dining/dining25.jpg"},{"tag":"title","text":"三楼"},{"tag":"text","text":["三楼分为两个部分，从西边的楼梯上去，是思齐自助餐厅，东边楼梯上去是清真餐厅。两个餐厅都可以承担着学生部分团体活动，如社团聚会、老乡会等。两个餐厅是不通的，需要由不同的楼梯上楼。","(1)西部的思齐餐厅属于自助饭店的性质，自助早餐 ￥5/位，可供选择较多，很划算。中午和晚上会有自助小火锅，￥0.8/串。","(2)东边的餐厅为清真饭店。"]},{"tag":"img","src":"https://mp.innenu.com/img/dining/dining26.jpg"},{"tag":"img","src":"https://mp.innenu.com/img/dining/dining27.jpg"}],"id":"guide/dining/nanyuan/index","images":["https://mp.innenu.com/img/dining/dining16.jpg","https://mp.innenu.com/img/dining/dining17.jpg","https://mp.innenu.com/img/dining/dining18.jpg","https://mp.innenu.com/img/dining/dining19.jpg","https://mp.innenu.com/img/dining/dining20.jpg","https://mp.innenu.com/img/dining/dining21.jpg","https://mp.innenu.com/img/dining/dining22.jpg","https://mp.innenu.com/img/dining/dining23.jpg","https://mp.innenu.com/img/dining/dining24.jpg","https://mp.innenu.com/img/dining/dining25.jpg","https://mp.innenu.com/img/dining/dining26.jpg","https://mp.innenu.com/img/dining/dining27.jpg"],"scopeData":{"@type":"general","uniq_id":"guide/dining/nanyuan/index","title":"南苑餐厅","cover":"https://mp.innenu.com/img/dining/dining16.jpg","digest":"概况 南苑餐厅位于校区南部，靠近学生七舍。餐厅 1999 年投入使用，2011 年重新维护改造，建筑面积 10519.19 平方米，可同时容纳 1416 人就餐。食堂一层为特色风味餐厅，二层为基本餐厅，三层为清真餐厅。特色风味及清真餐厅全天","thumbs":["https://mp.innenu.com/img/dining/dining16.jpg","https://mp.innenu.com/img/dining/dining17.jpg","https://mp.innenu.com/img/dining/dining18.jpg","https://mp.innenu.com/img/dining/dining19.jpg","https://mp.innenu.com/img/dining/dining20.jpg","https://mp.innenu.com/img/dining/dining21.jpg","https://mp.innenu.com/img/dining/dining22.jpg","https://mp.innenu.com/img/dining/dining23.jpg","https://mp.innenu.com/img/dining/dining24.jpg","https://mp.innenu.com/img/dining/dining25.jpg"],"tags":["一楼——特色档口","二楼——基本餐","三楼"]}}