{"title":"信息科学与技术学院招生","author":"Mr.Hope","time":"2022 年 7 月 31 日","shareable":true,"content":[{"tag":"title","text":"本科招生概况"},{"tag":"p","text":["信息科学与技术学院设有教育技术学(公费师范)、教育技术学、计算机科学与技术、图书馆学、智能科学与技术、计算机科学与技术(中外合作办学)六个专业，其中教育技术学、计算机科学与技术、图书馆学、智能科学与技术进行大类招生。"]},{"tag":"list","header":"专业详情","items":[{"text":"计算机类","path":"intro/school/ist/class"},{"text":"教育技术学 (公费师范)","path":"intro/school/ist/tech-normal"},{"text":"计算机科学与技术 (中外合作办学)","path":"intro/school/ist/science-cop"}]},{"tag":"text","heading":"相关介绍"},{"tag":"doc","name":"计算机科学与技术专业、教育技术学专业、图书馆学专业&信息资源管理专业课程简介与大纲","url":"https://mp.innenu.com/file/study/ist-kcjj.pdf","icon":"pdf"},{"tag":"title","text":"专业介绍视频"},{"tag":"text","heading":"智能时代的科技、教育与管理"},{"tag":"video","src":"https://www.nenu.edu.cn/__local/F/D5/93/D59E3112BF53C1B96E564225CEB_441A7D1D_9569010.mp4?e=.mp4"},{"tag":"title","text":"硕士研究生招生概况"},{"tag":"text","text":["信息科学与技术学院下设计算机科学系、教育技术系、信息管理系、软件工程系和大学计算机基础教学与研究中心，设有计算机科学与技术、教育技术学、软件工程、图书馆学和信息资源管理 5 个本科专业，计算机系统结构、计算机应用技术、课程与教学论(计算机)、软件工程、教育技术学、图书馆学、情报学 7 个学术硕士学位授权点，计算机技术、软件工程、现代教育技术和图书情报 4 个专业硕士学位授权点，教育技术学和智能环境分析与规划 2 个博士学位授权点。"]},{"tag":"img","src":"https://mp.innenu.com/img/enroll/ist-master.png","desc":"2021 年招生信息"},{"tag":"phone","header":"硕士研究生招生咨询电话","fName":"红岩","lName":"王","num":"0431-84536338","org":"东北师范大学信息科学与技术学院","title":"硕士研究生招生负责人","street":"吉林省长春市净月大街 2555 号","postCode":"130117","mail":"wanghy668@nenu.edu.cn"}],"cite":[],"id":"intro/school/ist/enroll"}