{"title":"申请军训保健班","author":"Mr.Hope","time":"2022 年 7 月 18 日","shareable":true,"content":[{"tag":"title","text":"无法参加军训"},{"tag":"text","text":["如果您因为身体原因无法参加军训，学校予以支持。您可以提出申请。"]},{"tag":"title","text":"执行办法"},{"tag":"text","text":["学生需主动提供相关材料申请不参加军事训练。","申请通过后，您需要在军训期间参加军事理论课程班 (俗称保健班) 的学习。最终进行军训成绩的评定时，军事理论课程班的成绩最高不超过 80 分。"]},{"tag":"text","type":"info","heading":"所需材料","text":["长春市三甲医院的检测报告及医生的诊断证明。"]},{"tag":"title","text":"相关提示"},{"tag":"text","type":"danger","text":["请注意生源地医院开的证明都是无效的，必须到长春以后前往三甲医院再次进行检测并请医生开具诊断证明(需要盖医院院章)。"]},{"tag":"text","type":"info","heading":"为什么一定要长春市三甲医院","text":["为了防止同学们提前在生源地开好假证明。"]},{"tag":"text","type":"tip","heading":"Mr.Hope の 提示","text":["请您尽量把当地的检测的相关资料带过来 (尤其是费用较高的)，然后在长春这边挂号时出示给医生。","记得强调自己是学生并讲清自己只需要医生出具诊断书，大部分情况下医生可以直接为您开具，少数特殊情况下配合相关资料，您也可能只会需要做一些费用较低的基础检测让医生定诊就可以开出诊断。"]},{"tag":"title","text":"Mr.Hope の 个人建议"},{"tag":"text","text":["由于军训强度很低，除非同学们身体有特殊情况外，不建议大家去申请理论学习。"]},{"tag":"ol","heading":"原因","text":["保健班最高的分数也只有 80 分，二有的学院评奖评优会计算军训","上交的诊断证明以及身情况说明会被记录到档案中，在以后的就业中可能会有影响","如果以一些长期的身体原因为理由申请的话，在校期间所有的体育课选课可能也会受到影响，很可能只允许选择特定时间段的保健班。而保健班的时间和专业课有冲突，可能会带来课程安排上的不便，导致您必须调整一些课程的修读学期。"]}],"cite":[],"id":"guide/activity/military/exempt"}