{"title":"国家助学贷款","time":"2022 年 8 月 9 日","shareable":true,"id":"intro/subsidize/loan/intro","author":"Mr.Hope","cite":["https://mp.weixin.qq.com/s/27IA7UOyJhH8rIIsqM7uDA","http://www.moe.gov.cn/jyb_xwfb/xw_zt/moe_357/jyzt_2015nztzl/2015_zt06/15zt06_gxzzzc/gxzz_bzks/201508/t20150810_199211.html","http://www.moe.gov.cn/jyb_xwfb/xw_zt/moe_357/jyzt_2015nztzl/2015_zt06/15zt06_gxzzzc/gxzz_yjs/201508/t20150810_199229.html"],"content":[{"tag":"title","text":"简介"},{"tag":"p","text":["国家助学贷款是由政府主导、金融机构向高校家庭经济困难学生提供的信用贷款，优先用于支付在校期间学费和住宿费，超出部分可用于弥补日常生活费."]},{"tag":"text","heading":"还款要求","text":["每生每年最高不超过 12000 元，在校期间利息由国家承担。助学贷款期限为学制加 15 年，最长不超过 22 年。"]},{"tag":"text","heading":"还款利率","text":["国家助学贷款利率执行中国人民银行同期公布的同档次基准利率，不上浮。贷款学生在校期间的国家助学贷款利息全部由财政支付，毕业后的利息由借款人全额支付。为鼓励金融机构承办国家助学贷款的积极性，建立贷款风险分担机制，财政(高校)对经办银行给予一定的风险补偿。助学贷款利率按照同期同档次贷款市场报价利率（LPR）减 30 个基点执行。"]},{"tag":"text","heading":"办理要求 - 国家助学贷款是信用贷款，学生不需要办理贷款担保或抵押，但需要承诺按期还款，并承担相关法律责任。按照学生申办地点及工作流程不同，国家助学贷款分为校园地国家助学贷款与生源地信用助学贷款两种模式。 - 借款学生同一学年内不能同时申请生源地信用助学贷款和校园地国家助学贷款，只能选择申请办理其中一种贷款。全日制研究生原则上申请办理校园地国家助学贷款。"}]}