{"title":"国际汉学院专业","author":"Mr.Hope","time":"2021年8月15日","shareable":true,"content":[{"tag":"title","text":"本科招生概况"},{"tag":"text","text":["下设汉语言文化、商贸汉语、汉语国际教育三个方向。"]},{"tag":"p","heading":"汉语言文化方向","text":["培养具有系统的汉语与中国文化等方面的知识，了解中国社会、历史、文学、哲学以及跨文化交际的基础知识和基本理论，具有较高的人文素质和跨文化交际能力，能够从事翻译、文化交流等方面工作的复合型人才。"],"style":"text-indent: 1.5em; "},{"tag":"p","heading":"商贸汉语方向","text":["培养掌握商贸专业用语和国际贸易基本知识，了解中国商业文化知识和商务礼仪，有较强业务素质，能够在各类中外商贸机构中熟练运用汉语从事相关工作的应用型专业人才。"],"style":"text-indent: 1.5em; "},{"tag":"p","heading":"汉语国际教育方向","text":["培养掌握汉语本体基础知识、中国文化知识，具备汉语教师的基本素质，掌握汉语作为第二语言教学的基本理论与方法，具备在海外从事汉语教学的能力或运用汉语从事其他相关工作能力的应用型专业人才。"],"style":"text-indent: 1.5em; "},{"tag":"title","text":"硕士研究生招生概况"},{"tag":"img","src":"https://mp.innenu.com/img/enroll/international-master.png","desc":"2021 年招生情况"},{"tag":"phone","header":"硕士研究生招生咨询电话","fName":"松蔓","lName":"李","num":"0431-85098276","org":"东北师范大学国际汉学院","title":"硕士研究生招生负责人","street":"吉林省长春市人民大街5268号","postCode":"130024","email":"lism742@nenu.edu.cn"}],"images":["https://mp.innenu.com/img/enroll/international-master.png"],"id":"intro/school/internation/enroll","scopeData":{"@type":"general","uniq_id":"intro/school/internation/enroll","cover":"https://mp.innenu.com/img/enroll/international-master.png","title":"国际汉学院专业","digest":"下设汉语言文化、商贸汉语、汉语国际教育三个方向。汉语言文化方向 培养具有系统的汉语与中国文化等方面的知识，了解中国社会、历史、文学、哲学以及跨文化交际的基础知识和基本理论，具有较高的人文素质和跨文化交际能力，能够从事翻译、文化交流等方面工作","thumbs":["https://mp.innenu.com/img/enroll/international-master.png"],"tags":["本科招生概况","硕士研究生招生概况"]}}