{"title":"国际汉学院","grey":true,"author":"Mr.Hope","time":"2021年8月15日","shareable":true,"content":[{"tag":"list","content":[{"text":"学院简介","icon":"about","path":"intro/school/internation/intro"},{"text":"专业介绍","icon":"intro","path":"intro/school/internation/enroll"}]},{"tag":"copy","header":"官网地址","text":"https://scs.nenu.edu.cn/"}],"id":"intro/school/internation/index","scopeData":{"@type":"general","uniq_id":"intro/school/internation/index","title":"国际汉学院","digest":"","thumbs":["https://mp.innenu.com/img/inNENU.jpg"],"tags":["国际汉学院"]}}