{"title":"校园卡介绍","author":"Mr.Hope","time":"2021年11月19日","shareable":true,"content":[{"tag":"title","text":"校园卡照片"},{"tag":"img","src":"https://mp.innenu.com/img/card/card.jpg","desc":"校园卡"},{"tag":"title","text":"主要功能"},{"tag":"text","text":["校园卡主要承担着校园内的消费和身份认证两大功能。"]},{"tag":"ul","heading":"生活","text":["学校门禁","食堂消费","生活用水","饮用水","校园网缴费付费","体育馆门禁"]},{"tag":"ul","heading":"学习","text":["图书超期罚款","图书馆电子阅览室的图书借阅","图书馆门禁","期中期末考试身份认证","计算机等级考试身份认证","英语四六级考试身份认证"]},{"tag":"title","text":"注意事项"},{"tag":"ul","type":"info","heading":"不同的计费系统","text":["直饮机、生活用水、网费都是有自己的小钱包的，并且可通过校园卡充值。","浴池设置单独钱包，只能通过微信充值。","本部电费是单独计费的。"]},{"tag":"p","type":"info","heading":"消费限额","text":["由于校园卡是东师内部的“电子钱包”，为了保障您的资金安全，学校对校园卡在初始情况下进行了消费上的限制。","每张校园卡的初始消费设置为: 单次消费限额 20 元，每日累计消费限额 100 元。","如当刷卡金额超过限额是，刷卡会发出提示，必须由您在卡机上确认密码才能完成消费。","当然，您可以根据自身的消费习惯通过自助终端机修改消费限额，并定期更改校园卡密码。"],"style":"text-indent: 1.5em; "}],"images":["https://mp.innenu.com/img/card/card.jpg"],"id":"guide/card/intro","scopeData":{"@type":"general","uniq_id":"guide/card/intro","cover":"https://mp.innenu.com/img/card/card.jpg","title":"校园卡介绍","digest":"校园卡主要承担着校园内的消费和身份认证两大功能。生活 学校门禁 食堂消费 生活用水 饮用水 校园网缴费付费 体育馆门禁学习 图书超期罚款 图书馆电子阅览室的图书借阅 图书馆门禁 期中期末考试身份认证 计算机等级考试身份认证 英语四六级考试身","thumbs":["https://mp.innenu.com/img/card/card.jpg"],"tags":["校园卡照片","主要功能","注意事项"]}}