{"title":"中医药三院简介","time":"2022 年 8 月 2 日","shareable":true,"cite":["http://czdsfy.com/index.php?m=&c=List&a=index&cid=32"],"content":[{"tag":"title","text":"长春中医药大学附属第三临床医院简介"},{"tag":"p","text":["长春中医药大学附属第三临床医院是一所集医疗、教学、科研于一体的三级现代化中医综合医院。","医院占地面积约 1.93 万平方米，总建筑面积 8.35 万平方米，编制床位 700 张。采用“大专科、小综合”为发展模式，实现与吉林省现有医疗机构错位发展。院内设有脑病中心、骨科中心、儿科、心血管内科（心脏康复中心）、肺病科、肾病科、妇科、口腔治疗中心、综合外科、麻醉科·手术室、重症监护病房（ICU）、内分泌代谢病科、消化病科、针灸推拿中心、风湿科、心病科、眼科、疼痛科、耳鼻喉头颈外科、皮肤科、急诊中心、健康管理（体检）中心、感染性疾病门诊等 23 个临床科室和医学影像中心、超声科、医学检验中心、血库、介入治疗中心、内镜诊断治疗中心、病理科、神经电生理室等 8 个医技科室。","提质升级，区位显优。三附院有着独有的办院优势，有长春中医药大学得天独厚的母体学科专科力量支撑优势， 孵化运营已近 4 年，有自身的办院特色，现已搬至新院址——长春市净月高新区腹地，将原有的 8 个疗区扩展至 12 个，并发展成多个诊疗中心，为医院周边近 52 万常住人口切实提供医疗救治的保障。","名医荟萃，实力担当。我院以长春中医药大学为依托，国家级名中医，省、市级名中医等各学科学术权威，如：“肺病专家”王檀、“脑病专家”赵建军、“肛肠科专家”周建华、“风湿病科专家”荣大奇、“针灸推拿专家”王富春、“小儿推拿专家”王立新等将在我院出诊。同时，为适应医院发展战略需要，实施“人才战略工程”，先后引进、外聘西医专家教授，全面提升三附院诊疗水平和服务能力。此外，医院在医疗仪器设备配置上斥资 1 亿元，配备了业内高端的 3.0T 核磁共振仪、128 层 CT 机、DR 机、数字钼靶 X 线机、全自动生化分析仪、化学发光免疫分析仪、高端彩超、电子内镜系统等先进诊疗设备，满足医院长足发展需要的同时，也为保障人民群众健康提供了强有力的支撑。","匠心独运，内外兼修。为了让患者有一个好的就医环境，我们每一个就医流程，每一个角落，都对标国内外最新理念，充分考虑到了科学与舒适度。值得一提的是，医院的室内设计于 2018 年获得了江苏省第十三届室内装饰设计大赛“公共建筑室内设计特等奖”。这是医院建筑构造的“外在之美”；专业前沿，是医院以人为本的“精神内核”。"],"style":";display: inline-block"}],"id":"guide/life/hostpital/czdsfy/intro"}