{"title":"档案馆联系方式","grey":true,"author":"Mr.Hope","time":"2021年11月28日","shareable":true,"cite":"https://dag.nenu.edu.cn/xxfb1/lxwm.htm","content":[{"tag":"title","text":"收集指导部"},{"tag":"text","text":["负责档案收集(征集)、业务指导、档案数字化、数据库建设与维护、档案鉴定及编研等。"]},{"tag":"phone","fName":"收集指导部","num":"0431-85098670","org":"东北师范大学档案馆","street":"吉林省长春市人民大街5268号","postCode":"130024","mail":"archives@nenu.edu.cn","site":"https://dag.nenu.edu.cn/"},{"tag":"title","text":"人事档案部"},{"tag":"text","text":["负责教工、学生人事档案接收、保管、整理审核转递、查询及借阅服务等；","负责人事档案数据库建设。"]},{"tag":"phone","fName":"人事档案部","num":"0431-85099149","org":"东北师范大学档案馆","street":"吉林省长春市人民大街5268号","postCode":"130024","mail":"archives@nenu.edu.cn","site":"https://dag.nenu.edu.cn/"},{"tag":"title","text":"技术服务部"},{"tag":"text","text":["负责综合档案、声像档案、实物档案等咨询、查阅及利用；负责综合档案、声像档案、实物档案管理与研究；负责出具各类学籍及学历证明；负责教育部学位中心委托的学位认证工作；负责出具毕业生出国出境所需各类英文学籍证明；负责硕博真题档案利用；负责密级档案接收与管理；负责门户网站及相关信息化建设与管理。"]},{"tag":"phone","fName":"技术服务部","num":"0431-85099339","org":"东北师范大学档案馆","street":"吉林省长春市人民大街5268号","postCode":"130024","mail":"archives@nenu.edu.cn","site":"https://dag.nenu.edu.cn/"}],"id":"intro/apartment/archive/contact","scopeData":{"@type":"general","uniq_id":"intro/apartment/archive/contact","title":"档案馆联系方式","digest":"负责档案收集(征集)、业务指导、档案数字化、数据库建设与维护、档案鉴定及编研等。负责教工、学生人事档案接收、保管、整理审核转递、查询及借阅服务等； 负责人事档案数据库建设。负责综合档案、声像档案、实物档案等咨询、查阅及利用；负责综合档案、声","thumbs":["https://mp.innenu.com/img/inNENU.jpg"],"tags":["收集指导部","人事档案部","技术服务部"]}}