{"title":"董玥彤的建议","author":"董玥彤","time":"2022 年 7 月 19 日","shareable":true,"content":[{"tag":"ul","type":"info","heading":"董玥彤介绍","text":["第二十二届“理想与成才”报告团年度人物","东师奖章获得者"]},{"tag":"title","text":"教育学部课程内容学习"},{"tag":"p","text":["在大一时要注重夯实基础，尤其像教育史这样的科目要好好背诵，熟悉一些典型的中外教育家的思想和主张，对大家后续的学习会有持续的帮助。文科学习中，最基础的就是老师给的 PPT，但这是远远不够的，老师的 PPT 大多时候只是一个简略的大纲，更多的资料需要从书中寻找，一般老师都会在上课之初就给大家推荐一些参考书，大家可以课下看书，以补充课堂 PPT 知识大纲下面的更丰富的内容。大家只有在课后耐心梳理教育学的理路，才能在脑海中建立一个好的知识体系，经过自己融会贯通的知识，才会成为记得最牢的知识。"]},{"tag":"title","text":"教育学专业期末备考经验"},{"tag":"p","text":["复习时，首先一定是要理解知识，把知识穿成线，先整理课堂笔记，在此基础上，可以尝试总结一些重点、答题的要点，一定要真正沉下心来去回味和思考。最后，可以想象着如果你就是这门课的老师，将会怎么考察学生每个知识点的掌握情况，如果恰好有自己很薄弱的地方，就要再次手写归类、整理，复现，这样的查漏补缺、攻克难点的过程是很重要的。"]},{"tag":"title","text":"文理转换心态调整篇"},{"tag":"p","type":"info","heading":"对于自己不太感兴趣的课程，学习的时候总是没有动力该怎么办？","text":["教育学部文理兼招，我高中就是一名理科生，大学初次接触教育学这门对我来说“全新”的学科的时候，我感到非常挫败，因为之前从来没看过书上那么多密密麻麻、每个字都认识、可连起来就看不懂的语句，那时候我也经历了上课听讲犯困，读书晕头转向，测验无从下笔的过程。","想告诉大家，人非圣贤，即使是看似非常全能的学霸们，也会有自己喜欢和不喜欢、擅长或不擅长的科目，大家都是一样的！虽然有些课程可能不太感兴趣，但既然我们是一定要学的，那就不如调整心态去勇敢面对。即使培养不出对这门课程的兴趣，也要抱着“越是艰难越向前”的心态去攻克它，大家想，如果你能对于不太喜欢的课程做到努力不拖后腿，喜欢的课程再达到优秀，最后的结果必然是很好的。"]},{"tag":"p","type":"info","heading":"如何面对学习挫败带来的阴影？","text":["当期末考试成绩出来之后，有同学表现欠佳，甚至会担心自己不适合这个专业。但其实我想告诉大家，在学习的路上，谁都是一边含泪，一边拼命奔跑。如果挫败已经发生，接下来要做的绝对不是怀疑自己、否定自己，而是用“积极的心态”和“实打实的努力”去逼自己一下，然后重建信心。"]}],"cite":[],"id":"intro/school/education/advice/2"}