{"title":"NCRE","author":"Mr.Hope","time":"2022 年 6 月 27 日","grey":true,"shareable":true,"content":[{"tag":"list","items":[{"text":"2022 年时间安排","icon":"time","path":"guide/exam/ncre/time"}]},{"tag":"list","items":[{"text":"NCRE 介绍","icon":"intro","path":"guide/exam/ncre/intro"},{"text":"考试报名","icon":"apply","path":"guide/exam/ncre/apply"},{"text":"考试大纲","icon":"rule","path":"guide/exam/ncre/outline"},{"text":"环境安装","icon":"environment","path":"guide/exam/ncre/env"},{"text":"成绩说明","icon":"score","path":"guide/exam/ncre/grade"}]},{"tag":"list","header":"各等级详情","items":[{"text":"计算机二级","icon":"pc","path":"guide/exam/ncre/ncre2"},{"text":"计算机三级","icon":"pc","path":"guide/exam/ncre/ncre3"},{"text":"计算机四级","icon":"pc","path":"guide/exam/ncre/ncre4"}]},{"tag":"list","items":[{"text":"常见问题","icon":"faq","path":"guide/exam/ncre/faq"}]}],"cite":[],"id":"guide/exam/ncre/index"}