{"title":"NCRE 介绍","author":"Mr.Hope","time":"2022 年 6 月 27 日","shareable":true,"content":[{"tag":"title","text":"NCRE"},{"tag":"p","text":["全国计算机等级考试 (National Computer Rank Examination，简称 NCRE)，是经原国家教育委员会(现教育部)批准，由教育部考试中心主办，面向社会，用于考查应试人员计算机应用知识与技能的全国性计算机水平测评体系。","目前《全国计算机等级考试考试大纲(2018 年版)》为最新版本考纲，自 2018 年 3 月开始实施。"]},{"tag":"title","text":"考试形式"},{"tag":"text","text":["考试全部科目采用无纸化的考试形式，均在 Windows 平台下实施。有关事宜如下。"]},{"tag":"ul","text":["无纸化考试中，全部考试过程在计算机上完成，考核内容和要求参见 2022 年考试大纲。","为方便考生作答，考点会给考生提供草稿纸和铅笔 (铅笔也可由考生自带) ，草稿纸考后收回，考生不能带离考场。","无纸化考试期间考试机上会显示和校验考生的照片，对于照片不符合要求的考生，不允许参加考试。"]},{"tag":"list","header":"考核方式","items":[{"text":"查看详情","icon":"exam","path":"guide/exam/ncre/grade"}]}],"cite":[],"id":"guide/exam/ncre/intro"}