{"title":"2022 年上半年 NCRE 安排","author":"Mr.Hope","time":"2022年5月23日","shareable":true,"content":[{"tag":"title","text":"相关时间"},{"tag":"text","type":"info","heading":"报名及支付时间","text":["2021年12月30日10:00 - 2022年1月21日16:00"]},{"tag":"text","type":"note","heading":"东北师范大学考点安排","path":"guide/exam/ncre/apply"},{"tag":"text","type":"info","heading":"准考证打印","text":["2022年3月21日至3月25日"]},{"tag":"text","type":"info","heading":"考试时间","text":["2022年3月26日至3月28日"]},{"tag":"text","type":"info","heading":"成绩查询","text":["考试成绩约在考试结束2个月后公布，考生可登录教育部考试中心中国教育考试网 (https://ncre.neea.edu.cn) 查询本次考试成绩及证书信息。"]},{"tag":"action","content":"https://ncre.neea.edu.cn"}],"cite":[],"id":"guide/exam/ncre/time"}