{"title":"马克思主义学部招生","author":"Mr.Hope","time":"2021年11月22日","shareable":true,"content":[{"tag":"title","text":"本科招生"},{"tag":"p","text":["自 2020 年起，马克思学部转为大类招生。在入学学习后分配至思想政治教育、哲学和社会学三个专业。"],"style":"text-indent: 1.5em; "},{"tag":"text","heading":"专业介绍视频"},{"tag":"video","src":"http://zsb.nenu.edu.cn/__local/F/72/F4/DC3C9AD686C7099B05E378FF66F_340F2893_1CAC0FE2.mp4?e=.mp4"},{"tag":"list","header":false,"items":[{"text":"思想政治教育","path":"intro/school/marx/mind"},{"text":"哲学","path":"intro/school/marx/philosophy"},{"text":"社会学","path":"intro/school/marx/sociel"}]},{"tag":"title","text":"硕士研究生招生概况"},{"tag":"img","src":"https://mp.innenu.com/img/enroll/marx-master.png","desc":"2021年招生信息"},{"tag":"phone","header":"硕士研究生招生咨询电话","fName":"景","lName":"年","num":"0431-85099532","org":"东北师范大学马克思主义学部","title":"硕士研究生招生负责人","street":"吉林省长春市人民大街5268号","postCode":"130024","mail":"nianj123@nenu.edu.cn"}],"cite":[],"id":"intro/school/marx/enroll"}