{"title":"马克思主义学部","grey":true,"author":"Mr.Hope","time":"2022 年 6 月 27 日","shareable":true,"content":[{"tag":"account","name":"马克思主义学部","logo":"https://mp.innenu.com/img/media/marx.png","detail":"东北师范大学马克思主义学部","wxid":"gh_32d2742e1204","wxcode":"https://mp.innenu.com/img/media/marx-qrcode.jpg","account":"marx","location":{"latitude":43.86268,"longitude":125.32826},"site":"https://marxism.nenu.edu.cn/"},{"tag":"list","items":[{"text":"学院简介","icon":"about","path":"intro/school/marx/intro"},{"text":"专业介绍","icon":"intro","path":"intro/school/marx/enroll"}]}],"cite":[],"id":"intro/school/marx/index"}