{"title":"长春龙嘉机场值机","desc":"相关资料来自长春市龙嘉国际机场官网","author":"Mr.Hope","time":"2021年8月28日","shareable":true,"content":[{"tag":"text","text":["龙嘉机场同时提供人工值机、手机值机与自助值机。"]},{"tag":"title","text":"人工值机"},{"tag":"text","heading":"值机时间","text":["2016年1月1日起，机场对所有出港航班提前40分钟停止办理乘机手续，提前15分钟关闭登机口，提前10分钟关闭飞机舱门。"]},{"tag":"text","heading":"值机柜台分布"},{"tag":"text","type":"info","heading":"T1航站楼","text":["乘坐国际或港澳台航班的旅客在T1航站楼值机岛办理乘机手续"]},{"tag":"text","type":"info","heading":"T2航站楼","text":["中国国际航空、深圳航空、山东航空、东方航空、上海航空、青岛航空、海南航空、首都航空、天津航空、金鹏航空、祥鹏航空、长安航空、吉祥航空、东海航空、成都航空、昆明航空、长龙航空、西藏航空、湖南航空、河北航空、桂林航空、中国联航、江西航空、幸福航空、春秋航空、九元航空、南方航空、四川航空、厦门航空、重庆航空等30家公司国内航班。","出发大厅共设56个值机柜台，分布在4个值机岛内，其中B岛为机场问讯处。","A岛: 春秋航空、九元航空。","B岛: 南方航空 四川航空 厦门航空 重庆航空。","C岛、D岛: 自助值机、吉祥航空、海南航空、首都航空、东海航空、成都航空、金鹏航空、天津航空、长安航空、祥鹏航空、昆明航空、长龙航空、西藏航空、湖南航空、河北航空、桂林航空、中国联航、江西航空、幸福航空、中国航空、深圳航空、山东航空、东方航空、上海航空、青岛航空。"]},{"tag":"title","text":"手机值机"},{"tag":"text","text":["2017年1月，机场开通手机值机服务，旅客关注官方微信公众号“长春龙嘉国际机场”，可以通过手机办理值机选位。","关注官方微信公众号后，点击菜单中“微信值机”，选择“微值机”，按照提示，输入“证件号、手机号、验证码”，查验行程信息后选座办理值机手续，并生成二维码；到达机场后，可以通过手机值机设备扫描已生成的二维码(在“办理值机”页面下“已办理行程”中查找生成的二维码)，打印登机凭证，直接安检登机。若有行李需要托运，可补办行李托运。"]},{"tag":"title","text":"自助值机"},{"tag":"text","text":["2018年10月，T2航站楼正式投入运营。C、D岛之间设有20台自助值机设备，C岛设有6台自助托运行李设备。A、B岛之间设有8台自助值机设备。"]}],"images":[],"id":"guide/traffic/plane/check-in","scopeData":{"@type":"general","uniq_id":"guide/traffic/plane/check-in","title":"长春龙嘉机场值机","digest":"龙嘉机场同时提供人工值机、手机值机与自助值机。值机时间 2016年1月1日起，机场对所有出港航班提前40分钟停止办理乘机手续，提前15分钟关闭登机口，提前10分钟关闭飞机舱门。值机柜台分布 T1航站楼 乘坐国际或港澳台航班的旅客在T1航站楼","thumbs":["https://mp.innenu.com/img/inNENU.jpg"],"tags":["人工值机","手机值机","自助值机"]}}