{"title":"报到相关问答","author":"Mr.Hope","time":"2021年11月27日","shareable":true,"content":[["title",{"text":"报到时间"}],["text",{"type":"info","heading":"报到时间是什么时候?","text":["本科新生报到时间为 2021 年 9 月 3 日 (星期五)","研究生新生的报到时间为 9 月 1 日 (星期三)"]}],["text",{"type":"info","heading":"可以提前入校么?","text":["由于疫情原因，非特殊情况不能提前入校。"]}],["text",{"type":"info","heading":"可是我提前到了怎么办?","text":["您可以选择住宾馆。(或者在校门外面蹲着😑进是不要想的)"]}],["list",{"header":false,"content":[{"text":"更多详情","icon":"time","path":"guide/prepare/check-in-time"}]}],["title",{"text":"门禁管控"}],["text",{"type":"info","heading":"家长可以一起陪同入校么?","text":["学校全封闭管理，家长不得入校。而且日后在新冠疫情完全结束之前，也基本不太可能入校了。"]}],["text",{"type":"info","heading":"入校后放置行李可以出校采购物品么?","text":["学校全封闭管理，不得入校后随意出校。准备工作请在入校前完成。","如果有必要，可以提前来一天在本地采购。"]}],["text",{"type":"info","heading":"学校要封闭到什么时候?","text":["按照学校最新通知，会完全封闭管理一个月。在此期间除了就医等特殊情况需要辅导员陪同出校外，其他情况一律不得出校。"]}],["title",{"text":"行李"}],["text",{"type":"info","heading":"行李一个人拿不动怎么办?","text":["因疫情防控需要，学生家长、亲友不能陪同学生进入校园。","但是新生报到时，校园内配备服务车转运行李，学生志愿者提供服务保障。","同时请您酌情考虑邮寄被子、衣物等体积大的物件。只随身携带贵重物品。","注意: 净月寝室楼只有6楼，没电梯，所以请务必对帮您搬行李的学长学姐表示感谢，并记住他们的名字和相貌，开学之后见到记得打招呼。"]}],["list",{"header":false,"content":[{"text":"快递详情","icon":"express","path":"guide/express/index"}]}]],"cite":[],"id":"guide/faq/check"}