{"title":"本部饮品店","author":"Mr.Hope","time":"2021年11月8日","shareable":true,"content":[{"tag":"title","text":"校内"},{"tag":"ul","text":["天天奶斯: 北苑地下一楼","贡茶: 南苑一楼","黑泷堂: 学生浴池","亓嘉咖啡: 三舍AB大厅"]},{"tag":"img","src":"https://mp.innenu.com/img/life/benbu/heilongtang.jpg","desc":"黑泷堂店内环境"},{"tag":"title","text":"校外"},{"tag":"ul","text":["文昌路上有一家蜜雪冰城","桂林路附近的桂林胡同有七八家奶茶店"]}],"images":["https://mp.innenu.com/img/life/benbu/heilongtang.jpg"],"id":"guide/life/drink/benbu","scopeData":{"@type":"general","uniq_id":"guide/life/drink/benbu","cover":"https://mp.innenu.com/img/life/benbu/heilongtang.jpg","title":"本部饮品店","digest":"天天奶斯: 北苑地下一楼 贡茶: 南苑一楼 黑泷堂: 学生浴池 亓嘉咖啡: 三舍AB大厅文昌路上有一家蜜雪冰城 桂林路附近的桂林胡同有七八家奶茶店","thumbs":["https://mp.innenu.com/img/life/benbu/heilongtang.jpg"],"tags":["校内","校外"]}}