{"title":"传媒科学学院招生","author":"Mr.Hope","time":"2022 年 6 月 27 日","shareable":true,"content":[{"tag":"title","text":"本科招生情况"},{"tag":"p","text":["传媒科学学院下设广播电视编导、播音与主持艺术、新闻学、广告学、数字媒体技术五个本科专业，其中新闻学和广告学使用新闻传播学类进行招生。"],"style":"text-indent: 1.5em; "},{"tag":"text","heading":"专业介绍视频"},{"tag":"video","src":"http://zsb.nenu.edu.cn/__local/F/A3/EE/3B09C25A7672419491A7945A56B_2B2A9CD7_1515D839.mp4?e=.mp4"},{"tag":"list","header":"本科专业介绍","items":[{"text":"广播电视编导","path":"intro/school/media/director"},{"text":"播音与主持艺术","path":"intro/school/media/host"},{"text":"新闻传播学类","path":"intro/school/media/class"},{"text":"数字媒体技术","path":"intro/school/media/digital"}]},{"tag":"title","text":"硕士研究生招生概况"},{"tag":"img","src":"https://mp.innenu.com/img/enroll/media-master.png","desc":"2021 年招生信息"},{"tag":"phone","header":"硕士研究生招生咨询电话","fName":"夏婧","lName":"刘","num":"0431-84536313","org":"东北师范大学传媒科学学院(新闻学院)","title":"硕士研究生招生负责人","street":"吉林省长春市净月大街 2555 号","postCode":"130117","mail":"liuxj948@nenu.edu.cn"}],"cite":[],"id":"intro/school/media/enroll"}