{"title":"金融学专业","desc":"来源: 2022 年本科招生指南","time":"2022 年 7 月 14 日","cite":["https://book.eol.cn/books/cusm/mobile/index.html","http://bs.nenu.edu.cn/xsgz/bksjy/bkzysz_jj/jrxzy1.htm"],"shareable":true,"content":[{"tag":"title","text":"专业简介"},{"tag":"p","text":["为普通类专业，旨在培养适应社会主义市场经济和金融产业发展需要，着重培养德才兼备、金融学理论基础扎实，掌握现代金融分析方法的学术型拔尖人才，以及满足金融机构、金融监管部门需要的应用型精英人才。","东北师范大学金融学专业是教育部 2020 年“双万计划”国家级一流本科专业建设点。2015 年获批吉林省品牌专业；2018 年获批吉林省特色高水平专业 A 类；2019 年被评为吉林省一流专业。"]},{"tag":"title","text":"主干课程"},{"tag":"ul","text":["金融学","财政学","国际经济学","投资学","商业银行业务与经营","公司金融","保险学","证券投资分析","金融工程","国际金融"]},{"tag":"title","text":"学费价格"},{"tag":"text","text":["3850 元/年"]},{"tag":"title","text":"就业方向"},{"tag":"p","text":["本专业毕业生就业去向为金融机构，主要有中国银保监会、中国银行等主要商业银行、中国人寿财产保险公司以及其他金融机构。也可进一步深造后在高校和研究机构从事金融相关的教学和科学研究工作。","近三年，本专业共有毕业生 264 人，就业率 100%，境内外总升学率达 38%，其中，境外升学率为 8%。学生毕业后继续升学深造的国内外高校主要有中国人民大学、中央财经大学、上海财经大学、西南财经大学、厦门大学、武汉大学、香港大学、美国麻省理工学院、新加坡南洋理工大学、英国爱丁堡大学、新西兰梅西大学等。本科就业去向与培养目标高度一致，就业单位主要有中国人民银行分支机构、金融监管部门、商业银行、保险公司、证券公司以及其他金融机构。"]}],"id":"intro/school/economy/finance"}