{"title":"经济与管理学院介绍","desc":"摘自 2022 年本科招生指南","time":"2022年6月27日","cite":["https://book.eol.cn/books/cusm/mobile/index.html"],"shareable":true,"content":[{"tag":"account","name":"经济与管理学院","logo":"https://mp.innenu.com/img/media/economic.jpg","detail":"东北师范大学经济与管理学院","wxid":"nenubs","wxcode":"https://mp.innenu.com/img/media/economy-qrcode.jpg","account":"economy","location":{"latitude":43.82776,"longitude":125.42727},"site":"https://bs.nenu.edu.cn/"},{"tag":"title","text":"学院简介"},{"tag":"p","text":["东北师范大学是国内较早开设经济管理学科的高校之一，1986 年在原政治经济学教研室基础上成立东北师范大学经济管理系，1995 年经济管理系扩大并成立国际工商管理学院，2004 年国际工商管理学院分立商学院和经济学院，2019 年原经济学院与商学院合并成立经济与管理学院。目前是东北师范大学办学规模最大的学院。"],"style":"text-indent: 1.5em; "},{"tag":"video","src":"http://bs.nenu.edu.cn/__local/4/EC/2D/C5B50CEA39BD5EFFEE9FCEBD788_C8A431AF_3E9A38.mp4?e=.mp4"},{"tag":"title","text":"师资力量"},{"tag":"p","text":["学院拥有一大批潜心教学和扎根中国大地做研究的教师队伍，专任教师 77 人，教授 25 人，副教授 35 人，博士生导师 27 人，其中超过一半的教师有一年以上海外学习经历。"],"style":"text-indent: 1.5em; "},{"tag":"title","text":"学科建设"},{"tag":"p","text":["学院目前设有企业管理系、会计学、金融学、经济学 4 个系；有人力资源管理、市场营销、金融学、经济学、会计学 5 个本科专业，其中会计学专业设有教育部批准的与美国南伊利诺伊大学合作的中美合作办学项目；有工商管理、应用经济学、理论经济学 3 个一级学科硕士点；工商管理硕士 (MBA)、会计硕士 (MPAcc) 和金融硕士 3 个专业学位硕士点；有应用经济学一级学科博士点和应用经济学、理论经济学 2 个博士后流动站。金融学、会计学、经济学和人力资源管理专业为国家级一流专业建设点，市场营销专业为吉林省一流专业建设点。工商管理学科、应用经济学学科为吉林省特色高水平学科建设 A 类，理论经济学学科为吉林省特色高水平学科建设 B 类。学院各层次所有专业学生都有与众多海外高校学术和学习交流机会，与新西兰梅西大学、美国南伊利诺伊大学、法国雷恩商学院等知名高校本硕阶段互认学分，学生可在本硕两个阶段选择海外交流学习，并获得相应的学位。","根植东北师范大学的厚德广誉和红色基因，东北师范大学经济与管理学院为国家和社会培养了一批批“学高身正”的经济与管理人才，有中国各行业领先企业的高级经理人，有载德仁厚的创业者，有扎根中国大地知名学者和一心为民的政府高级公务人员，得到了社会和用人单位的高度认可。"],"style":"text-indent: 1.5em; "},{"tag":"title","text":"联系方式"},{"tag":"ul","text":["地址: 长春市净月大街2555号","邮政编码: 130117","电话: 0431-84536036"]},{"tag":"phone","fName":"经济与管理学院","num":"0431-84536036","org":"东北师范大学","street":"吉林省长春市净月大街 2555 号","postCode":"130117","site":"https://bs.nenu.edu.cn/"}],"id":"intro/school/economy/intro"}