{"title":"转专业常见问题","author":"Mr.Hope","time":"2021年9月1日","shareable":true,"content":[{"tag":"text","type":"warning","text":["此常见问题由 Mr.Hope 整理提供，相关解答来自于 Mr.Hope，但 Mr.Hope 作为一个平凡硕士生，对学校政策没有任何解释权。","解答只对学校和大部分学院的现有执行状况进行阐述，如有变动和错误，请以学校、学院解释为准。","如果您发现您的实际情况与页面描述不一致，也欢迎您及时向 Mr.Hope 反馈，以更好地修正本内容。"]},{"tag":"title","text":"常见问题收集"},{"tag":"text","type":"tip","heading":"公费师范生可以转到其他公费专业么?","text":["可以，根据公费师范生协议第十一条 “根据甲方的相关规定，入学后两年内可在甲方规定的师范类专业内进行专业二次选择。”， 公费师范生可以在大一和大二提出申请转专业。","公费师范生可按照所在学校规定的办法和程序，在师范专业范围内进行二次专业选择。"]},{"tag":"text","type":"tip","heading":"公费师范生可以转到其他非公费专业么?","text":["正常情况下不可以。因为公费师范生均已签订公费师范生协议，国家出资提供学费与生活补助，必须按照签订协议的要求回到生源地定向就业教师工作至少六年。","对于经考察不适合从教的公费师范生，在入学1年内，按照规定退还已享受的学费、住宿费和生活费补助，并由所在学校根据当年高考成绩将其调整到符合录取条件的相关专业。","对于其他情况，需要违约公费师范生协议。您需要通过学院和学校的审批，同意转出后，到生源省教育厅官网下载违约申请表，根据生源省教育厅要求，逐级审核盖章。"]},{"tag":"text","type":"tip","heading":"其他普通专业可以转到公费师范专业么?","text":["可以","有志从教并符合条件的非公费师范专业、非师范专业优秀学生，在入学2年内，可在省教育厅和学校核定的公费师范生招生计划内转入师范专业，签订协议并由所在学校按相关标准返还学费、住宿费，补发生活费补助。","国家给的公费示范生的名额是固定的，当已经被录取为公费师范生的同学违约、相关专业没有录满或已录取的同学放弃报到，产生空缺名额时，可以转入。但是，公费师范生由于定向就业，名额会有省份 (即生源地) 和学科的双重要求。","只有空缺的学科无人填报转入时，学校才可能考虑转换空缺名额的专业或是放开省份的限制，而这显然不大可能。而您所在省份有没有空缺名额完全是看命的一件事情。所以可以按时关注相关通知，但不要指望太多。","注: 2020年全校只有六个"]},{"tag":"text","type":"tip","heading":"优师专项师范生的转入、互转与转出?","text":["和公费师范生协议不同，优师计划协议没有一条是关于专业的二次选择的，所以优师专项计划生大概率不允许转专业。","另外，协议明确规定违约会将违约记录归入个人人事档案并纳入社会信用体系。","可以预测的是会有一些人因为首年不了解协议的义务随意填报而最终导致不接受优师专项计划从而放弃报到入学，应该会有一定空缺名额，转入应该较为容易。"]}],"id":"guide/change-major/faq","scopeData":{"@type":"general","uniq_id":"guide/change-major/faq","title":"转专业常见问题","digest":"此常见问题由 Mr.Hope 整理提供，相关解答来自于 Mr.Hope，但 Mr.Hope 作为一个平凡硕士生，对学校政策没有任何解释权。 解答只对学校和大部分学院的现有执行状况进行阐述，如有变动和错误，请以学校、学院解释为准。 如果您发现","thumbs":["https://mp.innenu.com/img/inNENU.jpg"],"tags":["常见问题收集"]}}