{"title":"申请流程","author":"Mr.Hope","time":"2022 年 6 月 27 日","shareable":true,"content":[{"tag":"title","text":"资助申请流程"},{"tag":"p","text":["入学后，学校统一组织资助对象认定，对于获得资助对象资格的家庭经济困难学生给予相应资助。"],"style":"text-indent: 1.5em; "},{"tag":"title","text":"资助对象申请流程"},{"tag":"img","src":"https://mp.innenu.com/img/subsidize/subsidize1.png"},{"tag":"title","text":"勤工助学岗位申请流程"},{"tag":"img","src":"https://mp.innenu.com/img/subsidize/subsidize2.png"}],"cite":[],"id":"intro/subsidize/application"}