{"title":"本部水果店","author":"Mr.Hope","time":"2021年11月22日","shareable":true,"content":[["title",{"text":"校内"}],["location",{"title":"本部水果店","points":[{"latitude":43.862844,"longitude":125.332547,"name":"天猫水果超市","detail":"北苑地下一楼"},{"latitude":43.862592,"longitude":125.33717,"name":"“心随果动”水果店","detail":"浴池一楼"}]}],["img",{"src":"https://mp.innenu.com/img/bath/benbu-shop1.jpg","desc":"“心随果动”水果店"}],["title",{"text":"校外"}],["ul",{"text":["北侧自由大路在幼儿园校门附近有一个京东超市。","南侧文昌路在南门附近南侧有一家，向东走还有一家。"]}]],"cite":[],"id":"guide/life/fruit/benbu","images":["https://mp.innenu.com/img/bath/benbu-shop1.jpg"]}