{"title":"吉大一院","time":"2022 年 8 月 2 日","shareable":true,"id":"guide/life/hostpital/jdyy/index","author":"Mr.Hope","cite":[],"content":[{"tag":"list","items":[{"text":"医院简介","icon":"about","path":"guide/life/hostpital/jdyy/intro"},{"text":"预约挂号","icon":"time","path":"guide/life/hostpital/jdyy/register"},{"text":"楼层导航","icon":"floor","path":"guide/life/hostpital/jdyy/floor"},{"text":"医院联系方式","icon":"phone","path":"guide/life/hostpital/jdyy/contact"}]}]}