{"name":"东师化院","detail":"东北师范大学化学学院","desc":"这里是东北师范大学化学学院。给你呈现不一样的化院姿态，带你领略最新潮的学院风尚，陪你度过最温暖的大学时光。","id":"dongshihuayuan","logo":"https://mp.innenu.com/img/media/chemistry.jpg","qrcode":"https://mp.innenu.com/img/media/chemistry-wechat.jpg","article":[{"cover":"http://mmbiz.qpic.cn/mmbiz_jpg/act0VYG1jlp3XeJEzUUB5AXQuibicUplLUckAOqenbtQNVa43Sv5ZlLzl7wR25WBetLhzv9Hvia5micQP3rdsCw5Uw/0?wx_fmt=jpeg","title":"化·纳新||化院团委招新啦！","desc":"团委2021，期待与你相见！","url":"https://mp.weixin.qq.com/s/aQNvtFacRAqVM5FVlMfRVg"},{"cover":"http://mmbiz.qpic.cn/mmbiz_jpg/act0VYG1jlrwQRs6folgkseLNCJk3cyMSR98ZFzOwicH8mxfd1gI6diaxIAicic2GQu4Y9tDjNcoeHP8ZdQDpHzaeA/0?wx_fmt=jpeg","title":"化·萌新攻略||交通指南","desc":"各位萌新们，交通指南来啦！","url":"https://mp.weixin.qq.com/s/sPxKg8coePSVhKr03yZJAg"},{"cover":"http://mmbiz.qpic.cn/mmbiz_jpg/act0VYG1jlrAeJTCt8xp6TrCUqOibSrAG6yr0HgyrRfZZDgGQdiaCIFn1y8tvra2edX7bt4mtEibxcPD0saM2mYqg/0?wx_fmt=jpeg","title":"化·萌新攻略||萌新们，校园生活攻略在这里~","desc":"Nenuer们，快来和小编一起“云度过”东师化院人的一天吧！！！","url":"https://mp.weixin.qq.com/s/HIGDRj4NVdY5W4LLry4idA"},{"cover":"http://mmbiz.qpic.cn/mmbiz_jpg/act0VYG1jlqqEeavpSsQ0IPtDoQwwzpmVwdRdYtE9PdsgO8xdf1D0nicYoOTiaiaCf9jorAuz9mG5YlUCDDn027fQ/0?wx_fmt=jpeg","title":"以书之名，初识大学||化学学院新生荐读书目","desc":"在未曾谋面的日子里，让我们一起丰满羽翼、蓄力起航。","url":"https://mp.weixin.qq.com/s/gD1C-p-RcFarHvUC-dJQNA"},{"cover":"http://mmbiz.qpic.cn/mmbiz_jpg/act0VYG1jlqlSqjsmCPhGQuDjlBlqyhMMQ1icStgAjxv3CCaumicVL23lAGgt2dkiacUsdH2rjiaa6E9NZbLl4amNA/0?wx_fmt=jpeg","title":"化·毕业||青春不老，我们不散","desc":"现场超感动！多图回顾东北师范大学化学学院2021届毕业晚会精彩瞬间~","url":"https://mp.weixin.qq.com/s/lUcbcRJJrTZ0pqbwDKoQaw"},{"cover":"http://mmbiz.qpic.cn/mmbiz_jpg/act0VYG1jlqLv6e3GWKIHpkCg2iaSf808C2Znwf49J1q9jribAVZxIiaDoWvhia9UsFQ1nvOsJcofRLVVqTs8x16BA/0?wx_fmt=jpeg","title":"化·学习||“百年党史•青春力量”之大学生如何上好一门团课","desc":"快来和化院团委一起探讨一门优秀团课的诞生过程吧！","url":"https://mp.weixin.qq.com/s/ibFc-W_nUTJGYaQE7UGfjQ"},{"cover":"http://mmbiz.qpic.cn/mmbiz_jpg/act0VYG1jlqLv6e3GWKIHpkCg2iaSf808XdXo2YGmuWwkhHcic2d69KL4XjXcBmdGoQL8kicl82TSMIQfRznibFE4g/0?wx_fmt=jpeg","title":"化·科研||化语科研系列报刊","desc":"化语科研系列报刊要与大家见面啦！","url":"https://mp.weixin.qq.com/s/kf6oWCl3K5dteI7ZZrx9bA"},{"cover":"http://mmbiz.qpic.cn/mmbiz_jpg/act0VYG1jloqgiaOnCWmial4vD4IyIxTicgZgQeZMMa1SMiaPA7b9CSqe0H4BkBT8BkTIsPVCfqxdId2UDLj1iaUJMg/0?wx_fmt=jpeg","title":"化·女生||“指尖上的工艺”主题活动","desc":"指尖上的工艺","url":"https://mp.weixin.qq.com/s/pBMFDoPGMnNtCExupUetYQ"},{"cover":"http://mmbiz.qpic.cn/mmbiz_jpg/act0VYG1jlqLv6e3GWKIHpkCg2iaSf8089gx2BFHtPGH3ZpziaMON26sHIL2bibFZibdeW7gCpjk30bcQKJEKDe8Kg/0?wx_fmt=jpeg","title":"化·夏令营||东北师范大学化学学院2021年夏令营与你相约","desc":"东北师范大学化学学院2021年夏令营与你相约！","url":"https://mp.weixin.qq.com/s/8McJ_RTquPLI9NNIj8vG4Q"},{"cover":"http://mmbiz.qpic.cn/mmbiz_jpg/act0VYG1jloSm9VkMWM6ujicxnOqq0pu7AMZbftAMibib5TicdzA0vfb1R5lfrt3qCaHb1Op1eyapg26BthPby6erQ/0?wx_fmt=jpeg","title":"化·诚信||人无信不立","desc":"诚信为人，诚信考试。","url":"https://mp.weixin.qq.com/s/UKEHyAeEwROb8LhzcJvqaA"},{"cover":"http://mmbiz.qpic.cn/mmbiz_jpg/act0VYG1jlqf3UDCxN1SznpzWTXlcib6hqSibNLHDq3iaH75M8CEk1tXibHIVeyHMFPMAJBtw603w45GpTUlhBO0jA/0?wx_fmt=jpeg","title":"化·大齿轮||不忘初心，奋斗逐梦","desc":"奋斗的青春最美丽！","url":"https://mp.weixin.qq.com/s/rN8pLMRMI60hY2Gs_fG18g"},{"cover":"http://mmbiz.qpic.cn/mmbiz_jpg/act0VYG1jlrhQbJBOF8LDia2GqwEora9kvONqpWaicolYD9L3icFyXSyVJdubicz1aVYic5A2eicND01sJxfmQic2MprA/0?wx_fmt=jpeg","title":"化·小齿轮||潘永禛带你总结有机化学第六章知识点","desc":"小齿轮课堂开课啦，大家一起来看看吧！","url":"https://mp.weixin.qq.com/s/c75Ss4ItQLVrtojh1p_ohg"},{"cover":"http://mmbiz.qpic.cn/mmbiz_jpg/act0VYG1jlogkPJB5zSicbL4ar6cM2FnXf3hjaQ1cffjFBH39J099PWB3Suge6fUQWozRVJnf4WaNkVxcAwXKng/0?wx_fmt=jpeg","title":"化·党史||家乡建筑中的红色历史","desc":"参观家乡红色建筑，回顾党的实践道路。","url":"https://mp.weixin.qq.com/s/8Z27i-ekomJ-hKPJUmF0oA"},{"cover":"http://mmbiz.qpic.cn/mmbiz_jpg/act0VYG1jlrXica7uBhbvvyriaibyxrjicJ0fRFqMg3Gxavw7zdiaZiaOECFib1QXhMMBFpwqAOpx1T7eI80CicqTFQibWg/0?wx_fmt=jpeg","title":"化·科普||免洗洗手液消毒后进食安全吗？","desc":"免洗洗手液消毒后的双手进食安全吗？走进小科普课堂来了解一下吧！","url":"https://mp.weixin.qq.com/s/X7YKEBBAqIiums44nwBK9w"},{"cover":"http://mmbiz.qpic.cn/mmbiz_jpg/act0VYG1jloDPVrnCBl2p1MHMPE0YQibiaxv4qO0TDMebXsicic0fKiclzbvnwicaPvPLcZ7X3rVAWPdwl8Rib3GjMcbA/0?wx_fmt=jpeg","title":"化·科普||你真的会洗手吗？","desc":"一起来了解正确的洗手细节和洗手时间吧！","url":"https://mp.weixin.qq.com/s/Eud39P8njv1dLe50t3__MA"},{"cover":"http://mmbiz.qpic.cn/mmbiz_jpg/act0VYG1jlqiaXuHCSyC41TkuNxWj4tZIBIibm4HM915zAcuQIAD6jEicWibellHcJaXhWlJ83r3PcjaySAN3sO5bg/0?wx_fmt=jpeg","title":"化·小齿轮||马珑玲学姐陪你重温仪器分析知识点","desc":"小齿轮课堂开课啦，快来看看吧！","url":"https://mp.weixin.qq.com/s/9gfElRydLRU9ilm1maJ2xQ"},{"cover":"http://mmbiz.qpic.cn/mmbiz_jpg/act0VYG1jlqiaXuHCSyC41TkuNxWj4tZIBIibm4HM915zAcuQIAD6jEicWibellHcJaXhWlJ83r3PcjaySAN3sO5bg/0?wx_fmt=jpeg","title":"化·小齿轮||马珑玲学姐陪你重温仪器分析知识点","desc":"小齿轮课堂开课啦，快来看看吧！","url":"https://mp.weixin.qq.com/s/9gfElRydLRU9ilm1maJ2xQ"},{"cover":"http://mmbiz.qpic.cn/mmbiz_jpg/act0VYG1jlpvkSyDtrFTHQF25iaAUUmrg5ZTXzicSNk64pH80ydia1XgkNqBIexqnxVoLtJhiaJ4UWSuPqWwtp4nhQ/0?wx_fmt=jpeg","title":"化·劳动节||热爱生活，劳动光荣","desc":"致敬每一位劳动者。","url":"https://mp.weixin.qq.com/s/0JralXcd4B7ruAaE7QjMmA"},{"cover":"http://mmbiz.qpic.cn/mmbiz_jpg/act0VYG1jlr2icZ5nvQHkqicGnbYhhIKjPiaNNcEqbKQCnymgzmkCTPuH4mV9mwZWbCCvom4cR64r12temKRzBxAA/0?wx_fmt=jpeg","title":"化·科普||打造疫苗的方法","desc":"疫苗的研究方法","url":"https://mp.weixin.qq.com/s/vYStFzTkhHa3XIC7wAKwjw"},{"cover":"http://mmbiz.qpic.cn/mmbiz_jpg/act0VYG1jlqf7ib4f8yQpRlAsMkibOWM1o4n9Sl2HbibzfXL1yTeu5241gp79GTBk81L7E1qzwwNhnkFhiaicaHXiaNQ/0?wx_fmt=jpeg","title":"化·小齿轮||潘永禛同你相约有机","desc":"小齿轮课堂开课啦！大家一起来看看吧！","url":"https://mp.weixin.qq.com/s/oNis3Bk11rBWYZW2-_Nkvw"},{"cover":"http://mmbiz.qpic.cn/mmbiz_jpg/act0VYG1jlqaPTZSsVFhX3WgoeBnMD2DACldHVKr3XSgAtB0YTGbC3R8ibCEERYvUHXLicjzk6bdSiaq7yNhFJ5Cg/0?wx_fmt=jpeg","title":"化·大齿轮||毅心战疫，永不言弃","desc":"毅心战疫，永不言弃。","url":"https://mp.weixin.qq.com/s/73HEbrqWn8_ETC9C9PThLA"}]}