{"title":"净月打印复印","author":"Mr.Hope","time":"2021年11月22日","shareable":true,"content":[["title",{"text":"校内店铺"}],["text",{"text":["校内现有两家复印店。"]}],["ul",{"text":["师大图文复印店","知行图文"]}],["text",{"heading":"知行图文","text":["位于学生浴池旁。"]}],["img",{"src":"https://mp.innenu.com/img/life/jingyue/zhixing-copy.jpg","desc":"店铺照片"}],["img",{"src":"https://mp.innenu.com/img/life/jingyue/zhixing-price.jpg","desc":"价格表"}],["text",{"heading":"师大图文复印店","text":["位于二食堂超市对面"]}],["img",{"src":"https://mp.innenu.com/img/shop/jingyue-copy.jpg","desc":"店铺照片"}],["title",{"text":"校外店铺"}],["text",{"text":["暂无信息"]}]],"cite":[],"id":"guide/life/print/jingyue","images":["https://mp.innenu.com/img/life/jingyue/zhixing-copy.jpg","https://mp.innenu.com/img/life/jingyue/zhixing-price.jpg","https://mp.innenu.com/img/shop/jingyue-copy.jpg"]}