{"title":"体育与国防教育","time":"2022 年 7 月 6 日","shareable":true,"id":"guide/course/general/pe","author":"Mr.Hope","cite":[],"content":[{"tag":"title","text":"学分"},{"tag":"ul","heading":"6 学分","text":["体育课程共设 4 学分。\n2021 级及以后: 必修课程 4 学分。\n2020 级及以前: 必修课程 2 学分，选修课程 2 学分。","国防教育课程共设 2 学分，包括军训和军事理论教育两个部分，各 1 学分。"]},{"tag":"title","text":"课程介绍"},{"tag":"p","text":["体育课程旨在培养学生的健康意识，帮助学生掌握锻炼身体和增进健康的手段和方法","国防教育课程旨在培养学生的国防意识。"]},{"tag":"title","text":"课程与对应的教材、学期与学分"},{"tag":"ul","heading":"2020 级及以后","text":["体育 1: 自选 大一上 0.5 学分","体育 2: 自选 大一下 0.5 学分","体育 3: 自选 大二上 0.5 学分","体育 4: 自选 大二下 0.5 学分","体育 5: 自选 大三上 0.5 学分","体育 6: 自选 大三下 0.5 学分","体育 7: 自选 大四上 0.5 学分","体育 8: 自选 大四下 0.5 学分","军事训练: 无 大一开学 1 学分","军事理论: 无 大一下 1 学分"]},{"tag":"ul","heading":"2019 级及以前","text":["体育 1: 自选 大一上 1 学分","体育 2: 自选 大一下 1 学分","体育 3: 自选 大二上 1 学分","体育 4: 自选 大二下 1 学分","军事训练: 无 大一开学 1 学分","军事理论: 无 大一下 1 学分"]}]}