{"title":"本科招生录取常见问题","time":"2022 年 7 月 13 日","shareable":true,"id":"intro/enroll/under/faq/admission","author":"Mr.Hope","cite":[],"content":[{"tag":"title","text":"录取查询"},{"tag":"text","type":"info","heading":"我该如何确认自己被东北师范大学录取?","text":["请自行根据省招办提供的信息，通过自己对应省份的招生网站查询自己的录取情况。","如果您可以在自己省份查询到东北师范大学的录取信息，即被东北师范大学录取。"]},{"tag":"title","text":"通知书"},{"tag":"text","type":"info","heading":"我该如何查询自己的录取通知书物流?","text":["目前招生办官方尚未提供 2022 年录取查询方式。"]},{"tag":"text","type":"info","heading":"为什么我在省招办可以查询到录取，但是在此网页查不到?","text":["此网站的作用是明确录取专业，并提供录取通知书单号查询。","此网站录入消息会有严重滞后，只要您在省招办查询到录取，即为录取。"]},{"tag":"text","type":"info","heading":"为什么这么多天了，录取通知书还是没动静?","text":["招生办人员有限，每日工作量有限，核对录取信息并制作录取通知书需要时间，请您耐心等待。","我校录取通知书发 EMS 航空件，一般 1 - 3 天即可到达。","除特殊情况 (如恶劣天气等)，录取通知书到达时间不晚于开学前 10 天。极其偏远的地区也不会晚于开学前 7 天。"]}]}