{"title":"东师e起战疫介绍","author":"Mr.Hope","time":"2021年8月15日","shareable":true,"content":[{"tag":"title","text":"介绍"},{"tag":"text","text":["“东师 e 起战疫” 是学校的官方微信小程序，用于学生每日的健康情况上报、出入申请、返校申请等。"]},{"tag":"text","heading":"找到小程序","text":["请扫描下方的二维码","或在微信首页下拉，搜索 “东师 e 起战疫”"]},{"tag":"img","src":"https://mp.innenu.com/img/prepare/miniprogram.jpg"}],"images":["https://mp.innenu.com/img/prepare/miniprogram.jpg"],"id":"guide/epidemic/miniprogram/intro","scopeData":{"@type":"general","uniq_id":"guide/epidemic/miniprogram/intro","cover":"https://mp.innenu.com/img/prepare/miniprogram.jpg","title":"东师e起战疫介绍","digest":"“东师 e 起战疫” 是学校的官方微信小程序，用于学生每日的健康情况上报、出入申请、返校申请等。找到小程序 请扫描下方的二维码 或在微信首页下拉，搜索 “东师 e 起战疫”","thumbs":["https://mp.innenu.com/img/prepare/miniprogram.jpg"],"tags":["介绍"]}}