{"title":"返校码介绍","author":"Mr.Hope","time":"2021年8月23日","shareable":true,"content":[{"tag":"title","text":"颜色说明"},{"tag":"text","text":["只有绿码才能返校申请并返校，其他颜色都不能来长春报道或返校。","黄码一律暂缓返校，需要继续打卡打到自动变绿为止才能申请返校。","红码不允许返校，继续打卡也不能自动变绿，等待学校后续通知。"]},{"tag":"title","text":"错误打卡"},{"tag":"text","text":["打卡的时候，提交人已经勾选并承诺提交数据准确。提交错误数据，当日未发现撤回重新填写的，后果一律自负。","系统中辅导员只能撤回当天的打卡异常记录并通知学生重打，历史记录一律留档不许更改。"]},{"tag":"title","text":"红码的产生"},{"tag":"text","text":["只有比较严重的填报才会产生红码。红码出现后，不能通过后续打卡变色，需要由学校开会讨论决定，通过后方可返校。"]},{"tag":"ul","heading":"原因","text":["当前状态选择新冠确诊/疑似病例","自己为密切接触者","状态为医学隔离","自身位置选择在国境外。"]},{"tag":"title","text":"黄码的产生"},{"tag":"text","text":["黄码标记风险，需要 14 天打卡正常即可自动转为绿码返校。"]},{"tag":"ul","heading":"原因","text":["打卡定位时手动选择的地址或自动的定位处于长春市管控地区","异常打卡多次，包括手动位置调整与实际定位偏差过大、选择当日未出行但实际定位与前日偏差过大等","打卡时选择身处于中高风险区或重点地区所在行政区(县)","打卡时汇报家人从国境外返回且未不满14天","本人或共同生活人员来自中高风险地区或重点地区","状态为居家隔离或解除隔离未满14天"]},{"tag":"text","type":"danger","text":["学校的返校码颜色并不接入吉林省或全国的疫情防控系统，仅分析学生提交数据。","如果返校、报到时与其他系统核对时，查实错报瞒报真实情况，学校将会严肃处理，最高失去报道资格(未报到)/开除学籍(在校生)。"]}],"images":[],"id":"guide/epidemic/miniprogram/return-code","scopeData":{"@type":"general","uniq_id":"guide/epidemic/miniprogram/return-code","title":"返校码介绍","digest":"只有绿码才能返校申请并返校，其他颜色都不能来长春报道或返校。 黄码一律暂缓返校，需要继续打卡打到自动变绿为止才能申请返校。 红码不允许返校，继续打卡也不能自动变绿，等待学校后续通知。打卡的时候，提交人已经勾选并承诺提交数据准确。提交错误数据","thumbs":["https://mp.innenu.com/img/inNENU.jpg"],"tags":["颜色说明","错误打卡","红码的产生","黄码的产生"]}}