{"title":"教育学部招生","desc":"研究生招生信息来自研究生院","time":"2022年6月26日","shareable":true,"content":[{"tag":"title","text":"本科招生概况"},{"tag":"p","text":["教育学部自 1951 年开始招收培养本科生，2022 年招生专业为教育学类、学前教育（公费师范)、小学教育(公费师范)，全部是国家级一流本科专业建设点。"],"style":"text-indent: 1.5em; "},{"tag":"text","heading":"专业介绍视频"},{"tag":"video","src":"http://zsb.nenu.edu.cn/__local/7/F6/CF/7A5A8154456418A356354C8F71B_DD2F51BA_FC688C7.mp4?e=.mp4"},{"tag":"img","src":"https://mp.innenu.com/img/enroll/education-major.png"},{"tag":"list","header":"各专业介绍","items":[{"text":"教育学类","path":"intro/school/education/class"},{"text":"小学教育(公费师范)","path":"intro/school/education/primary-free"},{"text":"学前教育(公费师范)","path":"intro/school/education/before-free"}]},{"tag":"title","text":"本科招生咨询电话"},{"tag":"phone","fName":"王老师","num":"0431-85098033","org":"东北师范大学教育学部","title":"本科教务秘书","street":"吉林省长春市人民大街5268号","postCode":"130024","mail":"fed@nenu.edu.cn"},{"tag":"title","text":"硕士研究生招生概况"},{"tag":"img","src":"https://mp.innenu.com/img/enroll/education-master.png","desc":"2021 年招生情况"},{"tag":"phone","header":"硕士研究生招生咨询电话","fName":"建光","lName":"肖","num":"0431-85098033","org":"东北师范大学教育学部","title":"硕士研究生招生负责人","street":"吉林省长春市人民大街5268号","postCode":"130024","mail":"xiaojg074@nenu.edu.cn"}],"cite":[],"id":"intro/school/education/enroll"}