{"title":"教育学部介绍","desc":"来源: 2022 年本科招生指南","time":"2022 年 6 月 28 日","cite":["https://book.eol.cn/books/cusm/mobile/index.html"],"content":[{"tag":"account","name":"教育学部","logo":"https://mp.innenu.com/img/media/education-wechat.png","detail":"东北师范大学教育学部","wxid":"edunenu","wxcode":"https://mp.innenu.com/img/media/education-qrcode.jpg","account":"education","location":{"latitude":43.8617,"longitude":125.32983},"mail":"fed@nenu.edu.cn","site":"https://edu.nenu.edu.cn/"},{"tag":"carousel","images":["https://mp.innenu.com/img/school/education.jpg"]},{"tag":"title","text":"学院简介"},{"tag":"p","text":["东北师范大学 1951 年始创教育系，1994 年撤系建院，成立教育科学学院，2012 年教育科学学院整合校内其他教育培养及研究机构创建成立教育学部。办学 70 年以来，学部为我国各级各类教育机构培养了一大批优秀教师、专家学者和领导干部，是我国教育学科人才培养和学术研究重镇之一。","学部办学资源丰富，现设有教育学院、教育管理学院、学前教育学院、初等教育学院以及国际与比较教育研究所、国家基础教育实验中心、教育部人文社会科学重点研究基地东北师范大学中国农村教育发展研究院、教育部东北师范大学基础教育课程研究中心、教育部幼儿园园长培训中心、教育部东北高师师资培训中心等教学、科研和培训机构，并与国内外 20 多所知名大学同类院系建立了密切的学术合作交流关系。现有教职工 132 人，其中专任教师 93 人、教授 36 人、副教授 46 人、博士生导师 45 人，国家级人才称号 19 人次，在国务院学位委员会教育学学科评议组、中国教育学会、教育部高等学校教学指导委员会等学术组织和决策咨询机构兼任重要职务者近 30 人，另聘有 40 余位海内外著名学者为客座教授。","学部学科实力雄厚，现有教育学博士后科研流动站，教育学一级学科博士、硕士学位授予权，教育博士、硕士专业学位授予权和 4 个本科专业。其中，拥有国家重点学科 1 个，国家级特色专业 1 个，教育部“卓越教师培养计划”入选专业 1 个，国家级一流本科专业建设点 3 个，博士学位授权点 9 个，硕士学位授权点 15 个。教育学一级学科在 2016 年全国高校学科评估中位列全国 A 档，在 2022 年获批“双一流”建设学科。","学部办学水平较高，现有在校本科生 502 人，硕士研究生 656 人，博士研究生 607 人。近年来，获批国家级教学成果奖 6 项，国家级教学团队 1 个，黄大年式教师团队 1 个，国家精品课程、国家精品开放课程和国家级一流课程 7 门，毕业生就业率一直高达 100%；获批国家社会科学基金、国家自然科学基金、教育部哲学社会科学重大课题攻关项目等各级各类课题 200 余项，向国家提交决策咨询报告 100 余份并有多份直接转化为国家教育政策，并获国家领导人批示；年均发表重要刊物论文 150 余篇、出版著作教材 20 余部，在基础教育、农村教育、教师教育等领域形成了较鲜明的优势特色。","目前，学部正在深化教学改革，加强国际交流，积极拓宽办学领域和渠道，扩大社会服务范围，争取更大成绩。"]},{"tag":"title","text":"联系方式"},{"tag":"ul","text":["地址: 吉林省长春市人民大街 5268 号","邮编: 130024","电话: 0431-85099557","电邮: fed@nenu.edu.cn"]},{"tag":"phone","fName":"教育学部","num":"0431-85099557","org":"东北师范大学","street":"吉林省长春市人民大街 5268 号","hostNum":"0431-85099557","postCode":"130024","mail":"fed@nenu.edu.cn","site":"https://edu.nenu.edu.cn/"}],"id":"intro/school/education/intro"}