{"title":"会计学管理专业","desc":"来源: 2022 年本科招生指南","time":"2022 年 7 月 14 日","cite":["https://book.eol.cn/books/cusm/mobile/index.html","http://bs.nenu.edu.cn/xsgz/bksjy/bkzysz_jj/hjx_zmhz_.htm"],"shareable":true,"content":[{"tag":"title","text":"专业简介"},{"tag":"p","text":["为普通类专业，旨在培养具有国际视野的会计专门人才，是东北师范大学与美国南伊利诺伊大学合作的本科专业。美国南伊利诺伊大学会计专业为 AACSB 认证专业，在全美排名前 5%。"],"style":";display: inline-block"},{"tag":"title","text":"学费价格"},{"tag":"text","text":["28000 元/年"]},{"tag":"title","text":"专业介绍"},{"tag":"p","text":["东北师范大学经济与管理学院(前商学院)，2014 年获教育部批准，与美国南伊利诺伊大学会计系合作，设立会计学(中美合作)专业。东北师范大学会计学专业为国家级特色专业，美国南伊利诺伊大学会计专业为 AACSB 认证专业，全美排名前 5%。本专业 2014 年正式招生，首批招生主要面对东北三省，共招生 69 人；2015 年面向全国进行第二批招生，共招生 102 人，2016 至 2019 的四年中，每年招生平均在 97 人，办学时间虽短，但得到家长和学生的普遍好评。","本专业学生可以自主选择，全部本科阶段在东北师范大学完成，或在国内完成一定学分后，同时达到美国南伊利诺伊大学会计专业对语言和专业成绩要求，赴美完成后续课程修读，满足中美两校毕业要求，可获得双方学校会计专业毕业证书。","灵活的培养模式，并依托中美会计专业合作进行人才培养的独特优势，引进 AACSB 专业认证差异化的教育资源，吸纳美方教育管理经验中的优质部分，使得本专业能够在较短的时间内，锤炼出兼具家国情怀与国际视野、熟悉中美两国会计准则与实务要求、长于跨文化沟通、具备持续发展能力的人才培养特色与优势。"],"style":";display: inline-block"},{"tag":"title","text":"主干课程"},{"tag":"ul","text":["宏观经济学","微观经济学","金融学","应用统计学","会计学原理","管理学","经济法","企业战略管理","市场营销学","中级财务会计","成本会计","管理会计","税法","公司理财","高级财务会计","内部控制与风险管理","审计学","资产评估"]},{"tag":"title","text":"就业方向"},{"tag":"p","text":["本专业毕业生就业去向为各类涉外组织中从事组织财务管理、财务核算等实际工作。也可进一步深造后在高校和研究机构从事财务管理相关的教学与科学研究工作。","毕业生去向主要集中在国内外知名高校继续深造、国际四大会计师事务所、大型企业集团或银行等金融机构。"],"style":";display: inline-block"}],"id":"intro/school/economy/accountant-cop"}