{"title":"经济与管理学院招生","author":"Mr.Hope","time":"2022 年 6 月 27 日","shareable":true,"content":[{"tag":"title","text":"本科招生情况"},{"tag":"p","text":["经济学院设有市场营销、人力资源管理、经济学、金融学、会计学、会计学(中外合作办学) 6 个本科专业，其中前五个专业采取大类招生。"],"style":"text-indent: 1.5em; "},{"tag":"text","heading":"专业介绍视频"},{"tag":"video","src":"http://zsb.nenu.edu.cn/__local/4/46/56/E262EAE5CC1CA9B3B779356502F_A0DEB5AC_117580EF.mp4?e=.mp4"},{"tag":"list","header":"本科专业介绍","items":[{"text":"经济学类","path":"intro/school/economy/class"},{"text":"会计学(中外合作办学)","path":"intro/school/economy/accountant-cop"}]},{"tag":"title","text":"硕士研究生招生概况"},{"tag":"img","src":"https://mp.innenu.com/img/enroll/economy-master.png","desc":"2021 年招生情况"},{"tag":"phone","header":"招生负责人","fName":"丽敏","lName":"荣","num":"0431-84537675","org":"东北师范大学经济学院","title":"硕士研究生招生负责人","street":"吉林省长春市净月大街 2555 号","postCode":"130117","mail":"ronglm516@nenu.edu.cn"}],"cite":[],"id":"intro/school/economy/enroll"}