{"title":"对外合作办学","author":"Mr.Hope","desc":"来源: 本科2021招生指南","time":"2022年6月27日","shareable":true,"content":[{"tag":"p","text":["东北师范大学注重开展广泛的国际合作与交流，已先后与美国、加拿大、英国、澳大利亚、韩国、日本、俄罗斯等30多个国家和地区的300余所大学和科研机构建立了合作与交流关系，开展了- -系列重要的交流合作项目。","为开拓学生视野，培养具有国际竞争力的优秀人才，学校支持学生走出校门到国(境)外友好大学进行交流学习。目前，我校留学项目包括短期语言项目、学分交流项目、联合培养项目、双学位项目和合作办学项目等，其中部分项目可得到国家留学基金委或双方大学的全额或部分资助；留学国别包括美国、英国、加拿大、澳大利亚、俄罗斯、日本、韩国等多个国家和地区。学生可根据自身情况选择不同类别项目，海外留学期间保留东北师范大学学籍，归校后还可依据《东北师范大学学生出国(境)交流学习专项经费管理办法》的相关规定申请留学奖学金。","学校与美国肯尼绍州立大学合作举办计算机科学与技术项目。学生在东北师范大学学习四年修满学分后可获东北师范大学本科毕业证书及学士学位。学生也可以在国内学习三年后，在外语成绩达到外方合作院校要求并能获得赴美签证的前提下，选择申请在外方合作院校进行出国学习。修满本专业规定的剩余学分达到双方毕业要求后，将获得东北师范大学本科毕业证书及学士学位和外方理学学士证书。","学校与美国南伊利诺伊大学合作举办会计学专业本科教育项目，学生在东北师范大学学习四年修满学分后可获得东北师范大学本科毕业证书及学士学位。在国内学习三年中，若外语成绩符合外方要求并能获得签证者，可选择申请在美国南伊利诺伊大学完成后一年的学习，修满本专业规定的剩余学分达到双方毕业要求后，可获得东北师范大学的本科毕业证书及学位证书。","近年来，我校适应了高等教育国际化的趋势，在合作办学、人才培养、科技创新等方面迈出了更大的步伐，与国外大学开展了多层次、宽领域的国际交流与合作。与国外的合作办学拓展了学校的办学空间，利用国外优质教育资源提高了人才培养质量，增强了学生在未来社会的竞争能力和适应能力，培养了具有国际眼光和跨文化交流能力的人才。"],"style":"text-indent: 1.5em; "}],"cite":[],"id":"intro/about/cop"}