{"title":"辩论与演说协会","author":"Mr.Hope","time":"2022 年 6 月 27 日","shareable":true,"content":[{"tag":"title","text":"简介"},{"tag":"p","text":["东北师范大学辩论与演说协会横跨本部、净月两个校区，致力于为社员提供学习辩论、锻炼口才、组织校级比赛的机会。通过与校辩论队合作组织跨校区的校新生辩论赛，创造性地开展青年演说会、“潜伏” 情报战，以同学喜闻乐见的形式开展趣味演说活动，促进学院间交流、展现东师学子风范。"],"style":";display: inline-block"}],"cite":[],"id":"guide/association/culture/debate"}