{"title":"史学协会","shareable":true,"content":[{"tag":"account","name":"史学协会","logo":"https://mp.innenu.com/img/association/history.png"},{"tag":"title","text":"简介"},{"tag":"p","text":["史学协会致力于为每位热爱历史学的同学提供交流的平台，同时也会定期举办“史思沙龙”暨“稷下对谈”读书会和“濠梁杯”学术辩论赛等活动丰富同学们的课余生活。"],"style":";display: inline-block"}],"cite":[],"id":"guide/association/culture/history"}