{"title":"教务系统","author":"Mr.Hope","time":"2021年9月5日","grey":true,"shareable":true,"content":[{"tag":"list","header":"本科教学服务系统","content":[{"text":"系统介绍","icon":"intro","path":"guide/system/under/intro"},{"text":"英语免修申请","icon":"exemption","path":"guide/system/under/exemption/english"},{"text":"转专业申请","icon":"flow","path":"guide/system/under/change-major"}]},{"tag":"list","header":"研究生教学服务系统","content":[{"text":"制作中..."}]},{"tag":"list","content":[{"text":"常见问题","icon":"faq","path":"guide/system/faq"}]}],"images":[],"id":"guide/system/index","scopeData":{"@type":"general","uniq_id":"guide/system/index","title":"教务系统","digest":"","thumbs":["https://mp.innenu.com/img/inNENU.jpg"],"tags":[]}}