{"title":"本科生选课","author":"Mr.Hope","time":"2021年9月11日","shareable":true,"content":[{"tag":"title","text":"执行流程"},{"tag":"img","src":"https://mp.innenu.com/img/action/select.jpg"},{"tag":"title","text":"相关内容"},{"tag":"list","header":false,"content":[{"text":"选课介绍","icon":"select","path":"guide/select/index"}]}],"images":["https://mp.innenu.com/img/action/select.jpg"],"id":"guide/action/select","scopeData":{"@type":"general","uniq_id":"guide/action/select","cover":"https://mp.innenu.com/img/action/select.jpg","title":"本科生选课","digest":"","thumbs":["https://mp.innenu.com/img/action/select.jpg"],"tags":["执行流程","相关内容"]}}