{"title":"净月创新创业类社团","desc":"社团名录来自学生社团发展管理中心","author":"Mr.Hope","time":"2022 年 6 月 27 日","grey":true,"shareable":true,"content":[{"tag":"list","header":false,"items":[{"text":"5A 职业发展协会","icon":"https://mp.innenu.com/img/association/5Alogo.png","path":"guide/association/job/5a-jingyue"}]},{"tag":"functional-list","header":"欢迎社团入驻本页面","items":[{"text":"联系 Mr.Hope","icon":"contact","type":"button","openType":"contact","env":["wx"]},{"text":"联系 Mr.Hope","icon":"contact","type":"button","openType":"addFriend","openId":"868D7B2F0C609B4285698EAB77A47BA1","env":["qq"]}]}],"cite":[],"id":"guide/association/job/jingyue"}