{"title":"招生办公室介绍","desc":"信息来自东北师范大学本科招生网","time":"2021年11月21日","shareable":true,"content":[{"tag":"title","text":"主任"},{"tag":"text","heading":"马骥","text":["分管本科生招生办公室总体工作。"]},{"tag":"title","text":"副主任"},{"tag":"text","heading":"郑伟","text":["无(官网未填写)"]},{"tag":"text","heading":"孟祥锋","text":["负责招生宣传队伍建设，招生宣传活动实施，招生宣传材料制作等工作。"]},{"tag":"title","text":"职员"},{"tag":"text","heading":"刘恬恬","text":["负责招生计划编制，艺术类招生，体育类招生，少数民族预科招生，港澳台侨招生，保送生招生，高考录取等工作。"]},{"tag":"text","heading":"邰亮","text":["负责数据统计，录取名册和公费师范生协议管理等工作。"]},{"tag":"text","heading":"李昊玥","text":["负责招生章程制定，高校专项计划招生，招生宣传活动实施，招生资料管理等工作。"]},{"tag":"text","heading":"李建楠","text":["负责招生政策改革研究，生源质量跟踪评价，招生信息化建设，招生设备管理等工作。"]}],"id":"intro/apartment/enroll/intro","scopeData":{"@type":"general","uniq_id":"intro/apartment/enroll/intro","title":"招生办公室介绍","digest":"马骥 分管本科生招生办公室总体工作。郑伟 无(官网未填写)孟祥锋 负责招生宣传队伍建设，招生宣传活动实施，招生宣传材料制作等工作。刘恬恬 负责招生计划编制，艺术类招生，体育类招生，少数民族预科招生，港澳台侨招生，保送生招生，高考录取等工作。","thumbs":["https://mp.innenu.com/img/inNENU.jpg"],"tags":["主任","副主任","职员"]}}