{"title":"保险处理流程","time":"2022 年 7 月 31 日","shareable":true,"id":"guide/insurance/flow","author":"Mr.Hope","cite":[],"content":[{"tag":"title","text":"因病因伤住院"},{"tag":"img","src":"https://mp.innenu.com/img/insurance/flow-1.jpg"},{"tag":"title","text":"在长春市外就医"},{"tag":"img","src":"https://mp.innenu.com/img/insurance/flow-2.jpg"},{"tag":"title","text":"意外伤害住院"},{"tag":"img","src":"https://mp.innenu.com/img/insurance/flow-3.jpg"},{"tag":"title","text":"转诊情况"},{"tag":"img","src":"https://mp.innenu.com/img/insurance/flow-4.jpg"}]}