{"title":"长春疫情管控地区","author":"Mr.Hope","time":"2022 年 6 月 27 日","shareable":true,"content":[{"tag":"title","text":"长春疫情管控地区"},{"tag":"text","text":["请您在微信上关注“长春疾控”微信公众号，对长春市的疫情管控地区进行关注和查阅。"]},{"tag":"title","text":"相关文件"},{"tag":"text","type":"danger","heading":"特别注意","text":["Mr.Hope 不保证及时同步此文件。请自行关注微信公众号“长春疾控”查阅每日发布的最新消息。"]},{"tag":"doc","name":"长春疫情管控地区 (8.23)","url":"https://mp.innenu.com/file/epidemic/changhun-restrict-0823.pdf","icon":"pdf"}],"cite":[],"id":"guide/epidemic/changchun-restrict"}