{"title":"快递","author":"Mr.Hope","time":"2022 年 6 月 27 日","shareable":true,"content":[{"tag":"text","type":"tip","text":["由于疫情原因，开学学校会封校至少两周。","所以 Mr.Hope 建议同学们请尽量选择在校内有快递点的快递。"]},{"tag":"title","text":"本部"},{"tag":"action","header":"邮寄地址","content":"吉林省长春市南关区南岭街道人民大街 5268 号"},{"tag":"action","header":"邮编","content":"130024"},{"tag":"list","header":"更多详情","items":[{"text":"本部快递详情","path":"guide/express/benbu"}]},{"tag":"title","text":"净月"},{"tag":"action","header":"邮寄地址","content":"吉林省长春市南关区净月街道净月大街 2555 号"},{"tag":"action","header":"邮编","content":"130117"},{"tag":"list","header":"更多详情","items":[{"text":"净月快递详情","path":"guide/express/jingyue"}]}],"cite":[],"id":"guide/express/index"}