{"title":"国际汉学院","author":"Mr.Hope","time":"2020年9月1日","photo":["https://mp.innenu.com/img/school/confucius.jpg"],"content":[{"tag":"list","content":[{"text":"学院简介","icon":"about","path":"intro/school/internation/intro"},{"text":"专业介绍","icon":"intro","path":"intro/school/internation/enroll"}]},{"tag":"copy","header":"官网地址","text":"https://scs.nenu.edu.cn/"}],"id":"map/benbu/school/international","scopeData":{"@type":"general","uniq_id":"map/benbu/school/international","title":"国际汉学院","digest":"","thumbs":["https://mp.innenu.com/img/inNENU.jpg"],"tags":["国际汉学院"]}}