{"title":"长春龙嘉机场机场巴士","desc":"相关资料来自长春市龙嘉国际机场官网","author":"Mr.Hope","time":"2021年8月28日","shareable":true,"content":[{"tag":"title","text":"长春市内——龙嘉机场方向（1号线）"},{"tag":"text","heading":"始发站","text":["全安广场（南关地铁站）"]},{"tag":"text","heading":"发车时间","text":["05:00-20:00（每小时一班）"]},{"tag":"text","heading":"途经站点","text":["临河街（民航安监局）、乐群街(吉大医院二部)、东方广场（361路公交站、地铁站D出口）。"]},{"tag":"title","text":"长春市内——龙嘉机场方向（2号线）"},{"tag":"text","heading":"始发站","text":["高速公路客运站"]},{"tag":"text","heading":"发车时间","text":["8:40至16:40（每小时一班）"]},{"tag":"text","heading":"途经站点","text":["临河街（轻轨公交站）、会展中心（轻轨公交站）、首地首城公交站。"]},{"tag":"title","text":"长春市内——龙嘉机场方向（3号线）"},{"tag":"text","heading":"始发站","text":["长春客运北站（火车站）"]},{"tag":"text","heading":"发车时间","text":["13:30、14:30、15:30、16:30"]},{"tag":"text","heading":"途经站点","text":["西广场、百货大楼、全安广场（南关地铁站）、临河街（民航安监局）、乐群街（吉大医院二部）、东方广场（361路公交站、地铁站D出口）。"]},{"tag":"title","text":"龙嘉机场——长春市内方向（1号线）"},{"tag":"text","heading":"终点站","text":["全安广场（南关地铁站）"]},{"tag":"text","heading":"发车时间","text":["首班：首班航班落地60分钟内；末班：末班航班落地30分钟内；高峰期间客满即走，平峰期间不超过60分钟"]},{"tag":"text","heading":"途经站点","text":["东方广场、乐群街（吉大医院二部）、临河街、全安广场（南关地铁站）。"]},{"tag":"title","text":"龙嘉机场——长春市内方向（2号线）"},{"tag":"text","heading":"终点站","text":["高速公路客运站"]},{"tag":"text","heading":"发车时间","text":["10:00至18:00（每小时一班）"]},{"tag":"text","heading":"途经站点","text":["首地首城公交站、会展中心（轻轨公交站）、临河街（轻轨公交站）。"]},{"tag":"title","text":"龙嘉机场——长春市内方向（3号线）"},{"tag":"text","heading":"终点站","text":["长春市凯旋路客运站（火车站）"]},{"tag":"text","heading":"发车时间","text":["首班：首班航班落地60分钟内；末班：末班航班落地30分钟内；高峰期间客满即走，平峰期间不超过60分钟"]},{"tag":"text","heading":"途经站点","text":["东方广场、乐群街（吉大医院二部）、临河街、全安广场（南关地铁站）、人民广场、百货大楼、西广场。"]},{"tag":"title","text":"巴士票价"},{"tag":"text","text":["25元/位"]},{"tag":"title","text":"服务电话"},{"tag":"phone","fName":"长春龙嘉机场巴士服务电话","num":"0431-96665","org":"长春龙嘉机场"}],"images":[],"id":"guide/traffic/plane/bus","scopeData":{"@type":"general","uniq_id":"guide/traffic/plane/bus","title":"长春龙嘉机场机场巴士","digest":"始发站 全安广场（南关地铁站）发车时间 05:00-20:00（每小时一班）途经站点 临河街（民航安监局）、乐群街(吉大医院二部)、东方广场（361路公交站、地铁站D出口）。始发站 高速公路客运站发车时间 8:40至16:40（每小时一班）","thumbs":["https://mp.innenu.com/img/inNENU.jpg"],"tags":["长春市内——龙嘉机场方向（1号线）","长春市内——龙嘉机场方向（2号线）","长春市内——龙嘉机场方向（3号线）","龙嘉机场——长春市内方向（1号线）","龙嘉机场——长春市内方向（2号线）","龙嘉机场——长春市内方向（3号线）","巴士票价","服务电话"]}}