{"title":"研究生招生","grey":true,"author":"Mr.Hope","time":"2021年11月22日","shareable":true,"content":[{"tag":"list","header":"2022年","content":[{"text":"2022 年招生专业、人数与联系方式","icon":"intro","path":"intro/enroll/grad/major/2022"},{"text":"2022 年硕士研究生招生简章","icon":"intro","path":"intro/enroll/grad/rule/2022"}]},{"tag":"list","header":"更多","content":[{"text":"研究生历史招生信息","icon":"time","path":"intro/enroll/grad/history"}]},{"tag":"list","header":"招生咨询","content":[{"text":"研究生院联系方式","icon":"phone","path":"intro/apartment/grad/contact"}]}],"id":"intro/enroll/grad/index","scopeData":{"@type":"general","uniq_id":"intro/enroll/grad/index","title":"研究生招生","digest":"","thumbs":["https://mp.innenu.com/img/inNENU.jpg"],"tags":["研究生招生"]}}