{"title":"长春站-到本部-公交","author":"Mr.Hope","time":"2021年8月31日","shareable":true,"content":[{"tag":"text","type":"danger","text":["乘坐公交比较麻烦，而且步行的距离较长，路途花费的时间也更长。","Mr.Hope 不认为任何人会差这 1 元钱! 不要坐公交！"]},{"tag":"title","text":"路程流程"},{"tag":"ol","text":["请从南出站口出站","沿地下广场继续向南走走到人民大街北端","在右手边找到车站。","可乘 6 路，66 路，306 路，至自由大路站，票价 1 元，车程约 20 分钟；也可乘 160 路到动植物公园站，票价 2 元(旅游线路票价高)，车程约 20 分钟。"]},{"tag":"text","type":"danger","heading":"乘坐 160 路需注意","text":["请注意下车的站名为动植物公园站，千万不要东北师范大学站下车，那个是净月校区!!!"]},{"tag":"text","type":"info","heading":"疫情相关","text":["出站时要测量体温。","在长春乘坐公共交通工具、出入公共场所，都需要用到吉林省内的吉祥码。","请提前进行相关注册并在地铁安检前自助扫描吉祥码。"]},{"tag":"list","header":false,"content":[{"text":"吉祥码注册与使用","icon":"register","path":"guide/epidemic/jixiang-code/index"}]},{"tag":"text","type":"info","heading":"南北通道位置","text":["如果您本想从南出站口出站但不不小心从北出站口出站时，您可以通过南北通道回到长春站南侧。","此时您面朝北，请不要判断错方向。从出站口出站后，请寻找向南通向地面广场的出口。进入地面广场后向西北方向行进即可看到南北通道的北口。通过南北通道大约需要 10 分钟左右。从南口出站以后，所在的位置是长春站的西南角。"]},{"tag":"title","text":"到达校门"},{"tag":"text","heading":"提示","text":["由于疫情原因，今年报到仅开放学校北门。"]},{"tag":"ul","text":["请您出站后掉头 (向北)","走到人民大街与自由大路交汇十字路口时右转(向东)","继续行进即可在右手边 (南侧) 看到学校北门。"]}],"images":[],"id":"guide/arrival/train-benbu/bus","scopeData":{"@type":"general","uniq_id":"guide/arrival/train-benbu/bus","title":"长春站-到本部-公交","digest":"乘坐公交比较麻烦，而且步行的距离较长，路途花费的时间也更长。 Mr.Hope 不认为任何人会差这 1 元钱! 不要坐公交！请从南出站口出站 沿地下广场继续向南走走到人民大街北端 在右手边找到车站。 可乘 6 路，66 路，306 路，至自由","thumbs":["https://mp.innenu.com/img/inNENU.jpg"],"tags":["路程流程","到达校门"]}}