{"title":"国家考试","grey":true,"author":"Mr.Hope","time":"2021年11月28日","shareable":true,"content":[{"tag":"list","header":"大学英语水平测试","items":[{"text":"测试介绍","icon":"intro","path":"guide/exam/cet/intro"},{"text":"测试报名","icon":"apply","path":"guide/exam/cet/apply"},{"text":"考试内容与评分标准","icon":"contract","path":"guide/exam/cet/content"},{"text":"考试流程","icon":"flow","path":"guide/exam/cet/flow"},{"text":"分数查询与解释","icon":"score","path":"guide/exam/cet/score"},{"text":"常见问题","icon":"faq","path":"guide/exam/cet/faq"},{"text":"2021年下半年考试时间","icon":"time","path":"guide/exam/cet/time"}]},{"tag":"list","header":"计算机等级考试","items":[{"text":"NCRE 介绍","icon":"intro","path":"guide/exam/ncre/intro"},{"text":"考试大纲","icon":"rule","path":"guide/exam/ncre/outline"},{"text":"计算机二级","icon":"pc","path":"guide/exam/ncre/ncre2"},{"text":"计算机三级","icon":"pc","path":"guide/exam/ncre/ncre3"},{"text":"计算机四级","icon":"pc","path":"guide/exam/ncre/ncre4"},{"text":"常见问题","icon":"faq","path":"guide/exam/ncre/faq"}]},{"tag":"list","header":"中小学教师资格考试","items":[{"text":"介绍","icon":"intro","path":"guide/exam/ntce/intro"},{"text":"考试科目","icon":"bookshelf","path":"guide/exam/ntce/subject"},{"text":"考试大纲","icon":"rule","path":"guide/exam/ntce/outline"},{"text":"笔试报名","icon":"enroll","path":"guide/exam/ntce/enroll"},{"text":"笔试详情","icon":"test","path":"guide/exam/ntce/writing"},{"text":"面试详情","icon":"association","path":"guide/exam/ntce/facing"},{"text":"资格证申请","icon":"apply","path":"guide/exam/ntce/apply"},{"text":"常见问题","icon":"faq","path":"guide/exam/ntce/faq"}]},{"tag":"list","header":"普通话","items":[{"text":"普通话水平测试","icon":"about","path":"guide/exam/putong"}]}],"cite":[],"id":"guide/exam/index"}