{"name":"东师文苑","detail":"东北师范大学文学院","desc":"欢迎关注东北师范大学文学院","id":"dongshiwenyuan","logo":"https://mp.innenu.com/img/media/chinese.png","qrcode":"https://mp.innenu.com/img/media/chinese-qrcode.jpg","article":[{"cover":"http://mmbiz.qpic.cn/sz_mmbiz_jpg/kEqMDVjicTfounWnnzuvMHhMCBP6v1yx6vdFcaS05EaLYGOZagpApOiaP7eAqXV0IMxIQwRghJuxKgic11Z21I1fw/0?wx_fmt=jpeg","title":"文学院大型舞台实验剧《冯志远》圆满成功","desc":"让信仰引路，用大爱铸魂。","url":"https://mp.weixin.qq.com/s/lNdXY19smxv5qYUv2LxAjQ"},{"cover":"http://mmbiz.qpic.cn/sz_mmbiz_jpg/kEqMDVjicTfounWnnzuvMHhMCBP6v1yx6XxRNkX5w7icCOic19FJdTPxiabyHeeMYHiaeffu7MFb9pRN9qtr9xZfpoQ/0?wx_fmt=jpeg","title":"寝室文化节暨文学院宿舍安全卫生月活动","desc":"寝室文化节暨文学院宿舍安全卫生月活动开始啦，大家快来参加~","url":"https://mp.weixin.qq.com/s/CL__7kM5vuNxVfCq0xfprA"},{"cover":"http://mmbiz.qpic.cn/sz_mmbiz_jpg/kEqMDVjicTfounWnnzuvMHhMCBP6v1yx6Gkkz7IUETBNtPhz4GXrthFTmvwAV1vpX0cmQibV38kELUXcVlaaqtew/0?wx_fmt=jpeg","title":"安全卫生，健康生活——致文苑学子的倡议书","desc":"安全卫生无小事，须臾片刻不可松! 致文苑学子一封信，大家注意查收哦~","url":"https://mp.weixin.qq.com/s/MUQ0oS0FcLmoHwVpb6D7zA"},{"cover":"http://mmbiz.qpic.cn/sz_mmbiz_jpg/kEqMDVjicTfrh5icWx4EpXNvSqibNSia2hJ3hyakgUicWuTrQmRkricOBMn9MG7hdYWIQc07F617K1CUHfiaugFSRK1rA/0?wx_fmt=jpeg","title":"文学院学生会改革情况公示","url":"https://mp.weixin.qq.com/s/AbV17LKMQ8IoZOee6rk9IQ"},{"cover":"http://mmbiz.qpic.cn/sz_mmbiz_jpg/kEqMDVjicTfrh5icWx4EpXNvSqibNSia2hJ3gbibJvTMD4eGDWOXrYXSCT53WibRDD1ia5LlAuDicibUsJXUBuLmu5yEjBg/0?wx_fmt=jpeg","title":"文学院研究生会改革情况公示","url":"https://mp.weixin.qq.com/s/nxbCBe73wTacAHU0uKOrow"},{"cover":"http://mmbiz.qpic.cn/sz_mmbiz_jpg/kEqMDVjicTfrh5icWx4EpXNvSqibNSia2hJ3VEdMyQYibE2jZyG1QJvfiaxKR9BhlqKgBx3TzOJP69aayGwM7VF1kI4w/0?wx_fmt=jpeg","title":"夺冠! 文学院蝉联2021年“东师杯”排球赛冠军","desc":"2021年“东师杯”排球赛文学院再夺桂冠!","url":"https://mp.weixin.qq.com/s/svDjKV1V9G7HV_vlBxISKg"},{"cover":"http://mmbiz.qpic.cn/sz_mmbiz_jpg/kEqMDVjicTfoTG4219WLnic09gJd2kgO2IBDLrr2hTrsjsbt2BUDF1DUtkXJqBrFQ5so62Ek19usLnNFnAOry5Uw/0?wx_fmt=jpeg","title":"文学院2021级“赤心文才，礼赞青春”迎新晚会完美落幕","desc":"文学院2021级迎新晚会完美落幕，快来看看吧~","url":"https://mp.weixin.qq.com/s/pbnVj9wBqUreFrEVJocjqg"},{"cover":"http://mmbiz.qpic.cn/sz_mmbiz_jpg/kEqMDVjicTfoTG4219WLnic09gJd2kgO2IUYYialXHY1pMc2VXoK6cogWzzkvyNSnpQOhe7JaBRfDTyKmcRAqsKlg/0?wx_fmt=jpeg","title":"“东师杯”乒乓球比赛圆满结束","desc":"“东师杯”乒乓球比赛圆满结束! 快来看看吧!","url":"https://mp.weixin.qq.com/s/MdGE02K0LkafJ21fuuI8ew"},{"cover":"http://mmbiz.qpic.cn/sz_mmbiz_jpg/kEqMDVjicTfqfuovRu4ibmWicW8EB5KK9XzTF6S6qfB7ichzU5k1RGicowEyane0pQfOah6K1p72rO9ttyibsj2KfOMQ/0?wx_fmt=jpeg","title":"帮推 | 文学院红小烛第一次全体见面会圆满结束!","desc":"“金秋秉烛行，静聆雏凤声”——  第二十八届文学院红烛志愿者协会新老成员见面会 圆满结束!","url":"https://mp.weixin.qq.com/s/f5mhM2t6AzliUePGbxCIzg"},{"cover":"http://mmbiz.qpic.cn/sz_mmbiz_jpg/kEqMDVjicTfpjoy9ZCx9p0icPk9pND7FyJFUbceOZk3ibgYPhRF4v0cxhYnYboiagUHze9jN8wuk8lvj3b2Qv0xribg/0?wx_fmt=jpeg","title":"文学院推出首届古文字专长班","desc":"文学院推出首届古文字专长班啦~大家快来看看吧!","url":"https://mp.weixin.qq.com/s/fnZvdlThg1NTmdz6UEhGEw"},{"cover":"http://mmbiz.qpic.cn/sz_mmbiz_jpg/kEqMDVjicTfpZ7yPQ29kRJw7FmZia2nbzOgx06l9IY6BxX6VBML00lPCgj5wVjzkbEgt9K2ic8S19j8YiauVjUyIEQ/0?wx_fmt=jpeg","title":"文学院承办《中国诗词大会》第七季(吉林赛区)面试选拔活动圆满结束","desc":"以诗会友，寻古明知。","url":"https://mp.weixin.qq.com/s/8bbr8PPjvCfOrNd3adzWfA"},{"cover":"http://mmbiz.qpic.cn/sz_mmbiz_jpg/kEqMDVjicTfrN2eTSafVAPAA2JlDl33NHVPd4icW3zHraI4H0BmAic1fpPznnyL97GOq5e9CCGicPrwA8JtSZMwx7g/0?wx_fmt=jpeg","title":"文学院“明论杯”新生辩论赛决赛圆满结束","desc":"妙辞佳语惊四座，华山论剑决雌雄。","url":"https://mp.weixin.qq.com/s/Xk1oS_bzecjyzZNu176ZQg"},{"cover":"http://mmbiz.qpic.cn/sz_mmbiz_jpg/kEqMDVjicTfrN2eTSafVAPAA2JlDl33NHFCRAqB0X35S6ZbGSWeLVX5RbicP4VoPib6u1DFFH55iafJibVgk6uevDibw/0?wx_fmt=jpeg","title":"讲座 | 王怀宇: 文学就在我们身边","desc":"文学就在我们身边？快来看看吧!","url":"https://mp.weixin.qq.com/s/nPymdEcZHt9-rwwTD9qokQ"},{"cover":"http://mmbiz.qpic.cn/sz_mmbiz_jpg/kEqMDVjicTfqH02Oh2SuA1ER8DEGeI7iaxXT3SY6lva2jTBO5lWrCxhVugGpJDJgA3HxozEQ3oSQZWI29Vs0WD4A/0?wx_fmt=jpeg","title":"我为同学做件事 | 来一场球赛吧，元气马上回来!","desc":"秋高气爽，让我们畅快地来一场排球赛吧! 释放压力，增进友谊，在运动中让你的元气马上回来!","url":"https://mp.weixin.qq.com/s/cjruLyLuPUDey33NB00OHQ"},{"cover":"http://mmbiz.qpic.cn/sz_mmbiz_jpg/kEqMDVjicTfrrcCgVd1icC6VshqPswYjjiaxO4l1OicHppibvqjXt5ticF7jia0pvVA27vmL2H9RkAmV4HbfGh042icgoQ/0?wx_fmt=jpeg","title":"帮推 | “志远”支教团纳新: 励志教育，与爱同行","desc":"“志远”支教团纳新啦! 一起来看~","url":"https://mp.weixin.qq.com/s/CS9ZA01EPKWTp1amuZnmJw"},{"cover":"http://mmbiz.qpic.cn/sz_mmbiz_jpg/kEqMDVjicTfqDjaS3ZQ8ARIgZeZfuao7OCOY2Wy95vrNe3xh4RR8WiaULPRGxSFkLF1PK8y7VKA8wmCQrMnXr0DA/0?wx_fmt=jpeg","title":"东北师范大学文学院、东北师范大学国家语言文字推广基地与延边州教育学院联合开展实施国家通用语言文字培训活动","desc":"东北师范大学文学院、东北师范大学国家语言文字推广基地与延边州教育学院联合开展实施国家通用语言文字培训活动圆满结束! 大家快来看看吧~","url":"https://mp.weixin.qq.com/s/6p2iKmiy5UJo2T-SlywccQ"}]}