{"name":"东师锅庄林","detail":"东北师范大学锅庄舞协会","desc":"该公众号是东北师范大学锅庄舞协会宣传部为首，以丰富大学生校园生活为初衷，并以弘扬优秀传统文化为本职，让大家近距离感受藏文化的魅力，同时推送雪域儿女丰富多彩的课外活动以及学习交流的平台。","id":"gh_91b2388d1139","logo":"https://mp.innenu.com/img/association/guozhuangwu.png","qrcode":"https://mp.innenu.com/img/media/guozhuangwu-wechat.jpg","article":[{"cover":"http://mmbiz.qpic.cn/mmbiz_jpg/lQhACzFH1tic7ZW2hZXf9KibYC9xHUjyuAe0wrfomWPtiaS9ZlibVicag2dBve0ZCXu00aKHJ93Jk2E5NaQHahicXZ5g/0?wx_fmt=jpeg","title":"介绍 | 锅庄舞协会第十四届干部","desc":"锅协，十四岁了，新的一年，请多多指教! ---全体干部","url":"https://mp.weixin.qq.com/s/I1CzISIaQn_TIfVZ5rbCxg"},{"cover":"http://mmbiz.qpic.cn/mmbiz_jpg/lQhACzFH1ticTsmtMptLrDCu98tNzRLMicaibEjBq5WCve4icb9V745rr5ibvlsb1deY0bbUcickNtw0PiboPF1WNc6og/0?wx_fmt=jpeg","title":"新生开学攻略+宣传","desc":"亲爱的2021级的学弟学妹们，欢迎大家来到东北师范大学","url":"https://mp.weixin.qq.com/s/z5TMGoqkREXTDzD2FRCknw"},{"cover":"http://mmbiz.qpic.cn/mmbiz_jpg/lQhACzFH1tibVHN0tia48riap2V1QYibH0fLyvP92EqUFY2LaWiazwyHsg0KbQPbXcbHROX8JicYPribicY0YUNrLSbOYQ/0?wx_fmt=jpeg","title":"毕业季--扬帆远航，前程似锦!","desc":"拍毕业照三秒的时间，却定格着青春的匆匆岁月。","url":"https://mp.weixin.qq.com/s/38yniLmaHZPMb6g3LbTXOQ"},{"cover":"http://mmbiz.qpic.cn/mmbiz_jpg/lQhACzFH1tibVHN0tia48riap2V1QYibH0fLSQ5aLQoeVl9iaPBHOqTS2FkHFIuNL7CEZR2J6TmdJe0ibv3dJQW5Pveg/0?wx_fmt=jpeg","title":"东师锅庄舞协会诗书摄影比赛结果公示","desc":"你一票我一票，快来看看谁出圈了~","url":"https://mp.weixin.qq.com/s/UOEo5n92vDUYO26zdKYrZg"},{"cover":"http://mmbiz.qpic.cn/mmbiz_jpg/lQhACzFH1t9fnkRHiaj6Zk2BhGNFiauYDaO7Ot793TZdVNgKhwtkTC4nTubbcVrkaXLlUAhaBCFep6nib2iaDTLROw/0?wx_fmt=jpeg","title":"东师第十二届藏文化节","url":"https://mp.weixin.qq.com/s/apDKd7oYldvDGF1iks5SZQ"},{"cover":"http://mmbiz.qpic.cn/mmbiz_jpg/lQhACzFH1t9I7Cbfp21BrgWKWgadib1XKia6JOn59EO9bnR3icU8sEvF0XG3Kz88V6KnpK7AgT5gLpYC18Gkic2dSw/0?wx_fmt=jpeg","title":"听听哥哥姐姐们实习经验分享吧!","desc":"实习经验分享“大四实习经验分享大会”是锅庄舞协会每年必办的一个活动，我们本着通过这个活动，能","url":"https://mp.weixin.qq.com/s/NWrf0FGlptjywOT3D75Lnw"},{"cover":"http://mmbiz.qpic.cn/mmbiz_jpg/lQhACzFH1t9Dicq66dIdHVpUlxyMFHnYY7cRFiaicmS5UUsEhaBAGuUvRv6icJZmzTDAcg4O12iag54TkOTnaoZ0Imw/0?wx_fmt=jpeg","title":"西藏传统文化一角","desc":"西藏传统文化中一角的简述，不知道有没有你最想了解的，跟上小编的步伐一起来看吧~!","url":"https://mp.weixin.qq.com/s/TT4LSy4onEVrTR7Yqo5LQA"},{"cover":"http://mmbiz.qpic.cn/mmbiz_jpg/lQhACzFH1t9z9TbWRSzrIDeDFaibUBw7RLbXEBKhTwL7darY1dbOqaZaVugLw0Y2x24tNrnLiabBRYKQBaz4vp5Q/0?wx_fmt=jpeg","title":"2020年东师锅协秋冬趣味运动会","desc":"生命不息，运动不止。前方高能赛事，快来围观呀!","url":"https://mp.weixin.qq.com/s/ZoBOGGp61WL4gam3pbcWRA"},{"cover":"http://mmbiz.qpic.cn/mmbiz_jpg/lQhACzFH1t85t0WhSdbic13cD9ae8RvckJVzng8ricG0J7MWxKXbxOtLVmacxbSHT3wArHUv7HBfyPPqbbL48NVQ/0?wx_fmt=jpeg","title":"2020年东师锅协实习经验分享汇总","desc":"前人之言可贵之处在于当你自己去经历时少一点迷茫，使你更有底气和动力，让我们一起听听他们怎么说吧!","url":"https://mp.weixin.qq.com/s/HZYDXg7eiGSW16pNM0cW2w"},{"cover":"http://mmbiz.qpic.cn/mmbiz_jpg/lQhACzFH1tic6lacRv3EQibeAEsWb06OuGic3e6ibVhJMURFYPzqAuzPSlyr04Xu7yK9fjqGx3IsdxvxkYOpDL0k9A/0?wx_fmt=jpeg","title":"介绍 | 锅庄舞协会第十三届干部","desc":"你好，十三岁的锅协! 这一年，请多多指教啊~! —— 全体干部","url":"https://mp.weixin.qq.com/s/aFGt0b86OuaGFYlKXNMRzQ"},{"cover":"http://mmbiz.qpic.cn/mmbiz_jpg/lQhACzFH1t9icBMXjWfWkvuiaicfhyibaN7899Zqpxz9e7Lc1eXicPgaZLZjxeykSnwiaibIqlLt3GGZZOQMSnlfvIIyA/0?wx_fmt=jpeg","title":"入学生活攻略丨新生开学必备知识点","desc":"萌新们快看过来，满满干货~不容错过!","url":"https://mp.weixin.qq.com/s/OXSFQxsClLmVC83z9Q90yA"},{"cover":"http://mmbiz.qpic.cn/mmbiz_jpg/lQhACzFH1tibemgX9lcUk4zwgjxHqpBpRJ1qrPjyOE3lsxBKmiaic9laqNklglt2LhmNuGSClSxv18icESibAX9D1hg/0?wx_fmt=jpeg","title":"东北师范大学致全体高三毕业生的一封信","desc":null,"url":"https://mp.weixin.qq.com/s/ZY6EY26PaFGludI71KF8Qg"},{"cover":"http://mmbiz.qpic.cn/mmbiz_jpg/lQhACzFH1t9fnkRHiaj6Zk2BhGNFiauYDaO7Ot793TZdVNgKhwtkTC4nTubbcVrkaXLlUAhaBCFep6nib2iaDTLROw/0?wx_fmt=jpeg","title":"东师第十二届藏文化节","url":"https://mp.weixin.qq.com/s/TSk37yoVVPd2bBBYeW4XWA"},{"cover":"http://mmbiz.qpic.cn/mmbiz_jpg/lQhACzFH1t8NwnLiatGgq4bha6uxuxq8K5ppR2W373jqiaOQzlicr9qUm8ysks2AVQxwzYlY6Hou8iabGvDeVjK8TQ/0?wx_fmt=jpeg","title":"藏生趣味运动会","desc":"藏生趣味运动会 energetic  朝气蓬勃，活力四射👏 👏 👏 👏 👏 👏","url":"https://mp.weixin.qq.com/s/8WmrzXAtlxjAFk8hHC0YQA"}]}