{"name":"东北师范大学职业与继续教育学院","desc":"发布学院信息","id":"nenuyc","logo":"https://mp.innenu.com/img/media/vocation.png","qrcode":"https://mp.innenu.com/img/media/vocation-wechat.jpg","article":[{"cover":"http://mmbiz.qpic.cn/mmbiz_jpg/HIgMKoC4BOUcH4axtQc53JcJVnVwhyicmMzfqjyOhHP3364DgMNXeibUc5qBP7XHHvUjUlibYrjMoDXDFIxeMxqZg/0?wx_fmt=jpeg","title":"2021年秋季东北师范大学现代远程教育校外授权学习中心","desc":"2021年秋季东北师范大学现代远程教育校外授权学习中心在这里!","url":"https://mp.weixin.qq.com/s/Q0rUeOFZUVu4eFtk0oGh2Q"},{"cover":"http://mmbiz.qpic.cn/mmbiz_jpg/HIgMKoC4BOX3uNUCPRvI0LZ1C9NNzmNwLczr9icLTBlibs9EYtSodKpOjsPFZtw9B6RicpfickwHvEic2Arqp1kn2Qw/0?wx_fmt=jpeg","title":"毕业论文丨关于我校2107批次毕业论文写作的通知","desc":"参加2107批次毕业论文写作的同学们看这里!","url":"https://mp.weixin.qq.com/s/uoP-HX1YxNr10uqCLXPhPA"},{"cover":"http://mmbiz.qpic.cn/mmbiz_jpg/HIgMKoC4BOXIL7I1vwOJ0zUIjPo9tibqkORupls89spReed6xBfDdYQul3wg4VowIdrVHttv19HLiaLozzNHmWxw/0?wx_fmt=jpeg","title":"学位论文丨关于东北师范大学2108批次学位论文初稿写作开始的通知","desc":"21秋学期2108批次学位论文开始啦!","url":"https://mp.weixin.qq.com/s/vh1neTfqmrOJ55KYXDGohw"},{"cover":"http://mmbiz.qpic.cn/mmbiz_jpg/HIgMKoC4BOXIL7I1vwOJ0zUIjPo9tibqkFU1RH7KqXBULdcuSlQgmSnNNAeb6UAxAL9UB0NG6I1k9VD1cRTywcw/0?wx_fmt=jpeg","title":"关于我校计算机科学与技术专业引领式学习课程作业考核题目发布的通知","desc":"点击上方蓝字关注我们~各学习中心、同学们: 《JavaScript基础与应用》、《HTML5开发基础与应用》、","url":"https://mp.weixin.qq.com/s/MH5vi8K6vTrbYdWZ7I5T4g"},{"cover":"http://mmbiz.qpic.cn/mmbiz_jpg/HIgMKoC4BOWPQKQPCcMic16qFWG5ZPPg2iaKicib7sk1p1KFlTsPMTCP2sl7CsV5PthRm7PCReODriaAhKEK9zZLuibg/0?wx_fmt=jpeg","title":"统考丨转发网考电函[2021]50 号丨关于2021年9月统考部分考点停考、地址变更等紧急通知","desc":"2021年9月统考部分考点停考、地址变更等紧急通知，参加9月统考的同学们速速来看!","url":"https://mp.weixin.qq.com/s/P1JoBjXVz4V1_bmNKSxgNA"},{"cover":"http://mmbiz.qpic.cn/mmbiz_jpg/HIgMKoC4BOU7yiaB1Q7ePdVlYOGMeibyR7bAMvJLFG6tlV7FOOgAn3nNC8tbDMZ7HqMkbK2icA8ntD15ibntUzA63A/0?wx_fmt=jpeg","title":"关于我校非本省户籍学生报名提供佐证视频材料要求及内容的通知","desc":"非本省户籍学生报读请注意!","url":"https://mp.weixin.qq.com/s/C5U0F1NYLqTKoabUHT74jA"},{"cover":"http://mmbiz.qpic.cn/mmbiz_jpg/HIgMKoC4BOXHFO4eccUpAK5wAUg8ibMU1KDZTuiceVzFm9JVfVmKZ3zL2TPXZfEl2jyxQ94xPzOzqnB0ICjntib0Q/0?wx_fmt=jpeg","title":"关于东北师范大学网络教育奥鹏平台上本科毕业生2021年下半年网上申请学士学位的通知","desc":"2021年下半年申请学位开始啦~","url":"https://mp.weixin.qq.com/s/aPVDzmPj5dvOospT04lFOA"},{"cover":"http://mmbiz.qpic.cn/mmbiz_jpg/HIgMKoC4BOUu3Ur95TCMibsMQgFm2OunDuRph7ibSxG9OXiaoJibQDHJicbPdKtKtGG2ryuGQKO1aY87TclCztxIrIA/0?wx_fmt=jpeg","title":"关于我校2021年春季学期网考课程考前练兵开启的通知","desc":"网考课程的考前辅导资料已上线~","url":"https://mp.weixin.qq.com/s/kjmYN9GfxpK4nL8GpUssLA"},{"cover":"http://mmbiz.qpic.cn/mmbiz_jpg/HIgMKoC4BOVp4wpjzJ5Vo5vV5iamLdIyqApLmkXz7oGlF1Wicffc0asRHaKeV1R1EKQ3WQVkadnsdXicIkgtNqHaQ/0?wx_fmt=jpeg","title":"论文选题丨关于我校2021年秋季学期论文选题安排的通知","desc":"今年秋季论文选题安排在这里!","url":"https://mp.weixin.qq.com/s/mK7Wlvq_E_rjSPMNpQ606w"}]}