{"title":"数学建模协会","author":"Mr.Hope","time":"2021年9月9日","shareable":true,"content":[{"tag":"title","text":"简介"},{"tag":"p","text":["数学建模协会是由数学与统计学院指导的科研实践型社团。协会参与承担了每年承办吉林省大学生数学建模竞赛和协办全国大学生数学建模竞赛的重要工作，并且负责举办数学建模经验交流会。"],"style":"text-indent: 1.5em; "}],"images":[],"id":"guide/association/study/math-modal","scopeData":{"@type":"general","uniq_id":"guide/association/study/math-modal","title":"数学建模协会","digest":"数学建模协会是由数学与统计学院指导的科研实践型社团。协会参与承担了每年承办吉林省大学生数学建模竞赛和协办全国大学生数学建模竞赛的重要工作，并且负责举办数学建模经验交流会。","thumbs":["https://mp.innenu.com/img/inNENU.jpg"],"tags":["简介"]}}