{"title":"校医院联系方式","desc":"信息来源: 校医院官网","time":"2022 年 8 月 1 日","shareable":true,"id":"intro/apt/hospital/phone","cite":["http://hos.nenu.edu.cn/lxwm.htm"],"content":[{"tag":"title","text":"行政联系方式"},{"tag":"phone","fName":"医院(劳资)","num":"0431-85099646","org":"东北师范大学","street":"吉林省长春市人民大街 5268 号","postCode":"130024"},{"tag":"phone","fName":"医院(后勤)","num":"0431-85098513","org":"东北师范大学","street":"吉林省长春市人民大街 5268 号","postCode":"130024"},{"tag":"title","text":"医务联系方式"},{"tag":"phone","fName":"医院医务科","num":"0431-85098632","org":"东北师范大学","street":"吉林省长春市人民大街 5268 号","postCode":"130024"},{"tag":"phone","fName":"医院护理部","num":"0431-85098615","org":"东北师范大学","street":"吉林省长春市人民大街 5268 号","postCode":"130024"},{"tag":"phone","fName":"医院保健科","num":"0431-85098615","org":"东北师范大学","street":"吉林省长春市人民大街 5268 号","postCode":"130024"},{"tag":"phone","fName":"医院健康管理中心(体检)","num":"0431-85098581","org":"东北师范大学","street":"吉林省长春市人民大街 5268 号","postCode":"130024"},{"tag":"title","text":"社区服务"},{"tag":"phone","fName":"社区计免科","num":"0431-85098673","org":"东北师范大学","street":"吉林省长春市人民大街 5268 号","postCode":"130024"},{"tag":"phone","fName":"社区妇保室","num":"0431-85098753","org":"东北师范大学","street":"吉林省长春市人民大街 5268 号","postCode":"130024"},{"tag":"phone","fName":"社区办公室(慢病科)","num":"0431-85098783","org":"东北师范大学","street":"吉林省长春市人民大街 5268 号","postCode":"130024"},{"tag":"title","text":"净月卫生所"},{"tag":"phone","fName":"主任室","num":"84536130","org":"东北师范大学","street":"吉林省长春市人民大街 5268 号","postCode":"130024"},{"tag":"phone","fName":"门诊收款室","num":"84536130","org":"东北师范大学","street":"吉林省长春市人民大街 5268 号","postCode":"130024"},{"tag":"title","text":"其他"},{"tag":"phone","fName":"医院财务科","num":"0431-85099639","org":"东北师范大学","street":"吉林省长春市人民大街 5268 号","postCode":"130024"},{"tag":"phone","fName":"医院住院处","num":"0431-85098329","org":"东北师范大学","street":"吉林省长春市人民大街 5268 号","postCode":"130024"},{"tag":"phone","fName":"医院门诊收款处","num":"0431-85099120","org":"东北师范大学","street":"吉林省长春市人民大街 5268 号","postCode":"130024"},{"tag":"phone","fName":"急诊科","num":"0431-85098120","org":"东北师范大学","street":"吉林省长春市人民大街 5268 号","postCode":"130024"}]}