{"title":"自助终端机","author":"Mr.Hope","time":"2021年11月14日","shareable":true,"content":[{"tag":"title","text":"校园卡自助终端机介绍"},{"tag":"p","text":["如果您想要对校园卡进行各项信息设置、存款和其他功能使用都需要借助自助终端机。自助终端机可以提供卡片挂失、解挂、校园卡密码修改、消费限额设置、校园网缴费、银校转账(银行卡向校园卡转账)、支付宝充值后的写卡、消费流水查询、饮用水激活以及充值等服务。"],"style":"text-indent: 1.5em; "},{"tag":"title","text":"自助终端机位置"},{"tag":"ul","heading":"本部校区","text":["南苑食堂一楼、三楼","图书馆一楼大厅、第二电子阅览室、总还书台","田家炳楼二楼","各寝室楼入口处"]},{"tag":"ul","heading":"净月校区","text":["第一食堂二楼南侧","第二食堂一楼东南位置","图书馆三楼阅览室、四楼阅览室","冬华公寓二楼","各宿舍楼一楼"]},{"tag":"title","text":"现金充值机位置"},{"tag":"ul","heading":"本部校区","text":["三舍 D 区(留学生公寓)"]},{"tag":"ul","heading":"净月校区","text":["留学生公寓二楼"]}],"id":"guide/card/terminal","scopeData":{"@type":"general","uniq_id":"guide/card/terminal","title":"自助终端机","digest":"如果您想要对校园卡进行各项信息设置、存款和其他功能使用都需要借助自助终端机。自助终端机可以提供卡片挂失、解挂、校园卡密码修改、消费限额设置、校园网缴费、银校转账(银行卡向校园卡转账)、支付宝充值后的写卡、消费流水查询、饮用水激活以及充值等服","thumbs":["https://mp.innenu.com/img/inNENU.jpg"],"tags":["校园卡自助终端机介绍","自助终端机位置","现金充值机位置"]}}