{"title":"国协","shareable":true,"content":[{"tag":"account","name":"国协","logo":"https://mp.innenu.com/img/association/NISA.png","desc":"东北师范大学国际学生交流协会"},{"tag":"title","text":"协会简介"},{"tag":"p","text":["国协的全称是东北师范大学国际学生交流协会(NENU International Students Association 即 NISA)。","国协成立于 2007 年，是由东北师范大学国际合作与交流处下设，留学生科具体指导的唯一致力于中外学生交流活动的校级学生组织，也是东北高校中第一个倡导中外学生国际交流活动的学生组织，是校级学生社团之一。"],"style":"text-indent: 1.5em; "},{"tag":"img","src":"https://mp.innenu.com/img/association/NISA.jpg","desc":"NISA 是国际学生交流协会的简称，是 NENU International Students Association 的缩写，NISA 四个字母分别代表了国协的四条协会精神: Normal (表率)、Interactivity (交流)、Sincerity (真诚)、Accountability (责任)"},{"tag":"title","text":"部门简介"},{"tag":"p","heading":"秘书处","text":["主要负责协会制度、内务、报账，同时负责策划协会纳新以及总结大会，协调各部门人员信息表格的制作，筹办各种活动，承担着国协的“管家”职责。"],"style":"text-indent: 1.5em; "},{"tag":"p","heading":"宣传部","text":["宣传部是突显国协风采与特色的窗口，是展示创意与才华的平台。在这里可以参与协会的各种活动，完成电子海报、视频制作、活动摄影、国际学生采访、大型晚会屏幕放映等工作。"],"style":"text-indent: 1.5em; "},{"tag":"p","heading":"网宣部","text":["网宣部肩负着国协网络文化建设和管理的重任，日常工作是微信公众号的运营，定期发推送文章，负责对协会内部举办的各类活动进行前期、后期宣传，并在举办活动时进行实时宣传。每学期有特色推送主题供国际学生及关注者学习，也涉及 QQ、微博的相关运营。"],"style":"text-indent: 1.5em; "},{"tag":"p","heading":"国际部","text":["国际部是由中国学生和国际学生一同组成的部门，负责国协内部资料及宣传资料的翻译，秉着将丰富多彩的世界文化呈现给中国学生的宗旨，举办了多届特色的国际文化节，促进了中国学生与各国学生之间的友好交流。"],"style":"text-indent: 1.5em; "},{"tag":"p","heading":"交流部","text":["交流部主要负责组织开展各式各样的汉语角主题活动，向国际学生同学展示博大精深的汉文化，加深中外学生的情谊，构筑 NISA 对外交流的桥梁。"],"style":"text-indent: 1.5em; "},{"tag":"p","heading":"文艺部","text":["文艺部是国协的才艺担当，主要筹办国际学生新年晚会、毕业晚会等大型晚会，面向国际学生征集晚会节目，协助排练与彩排。与其他部门合作，为其他部门举办的大型活动提供文艺节目。以文艺交友，展国际风采，致美美与共!"],"style":"text-indent: 1.5em; "},{"tag":"p","heading":"体育部","text":["组织策划定向越野、趣味运动会、球类运动会等诸多和国际学生有关的活动。"],"style":"text-indent: 1.5em; "},{"tag":"title","text":"协会活动"},{"tag":"p","heading":"汉语角","text":["汉语角由大型汉语角和小型汉语角两部分组成，是向国际学生宣传中国文化的特色活动，包括“武术”“剪纸”等，以交流沟通为特色，每月举办一次，是国协的特色活动之一。汉语角旨在为国际学生展示汉文化的魅力，同时也为中外学生的交流提供了平台，“东师汉语桥”绝非浪得虚名喔!"],"style":"text-indent: 1.5em; "},{"tag":"p","heading":"国际文化节","text":["在国协，多国风俗文化的碰撞，不同肤色朋友的相会，国际文化节足够让你身处校园就能够体验世界文化。"],"style":"text-indent: 1.5em; "},{"tag":"p","heading":"元旦晚会","text":["伴随着冬日里温暖的阳光，敲响新年的钟声，时光的车轮又留下了一道深深的印痕。"],"style":"text-indent: 1.5em; "},{"tag":"p","heading":"毕业晚会","text":["离别六月，众多不舍。在国协，将思念放到欢声笑语中，让美好在回忆里永存。愿在国协收获一个优秀的你，未来一切如愿!"],"style":"text-indent: 1.5em; "},{"tag":"p","heading":"趣味运动会","text":["运动无国界，在这里，在挥洒汗水与享受运动中收获与留学生的真挚友谊!健康与友人兼得，国协趣味运动会，让这成为可能!"],"style":"text-indent: 1.5em; "}],"cite":[],"id":"guide/association/volunteer/NISA"}