{"title":"校园邮箱","author":"Mr.Hope","time":"2021年11月27日","shareable":true,"content":[{"tag":"title","text":"账号获取"},{"tag":"list","header":false,"content":[{"text":"邮箱账户获取","icon":"apply","path":"guide/account/authorize"}]},{"tag":"text","type":"info","heading":"邮箱默认密码","text":["同统一身份认证，为Nenu + 身份证后六位，X 用 1 代替"]},{"tag":"text","type":"warning","text":["我校邮箱使用网易企业邮，邮箱拥有自己的账号系统。","换言之，您需要在邮箱内部的“设置”中进行密码管理，且该密码不与学校统一身份认证同步。"]},{"tag":"title","text":"登陆地址"},{"tag":"copy","text":"https://mail.nenu.edu.cn/"},{"tag":"text","type":"warning","text":["账号只需输入别名，无需且不要输入 \"@nenu.edu.cn\""]},{"tag":"text","type":"tip","heading":"Mr.Hope の 提示","text":["为了您的安全，建议勾选 \"SSL 安全登录\" 与 \"全程 SSL\"。"]},{"tag":"img","src":"https://mp.innenu.com/img/account/email-login.jpg","desc":"邮箱登录页面"},{"tag":"title","text":"邮箱使用"},{"tag":"text","text":["和其他邮箱一样，学校邮箱并没有什么特殊的功能。","其特殊的 .edu.cn 后缀，是其作为教育邮箱的体现，通过它可以在部分软件、网站上验证学生身份，并获得学生的专属优惠及待遇。"]},{"tag":"img","src":"https://mp.innenu.com/img/account/email.jpg","desc":"网页版邮箱页面"},{"tag":"title","text":"客户端高级设置"},{"tag":"img","src":"https://mp.innenu.com/img/account/emailAdvance.png","desc":"邮件客户端高级设置"}],"id":"guide/account/mail/intro","images":["https://mp.innenu.com/img/account/email-login.jpg","https://mp.innenu.com/img/account/email.jpg","https://mp.innenu.com/img/account/emailAdvance.png"],"scopeData":{"@type":"general","uniq_id":"guide/account/mail/intro","title":"校园邮箱","cover":"https://mp.innenu.com/img/account/email-login.jpg","digest":"邮箱默认密码 同统一身份认证，为Nenu + 身份证后六位，X 用 1 代替我校邮箱使用网易企业邮，邮箱拥有自己的账号系统。 换言之，您需要在邮箱内部的“设置”中进行密码管理，且该密码不与学校统一身份认证同步。账号只需输入别名，无需且不要输","thumbs":["https://mp.innenu.com/img/account/email-login.jpg","https://mp.innenu.com/img/account/email.jpg","https://mp.innenu.com/img/account/emailAdvance.png"],"tags":["账号获取","登陆地址","邮箱使用","客户端高级设置"]}}