{"title":"物理学院","time":"2022 年 7 月 23 日","shareable":true,"id":"intro/school/physics/index","author":"Mr.Hope","cite":[],"content":[{"tag":"account","name":"物理学院","logo":"https://mp.innenu.com/img/media/phy.jpg","detail":"东北师范大学物理学院","wxid":"nenuphy","wxcode":"https://mp.innenu.com/img/media/phy-wechat.jpg","account":"phy","location":{"latitude":43.86133,"longitude":125.33095},"site":"http://www.phy.nenu.edu.cn/"},{"tag":"list","items":[{"text":"学院简介","icon":"about","path":"intro/school/physics/intro"},{"text":"专业介绍","icon":"intro","path":"intro/school/physics/enroll"}]},{"tag":"list","header":"优秀毕业生建议","items":[{"text":"顾卓成","icon":"idea","path":"guide/advice/physics/gu"},{"text":"张歌扬","icon":"idea","path":"guide/advice/physics/zhang"}]}]}