{"title":"心理学院","grey":true,"author":"Mr.Hope","time":"2021年11月22日","shareable":true,"content":[["account",{"name":"心理学院","logo":"https://mp.innenu.com/img/media/psychology.png","detail":"东北师范大学心理学院","wxid":"gh_b8263d1e2906","wxcode":"https://mp.innenu.com/img/media/psychology-qrcode.jpg","account":"psychology","location":{"latitude":43.863147,"longitude":125.328065},"mail":"psy@nenu.edu.cn","site":"https://psy.nenu.edu.cn/"}],["list",{"content":[{"text":"学院简介","icon":"about","path":"intro/school/psychology/intro"},{"text":"专业介绍","icon":"intro","path":"intro/school/psychology/enroll"}]}]],"cite":[],"id":"intro/school/psychology/index"}