{"title":"心理学(公费师范)专业介绍","desc":"来源: 2021年本科招生指南","time":"2021年8月15日","shareable":true,"content":[["title",{"text":"专业简介"}],["p",{"text":["为公费师范方向，旨在培养德智体全面发展的具备心理学及相关学科的基本理论、专业知识与技能的优秀心理学教学人才。本专业实行本硕一体化培养，学生本科毕业后，经考核符合要求者可直接攻读教育硕士专业学位研究生。"],"style":"text-indent: 1.5em; "}],["title",{"text":"主干课程"}],["ul",{"text":["人体解剖生理学","普通心理学","发展心理学","教育心理学","教育与心理统计","实验心理学","心理学史","社会心理学","心理测量学","人格心理学","社会科学数据分析","认知心理学","生理心理学","咨询心理学","营销心理学","认知神经科学导论","心理健康教育","心理学研究方法"]}],["title",{"text":"就业方向"}],["p",{"text":["按国家师范生公费教育政策，从事基础教育工作。"],"style":"text-indent: 1.5em; "}]],"cite":[],"id":"intro/school/psychology/normal"}