{"title":"绩点","author":"Mr.Hope","time":"2021年8月15日","shareable":true,"content":[{"tag":"title","text":"绩点介绍"},{"tag":"text","heading":"什么是绩点","text":["国外称为 GPA，国内有些学校成为学分绩，这是个让学霸爱，学渣恨的一个东西，是从外国引进的，用于表彰您的大学成绩。不同学校绩点算法可能存在差异。"]},{"tag":"title","text":"课程绩点算法"},{"tag":"p","heading":"课程绩点 ＝ 学分 × ( (考核成绩 － 60) ÷ 10 ＋ 1) × 难度系数","text":["其中难度系数依据课程编码，课程编码 200 - 399 为较易的课程，难度系数为 1；400 - 599 为较难的课程，难度系数为 1.2。"],"style":"text-indent: 1.5em; "},{"tag":"ul","text":["课程编码可以登陆教务系统在成绩查询中获取。目前有个别学院调整了旗下相关课程的难度系数，部分课程不再拥有难度系数，部分课程增加了难度系数。最终的难度系数以学院办公室公布与教务系统计算为准。如果想获得准确的课程难度系数，请致电学院教务秘书。","课程绩点其实只在最终毕业时的成绩单档案体现，在大学四年中频繁打交道的，是后文的平均学分绩点。","通过绩点的计算方式可以看出，课程的绩点和课程成绩、课程学分以及课程的难度系数相关。"],"style":"font-size: 14px;color: #888;"},{"tag":"title","text":"平均学分绩点"},{"tag":"text","heading":"Σ 绩点(所有科目绩点之和) / Σ 学分(所有科目学分之和)","text":["通俗点说就是所修课程绩点之和除以所修课程学分之和(有的学院会不算选修课)，叫平均学分绩点(平均绩点)。它是学期学年排名依据，评奖学金的依据，也是有些学院保研依据。(有些院系计算时只算专业必修课，有的院系排除通识选修课，有的院系排除所有的选修课，有的院系全都算)。大学四年中，您会频繁跟它打交道，它说白了，也就是您的平均成绩(÷10再-5)。","您可以到图书馆自助打印机那里查看或打印成绩单，即可很轻松的获得；另外每个学期开学，您也可以去找辅导员来查看您上学期或是自开学以来的平均绩点。我校绩点是 5.0 制。","平均学分绩点是和学位证挂钩的。学校规定平均学分绩点低于 2.0 者只有毕业证没有学位证。所以，60 分万岁只是一个梦，要真都获得 60 分就GG了。所以如果您已经大二、大三，现在成绩还都是 60 多分的话，就要长点心了。"]}],"images":[],"id":"guide/study/gpa","scopeData":{"@type":"general","uniq_id":"guide/study/gpa","title":"绩点","digest":"什么是绩点 国外称为 GPA，国内有些学校成为学分绩，这是个让学霸爱，学渣恨的一个东西，是从外国引进的，用于表彰您的大学成绩。不同学校绩点算法可能存在差异。课程绩点 ＝ 学分 × ( (考核成绩 － 60) ÷ 10 ＋ 1) × 难度系数","thumbs":["https://mp.innenu.com/img/inNENU.jpg"],"tags":["绩点介绍","课程绩点算法","平均学分绩点"]}}