{"title":"转专业","author":"Mr.Hope","time":"2021年11月22日","shareable":true,"content":[["title",{"text":"本科生转专业"}],["list",{"content":[{"text":"相关公告","desc":"2021年","icon":"notice","path":"guide/change-major/notice"},{"text":"全日制本科生转专业实施办法","desc":"官方文件","icon":"contract","path":"guide/change-major/rule"},{"text":"本科生转专业实施办法解读","icon":"intro","path":"guide/change-major/explain"},{"text":"本科生转专业执行流程","icon":"flow","path":"guide/change-major/flow"},{"text":"本科生转专业准入细则","icon":"alert","path":"guide/change-major/requirement"},{"text":"常见问题","icon":"faq","path":"guide/change-major/faq"},{"text":"Mr.Hope の个人建议","icon":"idea","path":"guide/change-major/advice"}]}],["title",{"text":"转专业公示名单"}],["text",{"type":"info","text":["以下信息为“公开公示信息”，不涉及到个人隐私之说，仅供热门专业、人数的参考。"]}],["doc",{"name":"2021年转专业公示名单","url":"https://mp.innenu.com/file/study/switch-major-2021.xlsx","icon":"xls"}],["doc",{"name":"2020年转专业公示名单","url":"https://mp.innenu.com/file/study/switch-major-2020.xlsx","icon":"xls"}]],"cite":[],"id":"guide/change-major/index"}