{"title":"服务办理","author":"Mr.Hope","time":"2021年9月11日","grey":true,"shareable":true,"content":[{"tag":"list","header":"东师日常","content":[{"text":"障碍报修","icon":"wrench","path":"guide/action/repair"},{"text":"班车激活","icon":"bus","path":"guide/action/bus"}]},{"tag":"list","header":"学习相关","content":[{"text":"本科生选课","icon":"select","path":"guide/action/select"},{"text":"本科生补考、免修","icon":"exemption","path":"guide/action/exemption"},{"text":"本科生缓考","icon":"time","path":"guide/action/aftertake"},{"text":"本科生试卷查阅","icon":"search","path":"guide/action/test-recheck"},{"text":"本科生转专业","icon":"degree","path":"guide/action/change-major"},{"text":"本科交流成绩认定","icon":"change","path":"guide/action/exchange-score"},{"text":"本科入学资格复查","icon":"plan","path":"guide/action/school-roll"},{"text":"本科生处分","icon":"punish","path":"guide/action/sanction"},{"text":"本部图书馆学术沙龙座位预约","icon":"time","path":"guide/action/benbu-salon"},{"text":"毕业生图书馆离校手续办理","icon":"leave","path":"guide/action/library-leave"},{"text":"博士生申请国际学术会议资助","icon":"apply","path":"guide/action/doctor-conference"}]},{"tag":"list","header":"证件与材料","content":[{"text":"学生证补办","icon":"lost","path":"guide/action/student-id"}]}],"images":[],"id":"guide/action/index","scopeData":{"@type":"general","uniq_id":"guide/action/index","title":"服务办理","digest":"","thumbs":["https://mp.innenu.com/img/inNENU.jpg"],"tags":[]}}