{"title":"毕业生图书馆离校手续办理","author":"Mr.Hope","time":"2021年11月23日","shareable":true,"cite":["http://my.nenu.edu.cn/hallIndex/showAppDetail?appid=532f17eb1da449dfa33816b2e51626a2"],"content":[{"tag":"text","text":["本服务需要到图书馆办理，地点为本部图书馆118室、净月图书馆302室。"]},{"tag":"title","text":"执行流程"},{"tag":"img","src":"https://mp.innenu.com/img/action/library-leave.png"},{"tag":"title","text":"相关文件"},{"tag":"doc","name":"本科生离校通知单","url":"https://mp.innenu.com/file/action/undergraduate-leave.docx","icon":"doc"},{"tag":"doc","name":"研究生离校通知单","url":"https://mp.innenu.com/file/action/postgraduate-leave.docx","icon":"doc"}],"id":"guide/action/library-leave","images":["https://mp.innenu.com/img/action/library-leave.png"],"scopeData":{"@type":"general","uniq_id":"guide/action/library-leave","title":"毕业生图书馆离校手续办理","cover":"https://mp.innenu.com/img/action/library-leave.png","digest":"本服务需要到图书馆办理，地点为本部图书馆118室、净月图书馆302室。","thumbs":["https://mp.innenu.com/img/action/library-leave.png"],"tags":["执行流程","相关文件"]}}