{"title":"校医院西门","author":"Mr.Hope","time":"2020年9月1日","content":[{"tag":"title","text":"简介"},{"tag":"p","text":["这个门正对着校医院，出了门就是地铁一号线东北师范大学站 C 口。平时还会有一个卖地瓜和玉米的老大爷在这。"],"style":"text-indent: 1.5em; "}],"images":[],"id":"map/benbu/gate/hospital-west","scopeData":{"@type":"general","uniq_id":"map/benbu/gate/hospital-west","title":"校医院西门","digest":"这个门正对着校医院，出了门就是地铁一号线东北师范大学站 C 口。平时还会有一个卖地瓜和玉米的老大爷在这。","thumbs":["https://mp.innenu.com/img/inNENU.jpg"],"tags":["简介"]}}