{"title":"西门(正门)","author":"Mr.Hope","time":"2020年9月1日","photo":["https://mp.innenu.com/img/scenery/benbu/gate/west1.jpg","https://mp.innenu.com/img/scenery/benbu/gate/west2.jpg","https://mp.innenu.com/img/scenery/benbu/gate/west3.jpg"],"content":[{"tag":"title","text":"简介"},{"tag":"p","text":["西门也是学校的正门，进门正对着就是学校的图书馆。"],"style":"text-indent: 1.5em; "}],"id":"map/benbu/gate/west","scopeData":{"@type":"general","uniq_id":"map/benbu/gate/west","title":"西门(正门)","digest":"西门也是学校的正门，进门正对着就是学校的图书馆。","thumbs":["https://mp.innenu.com/img/inNENU.jpg"],"tags":["简介"]}}