{"title":"本科招生历史信息","grey":true,"author":"Mr.Hope","time":"2021年11月21日","shareable":true,"content":[{"tag":"list","header":"本科招生专业","items":[{"text":"2020 年本科开设专业","icon":"intro","path":"intro/enroll/under/major/2020"},{"text":"2019 年本科开设专业","icon":"intro","path":"intro/enroll/under/major/2019"}]},{"tag":"list","header":"本科招生章程","items":[{"text":"2020 年本科招生章程","icon":"intro","path":"intro/enroll/under/rule/2020"},{"text":"2019 年本科招生章程","icon":"intro","path":"intro/enroll/under/rule/2019"}]}],"cite":[],"id":"intro/enroll/under/history"}