{"title":"校团委规章制度","desc":"信息来源: 校团委官网","time":"2021年12月3日","shareable":true,"content":[["title",{"text":"办事流程"}],["img",{"src":"https://mp.innenu.com/img/apartment/huodong.png","desc":"团委学生活动室借用流程"}],["img",{"src":"https://mp.innenu.com/img/apartment/tuanweiyin.jpg","desc":"团委验印流程"}],["img",{"src":"https://mp.innenu.com/img/apartment/outdoorActivity.jpg","desc":"学生户外文化活动申报流程"}],["title",{"text":"重要文件"}],["doc",{"name":"团员教育管理工作条例","url":"https://mp.innenu.com/file/youth-league/rule.pdf","icon":"pdf"}],["title",{"text":"相关文件"}],["doc",{"name":"校团委用印申请表","url":"https://mp.innenu.com/file/youth-league/seal.docx","icon":"doc"}],["doc",{"name":"北苑B16多功能厅借用协议","url":"https://mp.innenu.com/file/youth-league/b16.docx","icon":"doc"}],["doc",{"name":"北苑餐厅学生活动场地借用申请表","url":"https://mp.innenu.com/file/youth-league/beiyuan.docx","icon":"doc"}]],"cite":[],"id":"intro/apt/youth-league/manage","images":["https://mp.innenu.com/img/apartment/huodong.png","https://mp.innenu.com/img/apartment/tuanweiyin.jpg","https://mp.innenu.com/img/apartment/outdoorActivity.jpg"]}