{"title":"学科学术","desc":"来源: 教育学部官网","time":"2021年11月26日","shareable":true,"cite":["http://edu.nenu.edu.cn/xkxs/xkbj1/zyxkfx.htm"],"content":[{"tag":"list","content":[{"text":"国家重点学科","path":"intro/school/education/national"},{"text":"省级重点学科","path":"intro/school/education/province"}]},{"tag":"img","src":"https://mp.innenu.com/img/apartment/education-subject.jpg","desc":"主要学科方向"}],"id":"intro/school/education/subject","images":["https://mp.innenu.com/img/apartment/education-subject.jpg"],"scopeData":{"@type":"general","uniq_id":"intro/school/education/subject","title":"学科学术","cover":"https://mp.innenu.com/img/apartment/education-subject.jpg","digest":"","thumbs":["https://mp.innenu.com/img/apartment/education-subject.jpg"],"tags":["学科学术"]}}