{"title":"烘焙坊","desc":"特别鸣谢小艺学长提供部分照片","author":"Mr.Hope","time":"2021年11月19日","shareable":true,"content":[{"tag":"title","text":"校内位置"},{"tag":"location","title":"本部烘焙坊","points":[{"latitude":43.825126,"longitude":125.424799,"name":"宏城烘焙坊","detail":"二食堂一楼"}]},{"tag":"carousel","images":["https://mp.innenu.com/img/shop/jingyue-cake1.jpg","https://mp.innenu.com/img/shop/jingyue-cake2.jpg"]},{"tag":"title","text":"校外"},{"tag":"text","text":["暂无信息"]}],"images":[],"id":"guide/life/bake/jingyue","scopeData":{"@type":"general","uniq_id":"guide/life/bake/jingyue","title":"烘焙坊","digest":"暂无信息","thumbs":["https://mp.innenu.com/img/inNENU.jpg"],"tags":["校内位置","校外"]}}