{"title":"净月水果店","time":"2022 年 6 月 27 日","shareable":true,"id":"guide/life/fruit/jingyue","author":"Mr.Hope","cite":[],"content":[{"tag":"title","text":"校内"},{"tag":"ul","text":["浴池旁","二食堂一楼 (超市入口附近)","二食堂二楼基本餐楼层"]},{"tag":"img","src":"https://mp.innenu.com/img/shop/jingyue-fruit-1.jpg","desc":"水果店，位于二食堂一楼"},{"tag":"img","src":"https://mp.innenu.com/img/shop/jingyue-fruit-2.jpg","desc":"水果店，位于二食堂二楼"},{"tag":"title","text":"校外"},{"tag":"text","text":["雕塑门对面"]}]}