{"title":"心理学 (公费师范) 专业介绍","desc":"来源: 2022 年本科招生指南","time":"2022 年 7 月 14 日","cite":["https://book.eol.cn/books/cusm/mobile/index.html"],"shareable":true,"content":[{"tag":"title","text":"专业简介"},{"tag":"p","text":["为公费师范方向，旨在培养德智体美劳全面发展的具备心理学及相关学科基本理论、专业知识与技能的优秀心理学教学人才。本专业实行本硕一体化培养，学生本科毕业后，经考核符合要求者可直接攻读教育硕士专业学位研究生。"]},{"tag":"title","text":"主干课程"},{"tag":"ul","text":["心理学导论","发展心理学","教育心理学","心理统计学","实验心理学","心理学史","社会心理学","心理测量学","人格心理学","社会科学数据分析","认知心理学","生理心理学","咨询心理学","心理健康教育","心理学研究方法"]},{"tag":"title","text":"学费价格"},{"tag":"text","text":["无，国家公费培养"]},{"tag":"title","text":"就业方向"},{"tag":"p","text":["按国家师范生公费教育政策，从事基础教育工作。"]}],"id":"intro/school/psychology/normal"}