{"title":"心理学专业介绍","desc":"来源: 2022 年本科招生指南","time":"2022 年 7 月 14 日","cite":["https://book.eol.cn/books/cusm/mobile/index.html"],"shareable":true,"content":[{"tag":"title","text":"专业简介"},{"tag":"p","text":["通过教育部师范专业二级认证，旨在培养德智体美劳全面发展、具备心理学及相关学科基本理论、专业知识与技能的优秀心理学科学研究拔尖人才和卓越教学人才，为相关学科输送高质量的研究生生源。同时为高等院校、政府机关、医疗机构、公安司法部门、营销公司等企事业单位培养从事心理健康教育、心理咨询服务、人力资源与管理、心理学应用等工作的专门人才。本专业实行本硕博一体化培养，学业优秀者可直接推荐免试攻读硕士、博士学位研究生。学生毕业后可选择从事教师职业，也可选择继续攻读研究生，或从事其他心理学相关职业。"],"style":";display: inline-block"},{"tag":"title","text":"主干课程"},{"tag":"ul","text":["心理学导论","发展心理学","教育心理学","心理统计学","实验心理学","心理学史","社会心理学","心理测量学","人格心理学","社会科学数据分析","认知心理学","生理心理学","咨询心理学","营销心理学","认知神经科学导论","心理健康教育","心理学研究方法"]},{"tag":"title","text":"学费价格"},{"tag":"text","text":["3850 元/年"]},{"tag":"title","text":"就业方向"},{"tag":"p","text":["在高等教育院校及科研院所心理学与脑科学研究；在中小学心理健康教育教学与管理；在企事业单位从事与心理学相关的工作。"],"style":";display: inline-block"}],"id":"intro/school/psychology/psychology"}