{"title":"开学活动","author":"Mr.Hope","time":"2021年11月21日","grey":true,"shareable":true,"content":[["list",{"header":"开学活动","content":[{"text":"体检","icon":"medical-exam","path":"guide/check/medical-examination"},{"text":"英语分班考试","icon":"english","path":"guide/test/grading-exam"},{"text":"体测考试","icon":"basketball","path":"guide/test/pe-test/index"}]}],["list",{"header":"其他活动","content":[{"text":"军训介绍","icon":"intro","path":"guide/activity/military/intro"},{"text":"军训详情","icon":"detail","path":"guide/activity/military/detail"}]}]],"cite":[],"id":"guide/activity/index"}