{"title":"研究生开学活动","time":"2022 年 8 月 5 日","grey":true,"shareable":true,"id":"guide/activity/post","author":"Mr.Hope","cite":[],"content":[{"tag":"list","header":"重要活动","items":[{"text":"体检","icon":"medical-exam","path":"guide/check/medical-examination"},{"text":"导师选择","icon":"change","path":"guide/activity/choose"}]},{"tag":"list","header":"其他活动","items":[{"text":"银行卡办理","icon":"card","path":"guide/activity/bank-card"}]},{"tag":"list","header":"征兵工作","items":[{"text":"征兵工作实施细则","icon":"rule","path":"guide/activity/conscription/rule"},{"text":"参军入伍待遇解释","icon":"idea","path":"guide/activity/conscription/explain"}]}]}