{"title":"洗衣机","author":"Mr.Hope","time":"2021年11月24日","shareable":true,"content":[{"tag":"text","type":"info","text":["洗衣机是通过刷校园卡来进行使用的。"]},{"tag":"img","src":"https://mp.innenu.com/img/dorm/washer.jpg"},{"tag":"title","text":"使用方法"},{"tag":"ul","type":"info","heading":"插卡前请确认","text":["放置好衣物，加注好洗涤剂","确认水龙头已开启","将洗衣机上盖置于关闭状态"]},{"tag":"p","type":"info","heading":"插卡消费说明","text":["连续插卡几次可以在多种洗涤程序之间切换，对应挡位功能与价格请见洗衣机旁的提示。","连续插卡时间间隔为3秒，即读卡器开始倒计时后才能再次插卡，屏幕会显示插卡的累积消费金额。","最后一次插卡请将卡片插入卡槽不要拔出，待倒计时结束后洗衣机发出“嘀”的声响时再将卡片拔出，此时读卡器会显示卡内余额，即交易成功。插卡结束5秒后洗衣程序自动开启。"],"style":"text-indent: 1.5em; "},{"tag":"img","src":"https://mp.innenu.com/img/dorm/washer-guide.jpg","desc":"洗衣机使用指南，请以使用的洗衣机提示为准"},{"tag":"text","type":"tip","heading":"如何插卡","text":["倒计时默认为五秒，连续插卡间隔为三秒。","如果要使用洗涤程序的话，请插入卡等待屏幕显示金额，开始五秒倒计时。屏幕出现相应显示后，快速将卡拔出短暂停顿，再次插入(此过程一定要在三秒内，即一定在倒计时变为两秒前完成)。这时金额会增加，开始新一轮倒计时。重复过程，当金额达到期望值之后不要拔出卡片，倒计时归零即成功扣费。"]},{"tag":"p","type":"tip","heading":"插卡失误","text":["操作失误后只需将卡拔出等待倒计时结束重新操作即可。"],"style":"text-indent: 1.5em; "},{"tag":"ol","heading":"常见的操作失误有以下两种","text":["卡片插入过晚(倒计时已经变为 2)，此时插入无效。","卡片拔出时间过短(显示金额未增加)，此时卡机未识别卡片拔出并重新插入的过程。这种情况下只需在倒计时归零前将卡片拔出，即可避免扣费。只有倒计时归零时卡机才会对插入的卡按照显示金额进行扣费，请同学们不用担心。"]},{"tag":"title","text":"小贴士"},{"tag":"text","text":["Mr.Hope 为您准备了洗衣技巧，强烈建议您查看。"]},{"tag":"list","header":false,"content":[{"text":"洗衣贴士","path":"guide/tip/washing/index"}]},{"tag":"title","text":"Mr.Hope の碎碎念"},{"tag":"text","type":"warning","heading":"洗衣机不是什么都能洗的","text":["尽管 Mr.Hope 了解并理解有些同学来大学前衣食起居全由父母照顾，但是洗衣机是不能洗鞋的! 也不适合洗内裤和袜子! 更不能把内裤、牛仔裤、袜子和鞋一起洗! 🤡","请尤其记得，用它来洗内衣内裤是你个人的卫生问题，但是用它来洗袜子造成他人真菌交叉感染、洗鞋造成洗衣机内细菌增多是大家的问题。"]}],"id":"guide/dorm/detail/washer","images":["https://mp.innenu.com/img/dorm/washer.jpg","https://mp.innenu.com/img/dorm/washer-guide.jpg"],"scopeData":{"@type":"general","uniq_id":"guide/dorm/detail/washer","title":"洗衣机","cover":"https://mp.innenu.com/img/dorm/washer.jpg","digest":"洗衣机是通过刷校园卡来进行使用的。插卡前请确认 放置好衣物，加注好洗涤剂 确认水龙头已开启 将洗衣机上盖置于关闭状态插卡消费说明 连续插卡几次可以在多种洗涤程序之间切换，对应挡位功能与价格请见洗衣机旁的提示。 连续插卡时间间隔为3秒，即读卡","thumbs":["https://mp.innenu.com/img/dorm/washer.jpg","https://mp.innenu.com/img/dorm/washer-guide.jpg"],"tags":["使用方法","小贴士","Mr.Hope の碎碎念"]}}