{"title":"学校办公室主任人员信息","author":"Mr.Hope","time":"2021年12月3日","shareable":true,"content":[{"tag":"title","text":"主任"},{"tag":"ul","heading":"邢宇","text":["邮箱: xingyu@nenu.edu.cn","办公地点: 本部校区综合办公楼 408 室","工作职责:\n1．学校办公室全面工作\n2．文件签批\n3．组织安排党委常委会、校长办公会等重要会议\n4．学校办公室经费管理和用款签批"]},{"tag":"ul","heading":"林超","text":["邮箱: linc927@nenu.edu.cn","电话: 0431-84536008","办公地点: 净月校区行政楼 258 室","工作职责:\n1. 做好会议和大型活动的相关筹备、组织工作\n2. 净月校区办公室工作制度、文件等文稿起草工作\n3. 做好净月校区信息收集汇报工作\n4. 做好净月校区一站式服务中心建设工作"]},{"tag":"title","text":"净月校区党工委副书记"},{"tag":"ul","heading":"关继国","text":["邮箱: jgguan@nenu.edu.cn","电话: 0431-84536006","办公地点: 净月校区行政楼258-1室","工作职责:\n1．主管净月校区党工委日常工作；\n2．分管净月校区办公室工作"]},{"tag":"title","text":"副主任"},{"tag":"ul","heading":"钟明","text":["邮箱: zhongm815@nenu.edu.cn","电话: 0431-85098278","办公地点: 本部校区综合办公楼410室","工作职责:\n分管行政事务室、督查室    \n1．对外联络\n2．组织、协调学校相关活动\n3．乡村振兴、对口支援相关工作\n4．协助主任安排党委常委会和校长办公会\n5．协助主任做好督办工作\n6．学校领导联络员工作\n7．完成领导交办的其它工作"]},{"tag":"ul","heading":"刘文健","text":["邮箱: liuwj108@nenu.edu.cn","电话: 0431-85098478","办公地点: 本部校区综合办公楼510室","工作职责:\n分管文秘综合室 \n1．组织参与学校文稿、领导讲话起草工作\n2．组织专项调研工作\n3．完成领导交办的其它工作"]},{"tag":"ul","heading":"黄金丰","text":["邮箱: huangjf187@nenu.edu.cn","电话: 0431-85098378","办公地点: 本部校区综合办公楼507室","工作职责: \n分管信息室、保密工作办公室\n1．负责信息工作、信息公开工作和信息统计工作\n2．负责保密工作办公室日常工作\n3．完成领导交办的其他工作"]},{"tag":"ul","heading":"元修成","text":["邮箱: yxc@nenu.edu.cn","电话: 0431-85098578","办公地点: 本部校区综合办公楼112室","工作职责:\n分管信访室\n1．负责信访事项受理工作\n2．负责信访事项转办、督办工作\n3．负责疑难重大信访事项化解工作\n4．完成领导交办的其他工作"]}],"id":"intro/apt/office/info/leader","scopeData":{"@type":"general","uniq_id":"intro/apt/office/info/leader","title":"学校办公室主任人员信息","digest":"邢宇 邮箱: xingyu@nenu.edu.cn 办公地点: 本部校区综合办公楼 408 室 工作职责:\n1．学校办公室全面工作\n2．文件签批\n3．组织安排党委常委会、校长办公会等重要会议\n4．学校办公室经费管理和用款签批林超 邮箱: l","thumbs":["https://mp.innenu.com/img/inNENU.jpg"],"tags":["主任","净月校区党工委副书记","副主任"]}}