{"title":"全英辩论俱乐部","author":"Mr.Hope","time":"2021年9月16日","shareable":true,"content":[{"tag":"intro","name":"全英辩论俱乐部","logo":"https://mp.innenu.com/img/association/nenudc.png","desc":"英辩，世界万象的窗口，英语提升的良田，思想交流的盛宴。"},{"tag":"title","text":"社团简介"},{"tag":"text","text":["British Parliamentary Debate: Challenging and fascinating!"],"align":"text-align: center;","style":"font-size:18px;"},{"tag":"p","text":["BP Debate起源于英国议会制度，是全世界范围内使用最广泛的辩论规则，也是世界大学生辩论赛WUDC所使用的赛制。BP赛制模拟了议会中不同党派之间的辩论与博弈，辩题涉及政治、经济、社会、法律、个人选择、国际关系等等多个话题，与时事紧密结合，这不但会成为你了解世界的窗口、训练思辨能力的平台，而且会让你在烧脑刺激的竞技游戏中获得满足与惊喜!"],"style":"text-indent: 1.5em; "},{"tag":"title","text":"部门介绍"},{"tag":"text","type":"info","heading":"培训部","text":["训练英辩思维、增加知识量的绝佳好地，各类lecture的主讲人、资料的收集整理人就在这里没错啦~"]},{"tag":"text","type":"info","heading":"新媒体","text":["信息就是资源，TA是搜集各类比赛信息、推送优质新闻的小能手，宣发杠杠滴"]},{"tag":"text","type":"info","heading":"秘书处","text":["与其他学校进行沟通举行联谊比赛，沟通场地、协调"]},{"tag":"title","text":"纳新"},{"tag":"text","text":["Why shall we choose NENU Debate club?"],"align":"text-align: center;","style":"font-size:18px;"},{"tag":"text","text":["在这里","不用担心自己基础不好，因为我们有最基础的手把手教学，以及专业英国外教的指导","不用担心自己不善言辞，因为我们有最轻松的讨论氛围，以及最活跃沙雕的辩友裁判","不用担心自己欠缺知识，因为我们有最丰富的辩论资源，以及众多比赛帮你充分练习","这里不仅有头脑风暴的“战场”，更有文化交流融合的视听说盛宴","这不仅是一条让你应变能力、演讲口才飙升的康庄大道，更是一处助你夺得国家级英辩赛事桂冠的绝佳平台","这是结交辩友，接触大佬的活跃圈子，是逻辑思维碰撞的圣所","所以还在犹豫什么呢? 快来加入英辩社这个大家庭吧!"]}],"images":[],"id":"guide/association/culture/en-debate","scopeData":{"@type":"general","uniq_id":"guide/association/culture/en-debate","title":"全英辩论俱乐部","digest":"British Parliamentary Debate: Challenging and fascinating!BP Debate起源于英国议会制度，是全世界范围内使用最广泛的辩论规则，也是世界大学生辩论赛WUDC所使用的赛制。BP赛制","thumbs":["https://mp.innenu.com/img/inNENU.jpg"],"tags":["社团简介","部门介绍","纳新"]}}