{"title":"史学协会","shareable":true,"content":[{"tag":"title","text":"简介"},{"tag":"p","text":["史学协会致力于为每位热爱历史学的同学提供交流的平台，同时也会定期举办读书会等活动丰富同学们的课余生活。"],"style":"text-indent: 1.5em; "}],"images":[],"id":"guide/association/culture/history","scopeData":{"@type":"general","uniq_id":"guide/association/culture/history","title":"史学协会","digest":"史学协会致力于为每位热爱历史学的同学提供交流的平台，同时也会定期举办读书会等活动丰富同学们的课余生活。","thumbs":["https://mp.innenu.com/img/inNENU.jpg"],"tags":["简介"]}}