{"title":"饮风文学社","shareable":true,"content":[{"tag":"title","text":"简介"},{"tag":"p","text":["饮风文学社由绿窗、原诗社、花园梦儿童文学、采薇四个编辑部合并而成，定期举行诗会、征文活动等，评选出的优秀作品会刊登在当年的杂志上。"],"style":"text-indent: 1.5em; "}],"id":"guide/association/culture/yinfeng","scopeData":{"@type":"general","uniq_id":"guide/association/culture/yinfeng","title":"饮风文学社","digest":"饮风文学社由绿窗、原诗社、花园梦儿童文学、采薇四个编辑部合并而成，定期举行诗会、征文活动等，评选出的优秀作品会刊登在当年的杂志上。","thumbs":["https://mp.innenu.com/img/inNENU.jpg"],"tags":["简介"]}}